[debug] [2026-07-25T18:00:47.276Z] : 
[debug] [2026-07-25T18:00:47.277Z] : ----------------------------------------------------------------------
[debug] [2026-07-25T18:00:47.278Z] : Command:      C:\Program Files\nodejs\node.exe C:\Users\Akash\AppData\Roaming\npm\node_modules\zcatalyst-cli\lib\bin\catalyst.js serve --verbose
[debug] [2026-07-25T18:00:47.278Z] : CLI Version:  1.27.0
[debug] [2026-07-25T18:00:47.278Z] : Platform:     win32
[debug] [2026-07-25T18:00:47.278Z] : Node Version: v24.15.0
[debug] [2026-07-25T18:00:47.278Z] : Time:         Sat Jul 25 2026 23:30:47 GMT+0530 (India Standard Time)
[debug] [2026-07-25T18:00:47.278Z] : ----------------------------------------------------------------------
[debug] [2026-07-25T18:00:47.279Z] : 
[debug] [2026-07-25T18:00:49.879Z] : > authorizing via signed-in user option
[debug] [2026-07-25T18:00:49.881Z] : > command requires scopes: ["ZohoCatalyst.projects.ALL","ZohoCatalyst.apigateway.apis.READ","ZohoCatalyst.apigateway.READ","ZohoCatalyst.segments.ALL","ZohoCatalyst.cache.READ","ZohoCatalyst.cache.CREATE","ZohoCatalyst.cache.DELETE","ZohoCatalyst.projects.ALL","ZohoCatalyst.cron.ALL","ZohoCatalyst.zcql.CREATE","ZohoCatalyst.projects.users.READ","ZohoCatalyst.projects.users.CREATE","ZohoCatalyst.projects.users.DELETE","ZohoCatalyst.projects.users.UPDATE","ZohoCatalyst.authentication.CREATE","ZohoCatalyst.email.CREATE","ZohoCatalyst.tables.ALL","ZohoCatalyst.tables.rows.ALL","ZohoCatalyst.tables.columns.ALL","ZohoCatalyst.tables.bulk.CREATE","ZohoCatalyst.tables.bulk.READ","ZohoCatalyst.folders.ALL","ZohoCatalyst.files.CREATE","ZohoCatalyst.files.READ","ZohoCatalyst.files.DELETE","ZohoCatalyst.functions.ALL","ZohoCatalyst.functions.EXECUTE","ZohoCatalyst.eventlistners.ALL","ZohoCatalyst.eventlisteners.produce","ZohoCatalyst.security.rules.Read","ZohoCatalyst.security.rules.Update","ZohoCatalyst.notifications.mobile","ZohoCatalyst.notifications.web","ZohoCatalyst.search.READ","ZohoCatalyst.mlkit.READ","QuickML.deployment.READ","ZohoCatalyst.pdfshot.execute","ZohoCatalyst.grid.READ","ZohoCatalyst.grid.terminate","ZohoCatalyst.circuits.execution.DELETE","ZohoCatalyst.circuits.execution.READ","ZohoCatalyst.circuits.execute","ZohoCatalyst.appsail.Read","ZohoCatalyst.jobpool.READ","ZohoCatalyst.job.ALL","ZohoCatalyst.nosql.READ","ZohoCatalyst.nosql.rows.ALL"]
[debug] [2026-07-25T18:00:50.048Z] : >>>> HTTP REQUEST : GET https://api.catalyst.zoho.in/baas/v1/project/53638000000013024 

[debug] [2026-07-25T18:00:50.193Z] : <<<< HTTP RESPONSE : 200
Response Headers: {"server":"ZGS","date":"Sat, 25 Jul 2026 18:00:50 GMT","content-type":"application/vnd.catalyst.v2+json","transfer-encoding":"chunked","connection":"keep-alive","x-content-type-options":"nosniff","cache-control":"private,no-cache,no-store,max-age=0,must-revalidate","pragma":"no-cache","expires":"Thu, 01 Jan 1970 00:00:00 GMT","x-frame-options":"DENY","strict-transport-security":"max-age=64072000; includeSubDomains; preload"}

[debug] [2026-07-25T18:00:50.198Z] : >>>> HTTP REQUEST : GET https://api.catalyst.zoho.in/baas/v1/project/53638000000013024/environment 

[debug] [2026-07-25T18:00:50.244Z] : <<<< HTTP RESPONSE : 200
Response Headers: {"server":"ZGS","date":"Sat, 25 Jul 2026 18:00:50 GMT","content-type":"application/vnd.catalyst.v2+json","transfer-encoding":"chunked","connection":"keep-alive","x-content-type-options":"nosniff","cache-control":"private,no-cache,no-store,max-age=0,must-revalidate","pragma":"no-cache","expires":"Thu, 01 Jan 1970 00:00:00 GMT","x-frame-options":"DENY","strict-transport-security":"max-age=64072000; includeSubDomains; preload"}

[debug] [2026-07-25T18:00:50.388Z] : >>>> HTTP REQUEST : GET https://api.catalyst.zoho.in/baas/get-details 
Query params: {"feature_name":"runtime"}

[debug] [2026-07-25T18:00:50.430Z] : <<<< HTTP RESPONSE : 200
Response Headers: {"server":"ZGS","date":"Sat, 25 Jul 2026 18:00:50 GMT","content-type":"application/vnd.catalyst.v2+json","transfer-encoding":"chunked","connection":"keep-alive","x-content-type-options":"nosniff","cache-control":"private,no-cache,no-store,max-age=0,must-revalidate","pragma":"no-cache","expires":"Thu, 01 Jan 1970 00:00:00 GMT","x-frame-options":"DENY","strict-transport-security":"max-age=64072000; includeSubDomains; preload"}

[debug] [2026-07-25T18:00:50.433Z] : >>>> HTTP REQUEST : GET https://api.catalyst.zoho.in/baas/v1/project/53638000000013024/function 
Query params: {"type":"basicio,event,cron,applogic,integration,browser_logic,job"}

[debug] [2026-07-25T18:00:50.489Z] : <<<< HTTP RESPONSE : 200
Response Headers: {"server":"ZGS","date":"Sat, 25 Jul 2026 18:00:50 GMT","content-type":"application/vnd.catalyst.v2+json","transfer-encoding":"chunked","connection":"keep-alive","x-content-type-options":"nosniff","cache-control":"private,no-cache,no-store,max-age=0,must-revalidate","pragma":"no-cache","expires":"Thu, 01 Jan 1970 00:00:00 GMT","x-frame-options":"DENY","strict-transport-security":"max-age=64072000; includeSubDomains; preload"}

[debug] [2026-07-25T18:00:50.493Z] : unknown eol undefined hence skipping check
[debug] [2026-07-25T18:00:50.493Z] : unknown eol undefined hence skipping check
[debug] [2026-07-25T18:00:50.493Z] : unknown eol undefined hence skipping check
[debug] [2026-07-25T18:00:50.494Z] : unknown eol undefined hence skipping check
[debug] [2026-07-25T18:00:50.494Z] : unknown eol undefined hence skipping check
[debug] [2026-07-25T18:00:50.494Z] : unknown eol undefined hence skipping check
[debug] [2026-07-25T18:00:50.503Z] : Node binary for stack node18 is at C:\Program Files\nodejs\node.exe
[debug] [2026-07-25T18:01:22.351Z] : http port : '4200' is not available. Hence port '4201' will be used instead.
[debug] [2026-07-25T18:01:22.351Z] : http port : '4200' is not available. Hence port '4202' will be used instead.
[debug] [2026-07-25T18:01:22.351Z] : http port : '4200' is not available. Hence port '4203' will be used instead.
[debug] [2026-07-25T18:01:22.351Z] : http port : '4200' is not available. Hence port '4204' will be used instead.
[warn] [2026-07-25T18:01:22.389Z] : ‼ skipping serve of function [intelligence-service] since unable to locate python3.9 with the given binary path
[debug] [2026-07-25T18:01:22.738Z] : No API Gateway configuration found. Skipping API Gateway rules
[info] [2026-07-25T18:01:22.742Z] : 
[info] [2026-07-25T18:01:22.742Z] :  >>>>>>>>>>>>>> Basic I/O <<<<<<<<<<<<< 
[info] [2026-07-25T18:01:22.742Z] : i intake-incident: http://localhost:3000/server/intake-incident/execute
[info] [2026-07-25T18:01:22.743Z] : i role-view      : http://localhost:3000/server/role-view/execute
[info] [2026-07-25T18:01:22.743Z] : i flags          : http://localhost:3000/server/flags/execute
[info] [2026-07-25T18:01:22.743Z] : i review-decision: http://localhost:3000/server/review-decision/execute
[info] [2026-07-25T18:01:22.743Z] : i dgp-summary    : http://localhost:3000/server/dgp-summary/execute
[info] [2026-07-25T18:01:22.743Z] : 
[info] [2026-07-25T18:01:22.743Z] : 
[info] [2026-07-25T18:01:22.743Z] :  >>>>>>>>>>>>> Web Client <<<<<<<<<<<<
[info] [2026-07-25T18:01:22.743Z] : i client[ksp-crime-intel-client]: http://localhost:3000/app/
[info] [2026-07-25T18:01:22.743Z] : 
[info] [2026-07-25T18:01:59.675Z] : [1785002519674]  "GET"  "/app/"
[info] [2026-07-25T18:01:59.777Z] : [1785002519777]  "GET"  "/app/.catalyst%5Creload-script.js"
[info] [2026-07-25T18:01:59.924Z] : [1785002519924]  "GET"  "/src/main.tsx"
[info] [2026-07-25T18:02:00.445Z] : [1785002520445]  "GET"  "/logo.svg"
[info] [2026-07-25T18:02:04.745Z] : [1785002524744]  "GET"  "/app/"
[info] [2026-07-25T18:02:05.054Z] : [1785002525053]  "GET"  "/app/.catalyst%5Creload-script.js"
[info] [2026-07-25T18:02:05.117Z] : [1785002525116]  "GET"  "/src/main.tsx"
[info] [2026-07-25T18:02:37.047Z] : [1785002557047]  "GET"  "/"
[info] [2026-07-25T18:02:37.071Z] : [1785002557071]  "GET"  "/app/"
[info] [2026-07-25T18:02:37.130Z] : [1785002557130]  "GET"  "/app/.catalyst%5Creload-script.js"
[info] [2026-07-25T18:02:37.312Z] : [1785002557312]  "GET"  "/src/main.tsx"
[info] [2026-07-25T18:04:11.021Z] : Change(s) is detected in vite.config.ts of the Web-Client.
[info] [2026-07-25T18:04:11.206Z] : Addition of file(s) is detected in node_modules\.vite-temp\vite.config.ts.timestamp-1785002651191-5068d0ed98c82.mjs of the Web-Client.
[info] [2026-07-25T18:04:11.323Z] : Deletion of file(s) is detected in node_modules\.vite-temp\vite.config.ts.timestamp-1785002651191-5068d0ed98c82.mjs of the Web-Client.
[info] [2026-07-25T18:04:11.351Z] : [1785002651351]  "GET"  "/app/"
[info] [2026-07-25T18:04:11.393Z] : [1785002651393]  "GET"  "/app/.catalyst%5Creload-script.js"
[info] [2026-07-25T18:04:11.592Z] : [1785002651592]  "GET"  "/src/main.tsx"
[info] [2026-07-25T18:04:27.404Z] : Change(s) is detected in node_modules\.tmp\tsconfig.app.tsbuildinfo of the Web-Client.
[info] [2026-07-25T18:04:27.725Z] : [1785002667725]  "GET"  "/app/"
[info] [2026-07-25T18:04:27.750Z] : [1785002667750]  "GET"  "/app/.catalyst%5Creload-script.js"
[info] [2026-07-25T18:04:27.781Z] : Change(s) is detected in node_modules\.tmp\tsconfig.node.tsbuildinfo of the Web-Client.
[info] [2026-07-25T18:04:27.991Z] : [1785002667991]  "GET"  "/app/"
[info] [2026-07-25T18:04:28.102Z] : [1785002668102]  "GET"  "/app/.catalyst%5Creload-script.js"
[info] [2026-07-25T18:04:28.130Z] : Addition of file(s) is detected in node_modules\.vite-temp\vite.config.ts.timestamp-1785002668124-2304e0240742c8.mjs of the Web-Client.
[info] [2026-07-25T18:04:28.322Z] : [1785002668322]  "GET"  "/app/"
[info] [2026-07-25T18:04:28.324Z] : [1785002668323]  "GET"  "/src/main.tsx"
[info] [2026-07-25T18:04:28.443Z] : [1785002668442]  "GET"  "/app/.catalyst%5Creload-script.js"
[info] [2026-07-25T18:04:28.510Z] : Deletion of file(s) is detected in node_modules\.vite-temp\vite.config.ts.timestamp-1785002668124-2304e0240742c8.mjs of the Web-Client.
[info] [2026-07-25T18:04:28.901Z] : [1785002668901]  "GET"  "/app/"
[info] [2026-07-25T18:04:28.903Z] : [1785002668902]  "GET"  "/src/main.tsx"
[info] [2026-07-25T18:04:29.569Z] : Change(s) is detected in node_modules\lucide-react\dist\esm\icons\a-arrow-down.mjs.map of the Web-Client.
[info] [2026-07-25T18:04:29.620Z] : Change(s) is detected in node_modules\lucide-react\dist\esm\icons\a-large-small.mjs.map of the Web-Client.
[info] [2026-07-25T18:04:29.620Z] : Change(s) is detected in node_modules\lucide-react\dist\esm\icons\a-arrow-up.mjs.map of the Web-Client.
[info] [2026-07-25T18:04:29.620Z] : Change(s) is detected in node_modules\lucide-react\dist\esm\icons\accessibility.mjs.map of the Web-Client.
[info] [2026-07-25T18:04:29.620Z] : Change(s) is detected in node_modules\lucide-react\dist\esm\icons\activity-square.mjs.map of the Web-Client.
[info] [2026-07-25T18:04:29.620Z] : Change(s) is detected in node_modules\lucide-react\dist\esm\icons\activity-square.mjs of the Web-Client.
[info] [2026-07-25T18:04:29.620Z] : Change(s) is detected in node_modules\lucide-react\dist\esm\icons\ad.mjs.map of the Web-Client.
[info] [2026-07-25T18:04:29.620Z] : Change(s) is detected in node_modules\lucide-react\dist\esm\icons\activity.mjs.map of the Web-Client.
[info] [2026-07-25T18:04:29.620Z] : Change(s) is detected in node_modules\lucide-react\dist\esm\icons\air-vent.mjs.map of the Web-Client.
[info] [2026-07-25T18:04:29.621Z] : Change(s) is detected in node_modules\lucide-react\dist\esm\icons\airplay.mjs.map of the Web-Client.
[info] [2026-07-25T18:04:29.621Z] : Change(s) is detected in node_modules\lucide-react\dist\esm\icons\alarm-clock-check.mjs.map of the Web-Client.
[info] [2026-07-25T18:04:29.621Z] : Change(s) is detected in node_modules\lucide-react\dist\esm\icons\alarm-check.mjs of the Web-Client.
[info] [2026-07-25T18:04:29.621Z] : Change(s) is detected in node_modules\lucide-react\dist\esm\icons\alarm-check.mjs.map of the Web-Client.
[info] [2026-07-25T18:04:29.621Z] : Change(s) is detected in node_modules\lucide-react\dist\esm\icons\alarm-clock-off.mjs.map of the Web-Client.
[info] [2026-07-25T18:04:29.621Z] : Change(s) is detected in node_modules\lucide-react\dist\esm\icons\alarm-clock-minus.mjs.map of the Web-Client.
[info] [2026-07-25T18:04:29.621Z] : Change(s) is detected in node_modules\lucide-react\dist\esm\icons\alarm-clock.mjs.map of the Web-Client.
[info] [2026-07-25T18:04:29.622Z] : Change(s) is detected in node_modules\lucide-react\dist\esm\icons\alarm-clock-plus.mjs.map of the Web-Client.
[info] [2026-07-25T18:04:29.622Z] : Change(s) is detected in node_modules\lucide-react\dist\esm\icons\alarm-plus.mjs of the Web-Client.
[info] [2026-07-25T18:04:29.622Z] : Change(s) is detected in node_modules\lucide-react\dist\esm\icons\alarm-minus.mjs.map of the Web-Client.
[info] [2026-07-25T18:04:29.622Z] : Change(s) is detected in node_modules\lucide-react\dist\esm\icons\alarm-minus.mjs of the Web-Client.
[info] [2026-07-25T18:04:29.622Z] : Change(s) is detected in node_modules\lucide-react\dist\esm\icons\alarm-smoke.mjs.map of the Web-Client.
[info] [2026-07-25T18:04:29.622Z] : Change(s) is detected in node_modules\lucide-react\dist\esm\icons\alarm-plus.mjs.map of the Web-Client.
[info] [2026-07-25T18:04:29.622Z] : Change(s) is detected in node_modules\lucide-react\dist\esm\icons\album.mjs.map of the Web-Client.
[info] [2026-07-25T18:04:29.623Z] : Change(s) is detected in node_modules\lucide-react\dist\esm\icons\alert-circle.mjs of the Web-Client.
[info] [2026-07-25T18:04:29.623Z] : Change(s) is detected in node_modules\lucide-react\dist\esm\icons\alert-octagon.mjs of the Web-Client.
[info] [2026-07-25T18:04:29.623Z] : Change(s) is detected in node_modules\lucide-react\dist\esm\icons\alert-octagon.mjs.map of the Web-Client.
[info] [2026-07-25T18:04:29.623Z] : Change(s) is detected in node_modules\lucide-react\dist\esm\icons\alert-circle.mjs.map of the Web-Client.
[info] [2026-07-25T18:04:29.623Z] : Change(s) is detected in node_modules\lucide-react\dist\esm\icons\alert-triangle.mjs.map of the Web-Client.
[info] [2026-07-25T18:04:29.623Z] : Change(s) is detected in node_modules\lucide-react\dist\esm\icons\align-center-horizontal.mjs.map of the Web-Client.
[info] [2026-07-25T18:04:29.623Z] : Change(s) is detected in node_modules\lucide-react\dist\esm\icons\alert-triangle.mjs of the Web-Client.
[info] [2026-07-25T18:04:29.623Z] : Change(s) is detected in node_modules\lucide-react\dist\esm\icons\align-center-vertical.mjs.map of the Web-Client.
[info] [2026-07-25T18:04:29.623Z] : Change(s) is detected in node_modules\lucide-react\dist\esm\icons\align-center.mjs.map of the Web-Client.
[info] [2026-07-25T18:04:29.623Z] : Change(s) is detected in node_modules\lucide-react\dist\esm\icons\align-center.mjs of the Web-Client.
[info] [2026-07-25T18:04:29.624Z] : Change(s) is detected in node_modules\lucide-react\dist\esm\icons\align-end-horizontal.mjs.map of the Web-Client.
[info] [2026-07-25T18:04:29.624Z] : Change(s) is detected in node_modules\lucide-react\dist\esm\icons\align-end-vertical.mjs.map of the Web-Client.
[info] [2026-07-25T18:04:29.624Z] : Change(s) is detected in node_modules\lucide-react\dist\esm\icons\align-horizontal-distribute-center.mjs.map of the Web-Client.
[info] [2026-07-25T18:04:29.624Z] : Change(s) is detected in node_modules\lucide-react\dist\esm\icons\align-horizontal-distribute-end.mjs.map of the Web-Client.
[info] [2026-07-25T18:04:29.624Z] : Change(s) is detected in node_modules\lucide-react\dist\esm\icons\align-horizontal-distribute-start.mjs.map of the Web-Client.
[info] [2026-07-25T18:04:29.624Z] : Change(s) is detected in node_modules\lucide-react\dist\esm\icons\align-horizontal-justify-center.mjs.map of the Web-Client.
[info] [2026-07-25T18:04:29.624Z] : Change(s) is detected in node_modules\lucide-react\dist\esm\icons\align-horizontal-justify-end.mjs.map of the Web-Client.
[info] [2026-07-25T18:04:29.624Z] : Change(s) is detected in node_modules\lucide-react\dist\esm\icons\align-horizontal-justify-start.mjs.map of the Web-Client.
[info] [2026-07-25T18:04:29.624Z] : Change(s) is detected in node_modules\lucide-react\dist\esm\icons\align-horizontal-space-around.mjs.map of the Web-Client.
[info] [2026-07-25T18:04:29.624Z] : Change(s) is detected in node_modules\lucide-react\dist\esm\icons\align-horizontal-space-between.mjs.map of the Web-Client.
[info] [2026-07-25T18:04:29.624Z] : Change(s) is detected in node_modules\lucide-react\dist\esm\icons\align-left.mjs of the Web-Client.
[info] [2026-07-25T18:04:29.624Z] : Change(s) is detected in node_modules\lucide-react\dist\esm\icons\align-justify.mjs.map of the Web-Client.
[info] [2026-07-25T18:04:29.624Z] : Change(s) is detected in node_modules\lucide-react\dist\esm\icons\align-justify.mjs of the Web-Client.
[info] [2026-07-25T18:04:29.625Z] : Change(s) is detected in node_modules\lucide-react\dist\esm\icons\align-right.mjs.map of the Web-Client.
[info] [2026-07-25T18:04:29.625Z] : Change(s) is detected in node_modules\lucide-react\dist\esm\icons\align-left.mjs.map of the Web-Client.
[info] [2026-07-25T18:04:29.625Z] : Change(s) is detected in node_modules\lucide-react\dist\esm\icons\align-right.mjs of the Web-Client.
[info] [2026-07-25T18:04:29.625Z] : Change(s) is detected in node_modules\lucide-react\dist\esm\icons\align-start-vertical.mjs.map of the Web-Client.
[info] [2026-07-25T18:04:29.625Z] : Change(s) is detected in node_modules\lucide-react\dist\esm\icons\align-start-horizontal.mjs.map of the Web-Client.
[info] [2026-07-25T18:04:29.625Z] : Change(s) is detected in node_modules\lucide-react\dist\esm\icons\align-vertical-distribute-center.mjs.map of the Web-Client.
[info] [2026-07-25T18:04:29.625Z] : Change(s) is detected in node_modules\lucide-react\dist\esm\icons\align-vertical-distribute-end.mjs.map of the Web-Client.
[info] [2026-07-25T18:04:29.625Z] : Change(s) is detected in node_modules\lucide-react\dist\esm\icons\align-vertical-distribute-start.mjs.map of the Web-Client.
[info] [2026-07-25T18:04:29.625Z] : Change(s) is detected in node_modules\lucide-react\dist\esm\icons\align-vertical-justify-center.mjs.map of the Web-Client.
[info] [2026-07-25T18:04:29.625Z] : Change(s) is detected in node_modules\lucide-react\dist\esm\icons\align-vertical-justify-end.mjs.map of the Web-Client.
[info] [2026-07-25T18:04:29.625Z] : Change(s) is detected in node_modules\lucide-react\dist\esm\icons\align-vertical-justify-start.mjs.map of the Web-Client.
[info] [2026-07-25T18:04:29.626Z] : Change(s) is detected in node_modules\lucide-react\dist\esm\icons\align-vertical-space-around.mjs.map of the Web-Client.
[info] [2026-07-25T18:04:29.626Z] : Change(s) is detected in node_modules\lucide-react\dist\esm\icons\align-vertical-space-between.mjs.map of the Web-Client.
[info] [2026-07-25T18:04:29.626Z] : Change(s) is detected in node_modules\lucide-react\dist\esm\icons\ampersand.mjs.map of the Web-Client.
[info] [2026-07-25T18:04:29.626Z] : Change(s) is detected in node_modules\lucide-react\dist\esm\icons\ambulance.mjs.map of the Web-Client.
[info] [2026-07-25T18:04:29.626Z] : Change(s) is detected in node_modules\lucide-react\dist\esm\icons\amphora.mjs.map of the Web-Client.
[info] [2026-07-25T18:04:29.626Z] : Change(s) is detected in node_modules\lucide-react\dist\esm\icons\ampersands.mjs.map of the Web-Client.
[info] [2026-07-25T18:04:29.626Z] : Change(s) is detected in node_modules\lucide-react\dist\esm\icons\angry.mjs.map of the Web-Client.
[info] [2026-07-25T18:04:29.627Z] : Change(s) is detected in node_modules\lucide-react\dist\esm\icons\annoyed.mjs.map of the Web-Client.
[info] [2026-07-25T18:04:29.627Z] : Change(s) is detected in node_modules\lucide-react\dist\esm\icons\anchor.mjs.map of the Web-Client.
[info] [2026-07-25T18:04:29.627Z] : Change(s) is detected in node_modules\lucide-react\dist\esm\icons\aperture.mjs.map of the Web-Client.
[info] [2026-07-25T18:04:29.627Z] : Change(s) is detected in node_modules\lucide-react\dist\esm\icons\anvil.mjs.map of the Web-Client.
[info] [2026-07-25T18:04:29.627Z] : Change(s) is detected in node_modules\lucide-react\dist\esm\icons\antenna.mjs.map of the Web-Client.
[info] [2026-07-25T18:04:29.627Z] : Change(s) is detected in node_modules\lucide-react\dist\esm\icons\app-window-mac.mjs.map of the Web-Client.
[info] [2026-07-25T18:04:29.627Z] : Change(s) is detected in node_modules\lucide-react\dist\esm\icons\app-window.mjs.map of the Web-Client.
[info] [2026-07-25T18:04:29.627Z] : Change(s) is detected in node_modules\lucide-react\dist\esm\icons\apple.mjs.map of the Web-Client.
[info] [2026-07-25T18:04:29.627Z] : Change(s) is detected in node_modules\lucide-react\dist\esm\icons\archive-x.mjs.map of the Web-Client.
[info] [2026-07-25T18:04:29.627Z] : Change(s) is detected in node_modules\lucide-react\dist\esm\icons\archive-restore.mjs.map of the Web-Client.
[info] [2026-07-25T18:04:29.628Z] : Change(s) is detected in node_modules\lucide-react\dist\esm\icons\area-chart.mjs of the Web-Client.
[info] [2026-07-25T18:04:29.628Z] : Change(s) is detected in node_modules\lucide-react\dist\esm\icons\archive.mjs.map of the Web-Client.
[info] [2026-07-25T18:04:29.628Z] : Change(s) is detected in node_modules\lucide-react\dist\esm\icons\area-chart.mjs.map of the Web-Client.
[info] [2026-07-25T18:04:29.629Z] : Change(s) is detected in node_modules\lucide-react\dist\esm\icons\armchair.mjs.map of the Web-Client.
[info] [2026-07-25T18:04:29.630Z] : Change(s) is detected in node_modules\lucide-react\dist\esm\icons\arrow-big-down.mjs.map of the Web-Client.
[info] [2026-07-25T18:04:29.630Z] : Change(s) is detected in node_modules\lucide-react\dist\esm\icons\arrow-big-left.mjs.map of the Web-Client.
[info] [2026-07-25T18:04:29.630Z] : Change(s) is detected in node_modules\lucide-react\dist\esm\icons\arrow-big-left-dash.mjs.map of the Web-Client.
[info] [2026-07-25T18:04:29.630Z] : Change(s) is detected in node_modules\lucide-react\dist\esm\icons\arrow-big-down-dash.mjs.map of the Web-Client.
[info] [2026-07-25T18:04:29.631Z] : Change(s) is detected in node_modules\lucide-react\dist\esm\icons\arrow-big-right-dash.mjs.map of the Web-Client.
[info] [2026-07-25T18:04:29.631Z] : Change(s) is detected in node_modules\lucide-react\dist\esm\icons\arrow-big-right.mjs.map of the Web-Client.
[info] [2026-07-25T18:04:29.631Z] : Change(s) is detected in node_modules\lucide-react\dist\esm\icons\arrow-down-0-1.mjs.map of the Web-Client.
[info] [2026-07-25T18:04:29.632Z] : Change(s) is detected in node_modules\lucide-react\dist\esm\icons\arrow-big-up-dash.mjs.map of the Web-Client.
[info] [2026-07-25T18:04:29.632Z] : Change(s) is detected in node_modules\lucide-react\dist\esm\icons\arrow-big-up.mjs.map of the Web-Client.
[info] [2026-07-25T18:04:29.632Z] : Change(s) is detected in node_modules\lucide-react\dist\esm\icons\arrow-down-01.mjs.map of the Web-Client.
[info] [2026-07-25T18:04:29.632Z] : Change(s) is detected in node_modules\lucide-react\dist\esm\icons\arrow-down-01.mjs of the Web-Client.
[info] [2026-07-25T18:04:29.632Z] : Change(s) is detected in node_modules\lucide-react\dist\esm\icons\arrow-down-10.mjs.map of the Web-Client.
[info] [2026-07-25T18:04:29.632Z] : Change(s) is detected in node_modules\lucide-react\dist\esm\icons\arrow-down-1-0.mjs.map of the Web-Client.
[info] [2026-07-25T18:04:29.632Z] : Change(s) is detected in node_modules\lucide-react\dist\esm\icons\arrow-down-10.mjs of the Web-Client.
[info] [2026-07-25T18:04:29.632Z] : Change(s) is detected in node_modules\lucide-react\dist\esm\icons\arrow-down-a-z.mjs.map of the Web-Client.
[info] [2026-07-25T18:04:29.632Z] : Change(s) is detected in node_modules\lucide-react\dist\esm\icons\arrow-down-az.mjs of the Web-Client.
[info] [2026-07-25T18:04:29.633Z] : Change(s) is detected in node_modules\lucide-react\dist\esm\icons\arrow-down-circle.mjs of the Web-Client.
[info] [2026-07-25T18:04:29.633Z] : Change(s) is detected in node_modules\lucide-react\dist\esm\icons\arrow-down-circle.mjs.map of the Web-Client.
[info] [2026-07-25T18:04:29.633Z] : Change(s) is detected in node_modules\lucide-react\dist\esm\icons\arrow-down-az.mjs.map of the Web-Client.
[info] [2026-07-25T18:04:29.633Z] : Change(s) is detected in node_modules\lucide-react\dist\esm\icons\arrow-down-from-line.mjs.map of the Web-Client.
[info] [2026-07-25T18:04:29.634Z] : Change(s) is detected in node_modules\lucide-react\dist\esm\icons\arrow-down-left-from-circle.mjs of the Web-Client.
[info] [2026-07-25T18:04:29.634Z] : Change(s) is detected in node_modules\lucide-react\dist\esm\icons\arrow-down-left-from-circle.mjs.map of the Web-Client.
[info] [2026-07-25T18:04:29.634Z] : Change(s) is detected in node_modules\lucide-react\dist\esm\icons\arrow-down-left-from-square.mjs.map of the Web-Client.
[info] [2026-07-25T18:04:29.634Z] : Change(s) is detected in node_modules\lucide-react\dist\esm\icons\arrow-down-left-from-square.mjs of the Web-Client.
[info] [2026-07-25T18:04:29.634Z] : Change(s) is detected in node_modules\lucide-react\dist\esm\icons\arrow-down-left-square.mjs.map of the Web-Client.
[info] [2026-07-25T18:04:29.635Z] : Change(s) is detected in node_modules\lucide-react\dist\esm\icons\arrow-down-left-square.mjs of the Web-Client.
[info] [2026-07-25T18:04:29.635Z] : Change(s) is detected in node_modules\lucide-react\dist\esm\icons\arrow-down-narrow-wide.mjs.map of the Web-Client.
[info] [2026-07-25T18:04:29.635Z] : Change(s) is detected in node_modules\lucide-react\dist\esm\icons\arrow-down-right-from-circle.mjs.map of the Web-Client.
[info] [2026-07-25T18:04:29.635Z] : Change(s) is detected in node_modules\lucide-react\dist\esm\icons\arrow-down-right-from-square.mjs.map of the Web-Client.
[info] [2026-07-25T18:04:29.635Z] : Change(s) is detected in node_modules\lucide-react\dist\esm\icons\arrow-down-left.mjs.map of the Web-Client.
[info] [2026-07-25T18:04:29.635Z] : Change(s) is detected in node_modules\lucide-react\dist\esm\icons\arrow-down-right-from-circle.mjs of the Web-Client.
[info] [2026-07-25T18:04:29.635Z] : Change(s) is detected in node_modules\lucide-react\dist\esm\icons\arrow-down-right-from-square.mjs of the Web-Client.
[info] [2026-07-25T18:04:29.636Z] : Change(s) is detected in node_modules\lucide-react\dist\esm\icons\arrow-down-right-square.mjs of the Web-Client.
[info] [2026-07-25T18:04:29.636Z] : Change(s) is detected in node_modules\lucide-react\dist\esm\icons\arrow-down-right-square.mjs.map of the Web-Client.
[info] [2026-07-25T18:04:29.637Z] : Change(s) is detected in node_modules\lucide-react\dist\esm\icons\arrow-down-right.mjs.map of the Web-Client.
[info] [2026-07-25T18:04:29.637Z] : Change(s) is detected in node_modules\lucide-react\dist\esm\icons\arrow-down-square.mjs of the Web-Client.
[info] [2026-07-25T18:04:29.637Z] : Change(s) is detected in node_modules\lucide-react\dist\esm\icons\arrow-down-square.mjs.map of the Web-Client.
[info] [2026-07-25T18:04:29.637Z] : Change(s) is detected in node_modules\lucide-react\dist\esm\icons\arrow-down-to-dot.mjs.map of the Web-Client.
[info] [2026-07-25T18:04:29.637Z] : Change(s) is detected in node_modules\lucide-react\dist\esm\icons\arrow-down-to-line.mjs.map of the Web-Client.
[info] [2026-07-25T18:04:29.637Z] : Change(s) is detected in node_modules\lucide-react\dist\esm\icons\arrow-down-up.mjs.map of the Web-Client.
[info] [2026-07-25T18:04:29.637Z] : Change(s) is detected in node_modules\lucide-react\dist\esm\icons\arrow-down-wide-narrow.mjs.map of the Web-Client.
[info] [2026-07-25T18:04:29.638Z] : Change(s) is detected in node_modules\lucide-react\dist\esm\icons\arrow-down-za.mjs of the Web-Client.
[info] [2026-07-25T18:04:29.638Z] : Change(s) is detected in node_modules\lucide-react\dist\esm\icons\arrow-down-za.mjs.map of the Web-Client.
[info] [2026-07-25T18:04:29.638Z] : Change(s) is detected in node_modules\lucide-react\dist\esm\icons\arrow-down-z-a.mjs.map of the Web-Client.
[info] [2026-07-25T18:04:29.638Z] : Change(s) is detected in node_modules\lucide-react\dist\esm\icons\arrow-down.mjs.map of the Web-Client.
[info] [2026-07-25T18:04:29.638Z] : Change(s) is detected in node_modules\lucide-react\dist\esm\icons\arrow-left-circle.mjs of the Web-Client.
[info] [2026-07-25T18:04:29.638Z] : Change(s) is detected in node_modules\lucide-react\dist\esm\icons\arrow-left-from-line.mjs.map of the Web-Client.
[info] [2026-07-25T18:04:29.638Z] : Change(s) is detected in node_modules\lucide-react\dist\esm\icons\arrow-left-square.mjs of the Web-Client.
[info] [2026-07-25T18:04:29.639Z] : Change(s) is detected in node_modules\lucide-react\dist\esm\icons\arrow-left-right.mjs.map of the Web-Client.
[info] [2026-07-25T18:04:29.639Z] : Change(s) is detected in node_modules\lucide-react\dist\esm\icons\arrow-left-circle.mjs.map of the Web-Client.
[info] [2026-07-25T18:04:29.639Z] : Change(s) is detected in node_modules\lucide-react\dist\esm\icons\arrow-left-square.mjs.map of the Web-Client.
[info] [2026-07-25T18:04:29.639Z] : Change(s) is detected in node_modules\lucide-react\dist\esm\icons\arrow-left-to-line.mjs.map of the Web-Client.
[info] [2026-07-25T18:04:29.639Z] : Change(s) is detected in node_modules\lucide-react\dist\esm\icons\arrow-left.mjs.map of the Web-Client.
[info] [2026-07-25T18:04:29.639Z] : Change(s) is detected in node_modules\lucide-react\dist\esm\icons\arrow-right-circle.mjs.map of the Web-Client.
[info] [2026-07-25T18:04:29.639Z] : Change(s) is detected in node_modules\lucide-react\dist\esm\icons\arrow-right-circle.mjs of the Web-Client.
[info] [2026-07-25T18:04:29.639Z] : Change(s) is detected in node_modules\lucide-react\dist\esm\icons\arrow-right-from-line.mjs.map of the Web-Client.
[info] [2026-07-25T18:04:29.640Z] : Change(s) is detected in node_modules\lucide-react\dist\esm\icons\arrow-right-square.mjs of the Web-Client.
[info] [2026-07-25T18:04:29.640Z] : Change(s) is detected in node_modules\lucide-react\dist\esm\icons\arrow-right-left.mjs.map of the Web-Client.
[info] [2026-07-25T18:04:29.640Z] : Change(s) is detected in node_modules\lucide-react\dist\esm\icons\arrow-right-square.mjs.map of the Web-Client.
[info] [2026-07-25T18:04:29.640Z] : Change(s) is detected in node_modules\lucide-react\dist\esm\icons\arrow-right-to-line.mjs.map of the Web-Client.
[info] [2026-07-25T18:04:29.640Z] : Change(s) is detected in node_modules\lucide-react\dist\esm\icons\arrow-right.mjs.map of the Web-Client.
[info] [2026-07-25T18:04:29.640Z] : Change(s) is detected in node_modules\lucide-react\dist\esm\icons\arrow-up-0-1.mjs.map of the Web-Client.
[info] [2026-07-25T18:04:29.640Z] : Change(s) is detected in node_modules\lucide-react\dist\esm\icons\arrow-up-01.mjs.map of the Web-Client.
[info] [2026-07-25T18:04:29.640Z] : Change(s) is detected in node_modules\lucide-react\dist\esm\icons\arrow-up-01.mjs of the Web-Client.
[info] [2026-07-25T18:04:29.640Z] : Change(s) is detected in node_modules\lucide-react\dist\esm\icons\arrow-up-1-0.mjs.map of the Web-Client.
[info] [2026-07-25T18:04:29.640Z] : Change(s) is detected in node_modules\lucide-react\dist\esm\icons\arrow-up-10.mjs of the Web-Client.
[info] [2026-07-25T18:04:29.641Z] : Change(s) is detected in node_modules\lucide-react\dist\esm\icons\arrow-up-10.mjs.map of the Web-Client.
[info] [2026-07-25T18:04:29.641Z] : Change(s) is detected in node_modules\lucide-react\dist\esm\icons\arrow-up-a-z.mjs.map of the Web-Client.
[info] [2026-07-25T18:04:29.641Z] : Change(s) is detected in node_modules\lucide-react\dist\esm\icons\arrow-up-az.mjs.map of the Web-Client.
[info] [2026-07-25T18:04:29.641Z] : Change(s) is detected in node_modules\lucide-react\dist\esm\icons\arrow-up-circle.mjs of the Web-Client.
[info] [2026-07-25T18:04:29.641Z] : Change(s) is detected in node_modules\lucide-react\dist\esm\icons\arrow-up-circle.mjs.map of the Web-Client.
[info] [2026-07-25T18:04:29.641Z] : Change(s) is detected in node_modules\lucide-react\dist\esm\icons\arrow-up-az.mjs of the Web-Client.
[info] [2026-07-25T18:04:29.641Z] : Change(s) is detected in node_modules\lucide-react\dist\esm\icons\arrow-up-down.mjs.map of the Web-Client.
[info] [2026-07-25T18:04:29.641Z] : Change(s) is detected in node_modules\lucide-react\dist\esm\icons\arrow-up-left-from-circle.mjs of the Web-Client.
[info] [2026-07-25T18:04:29.641Z] : Change(s) is detected in node_modules\lucide-react\dist\esm\icons\arrow-up-from-dot.mjs.map of the Web-Client.
[info] [2026-07-25T18:04:29.641Z] : Change(s) is detected in node_modules\lucide-react\dist\esm\icons\arrow-up-from-line.mjs.map of the Web-Client.
[info] [2026-07-25T18:04:29.642Z] : Change(s) is detected in node_modules\lucide-react\dist\esm\icons\arrow-up-left-from-circle.mjs.map of the Web-Client.
[info] [2026-07-25T18:04:29.642Z] : Change(s) is detected in node_modules\lucide-react\dist\esm\icons\arrow-up-left-from-square.mjs of the Web-Client.
[info] [2026-07-25T18:04:29.642Z] : Change(s) is detected in node_modules\lucide-react\dist\esm\icons\arrow-up-left-from-square.mjs.map of the Web-Client.
[info] [2026-07-25T18:04:29.642Z] : Change(s) is detected in node_modules\lucide-react\dist\esm\icons\arrow-up-left-square.mjs.map of the Web-Client.
[info] [2026-07-25T18:04:29.642Z] : Change(s) is detected in node_modules\lucide-react\dist\esm\icons\arrow-up-left-square.mjs of the Web-Client.
[info] [2026-07-25T18:04:29.642Z] : Change(s) is detected in node_modules\lucide-react\dist\esm\icons\arrow-up-narrow-wide.mjs.map of the Web-Client.
[info] [2026-07-25T18:04:29.642Z] : Change(s) is detected in node_modules\lucide-react\dist\esm\icons\arrow-up-left.mjs.map of the Web-Client.
[info] [2026-07-25T18:04:29.642Z] : Change(s) is detected in node_modules\lucide-react\dist\esm\icons\arrow-up-right-from-circle.mjs of the Web-Client.
[info] [2026-07-25T18:04:29.642Z] : Change(s) is detected in node_modules\lucide-react\dist\esm\icons\arrow-up-right-from-square.mjs of the Web-Client.
[info] [2026-07-25T18:04:29.642Z] : Change(s) is detected in node_modules\lucide-react\dist\esm\icons\arrow-up-right-from-circle.mjs.map of the Web-Client.
[info] [2026-07-25T18:04:29.643Z] : Change(s) is detected in node_modules\lucide-react\dist\esm\icons\arrow-up-right-square.mjs of the Web-Client.
[info] [2026-07-25T18:04:29.643Z] : Change(s) is detected in node_modules\lucide-react\dist\esm\icons\arrow-up-right-square.mjs.map of the Web-Client.
[info] [2026-07-25T18:04:29.643Z] : Change(s) is detected in node_modules\lucide-react\dist\esm\icons\arrow-up-right-from-square.mjs.map of the Web-Client.
[info] [2026-07-25T18:04:29.644Z] : Change(s) is detected in node_modules\lucide-react\dist\esm\icons\arrow-up-square.mjs of the Web-Client.
[info] [2026-07-25T18:04:29.644Z] : Change(s) is detected in node_modules\lucide-react\dist\esm\icons\arrow-up-square.mjs.map of the Web-Client.
[info] [2026-07-25T18:04:29.644Z] : Change(s) is detected in node_modules\lucide-react\dist\esm\icons\arrow-up-right.mjs.map of the Web-Client.
[info] [2026-07-25T18:04:29.644Z] : Change(s) is detected in node_modules\lucide-react\dist\esm\icons\arrow-up-to-line.mjs.map of the Web-Client.
[info] [2026-07-25T18:04:29.645Z] : Change(s) is detected in node_modules\lucide-react\dist\esm\icons\arrow-up-wide-narrow.mjs.map of the Web-Client.
[info] [2026-07-25T18:04:29.645Z] : Change(s) is detected in node_modules\lucide-react\dist\esm\icons\arrow-up-z-a.mjs.map of the Web-Client.
[info] [2026-07-25T18:04:29.645Z] : Change(s) is detected in node_modules\lucide-react\dist\esm\icons\arrow-up-za.mjs of the Web-Client.
[info] [2026-07-25T18:04:29.645Z] : Change(s) is detected in node_modules\lucide-react\dist\esm\icons\arrow-up-za.mjs.map of the Web-Client.
[info] [2026-07-25T18:04:29.645Z] : Change(s) is detected in node_modules\lucide-react\dist\esm\icons\arrow-up.mjs.map of the Web-Client.
[info] [2026-07-25T18:04:29.645Z] : Change(s) is detected in node_modules\lucide-react\dist\esm\icons\arrows-up-from-line.mjs.map of the Web-Client.
[info] [2026-07-25T18:04:29.645Z] : Change(s) is detected in node_modules\lucide-react\dist\esm\icons\asterisk-square.mjs.map of the Web-Client.
[info] [2026-07-25T18:04:29.645Z] : Change(s) is detected in node_modules\lucide-react\dist\esm\icons\asterisk-square.mjs of the Web-Client.
[info] [2026-07-25T18:04:29.645Z] : Change(s) is detected in node_modules\lucide-react\dist\esm\icons\asterisk.mjs.map of the Web-Client.
[info] [2026-07-25T18:04:29.646Z] : Change(s) is detected in node_modules\lucide-react\dist\esm\icons\astroid.mjs.map of the Web-Client.
[info] [2026-07-25T18:04:29.646Z] : Change(s) is detected in node_modules\lucide-react\dist\esm\icons\at-sign.mjs.map of the Web-Client.
[info] [2026-07-25T18:04:29.646Z] : Change(s) is detected in node_modules\lucide-react\dist\esm\icons\atom.mjs.map of the Web-Client.
[info] [2026-07-25T18:04:29.646Z] : Change(s) is detected in node_modules\lucide-react\dist\esm\icons\audio-lines.mjs.map of the Web-Client.
[info] [2026-07-25T18:04:29.646Z] : Change(s) is detected in node_modules\lucide-react\dist\esm\icons\award.mjs.map of the Web-Client.
[info] [2026-07-25T18:04:29.646Z] : Change(s) is detected in node_modules\lucide-react\dist\esm\icons\audio-waveform.mjs.map of the Web-Client.
[info] [2026-07-25T18:04:29.647Z] : Change(s) is detected in node_modules\lucide-react\dist\esm\icons\axis-3-d.mjs of the Web-Client.
[info] [2026-07-25T18:04:29.647Z] : Change(s) is detected in node_modules\lucide-react\dist\esm\icons\axe.mjs.map of the Web-Client.
[info] [2026-07-25T18:04:29.647Z] : Change(s) is detected in node_modules\lucide-react\dist\esm\icons\axis-3-d.mjs.map of the Web-Client.
[info] [2026-07-25T18:04:29.647Z] : Change(s) is detected in node_modules\lucide-react\dist\esm\icons\axis-3d.mjs.map of the Web-Client.
[info] [2026-07-25T18:04:29.647Z] : Change(s) is detected in node_modules\lucide-react\dist\esm\icons\baby.mjs.map of the Web-Client.
[info] [2026-07-25T18:04:29.647Z] : Change(s) is detected in node_modules\lucide-react\dist\esm\icons\badge-alert.mjs.map of the Web-Client.
[info] [2026-07-25T18:04:29.648Z] : Change(s) is detected in node_modules\lucide-react\dist\esm\icons\backpack.mjs.map of the Web-Client.
[info] [2026-07-25T18:04:29.648Z] : Change(s) is detected in node_modules\lucide-react\dist\esm\icons\badge-cent.mjs.map of the Web-Client.
[info] [2026-07-25T18:04:29.648Z] : Change(s) is detected in node_modules\lucide-react\dist\esm\icons\badge-dollar-sign.mjs.map of the Web-Client.
[info] [2026-07-25T18:04:29.648Z] : Change(s) is detected in node_modules\lucide-react\dist\esm\icons\badge-check.mjs.map of the Web-Client.
[info] [2026-07-25T18:04:29.648Z] : Change(s) is detected in node_modules\lucide-react\dist\esm\icons\badge-help.mjs of the Web-Client.
[info] [2026-07-25T18:04:29.648Z] : Change(s) is detected in node_modules\lucide-react\dist\esm\icons\badge-euro.mjs.map of the Web-Client.
[info] [2026-07-25T18:04:29.648Z] : Change(s) is detected in node_modules\lucide-react\dist\esm\icons\badge-indian-rupee.mjs.map of the Web-Client.
[info] [2026-07-25T18:04:29.648Z] : Change(s) is detected in node_modules\lucide-react\dist\esm\icons\badge-info.mjs.map of the Web-Client.
[info] [2026-07-25T18:04:29.648Z] : Change(s) is detected in node_modules\lucide-react\dist\esm\icons\badge-help.mjs.map of the Web-Client.
[info] [2026-07-25T18:04:29.649Z] : Change(s) is detected in node_modules\lucide-react\dist\esm\icons\badge-minus.mjs.map of the Web-Client.
[info] [2026-07-25T18:04:29.649Z] : Change(s) is detected in node_modules\lucide-react\dist\esm\icons\badge-japanese-yen.mjs.map of the Web-Client.
[info] [2026-07-25T18:04:29.649Z] : Change(s) is detected in node_modules\lucide-react\dist\esm\icons\badge-percent.mjs.map of the Web-Client.
[info] [2026-07-25T18:04:29.649Z] : Change(s) is detected in node_modules\lucide-react\dist\esm\icons\badge-plus.mjs.map of the Web-Client.
[info] [2026-07-25T18:04:29.649Z] : Change(s) is detected in node_modules\lucide-react\dist\esm\icons\badge-pound-sterling.mjs.map of the Web-Client.
[info] [2026-07-25T18:04:29.650Z] : Change(s) is detected in node_modules\lucide-react\dist\esm\icons\badge-question-mark.mjs.map of the Web-Client.
[info] [2026-07-25T18:04:29.651Z] : Change(s) is detected in node_modules\lucide-react\dist\esm\icons\badge-russian-ruble.mjs.map of the Web-Client.
[info] [2026-07-25T18:04:29.651Z] : Change(s) is detected in node_modules\lucide-react\dist\esm\icons\badge-swiss-franc.mjs.map of the Web-Client.
[info] [2026-07-25T18:04:29.651Z] : Change(s) is detected in node_modules\lucide-react\dist\esm\icons\badge-turkish-lira.mjs.map of the Web-Client.
[info] [2026-07-25T18:04:29.651Z] : Change(s) is detected in node_modules\lucide-react\dist\esm\icons\badge-x.mjs.map of the Web-Client.
[info] [2026-07-25T18:04:29.652Z] : Change(s) is detected in node_modules\lucide-react\dist\esm\icons\badge.mjs.map of the Web-Client.
[info] [2026-07-25T18:04:29.652Z] : Change(s) is detected in node_modules\lucide-react\dist\esm\icons\baggage-claim.mjs.map of the Web-Client.
[info] [2026-07-25T18:04:29.652Z] : Change(s) is detected in node_modules\lucide-react\dist\esm\icons\ban.mjs.map of the Web-Client.
[info] [2026-07-25T18:04:29.652Z] : Change(s) is detected in node_modules\lucide-react\dist\esm\icons\balloon.mjs.map of the Web-Client.
[info] [2026-07-25T18:04:29.652Z] : Change(s) is detected in node_modules\lucide-react\dist\esm\icons\banana.mjs.map of the Web-Client.
[info] [2026-07-25T18:04:29.652Z] : Change(s) is detected in node_modules\lucide-react\dist\esm\icons\bandage.mjs.map of the Web-Client.
[info] [2026-07-25T18:04:29.652Z] : Change(s) is detected in node_modules\lucide-react\dist\esm\icons\banknote-arrow-up.mjs.map of the Web-Client.
[info] [2026-07-25T18:04:29.652Z] : Change(s) is detected in node_modules\lucide-react\dist\esm\icons\banknote-check.mjs.map of the Web-Client.
[info] [2026-07-25T18:04:29.652Z] : Change(s) is detected in node_modules\lucide-react\dist\esm\icons\banknote-x.mjs.map of the Web-Client.
[info] [2026-07-25T18:04:29.653Z] : Change(s) is detected in node_modules\lucide-react\dist\esm\icons\banknote.mjs.map of the Web-Client.
[info] [2026-07-25T18:04:29.653Z] : Change(s) is detected in node_modules\lucide-react\dist\esm\icons\bar-chart-2.mjs of the Web-Client.
[info] [2026-07-25T18:04:29.653Z] : Change(s) is detected in node_modules\lucide-react\dist\esm\icons\banknote-arrow-down.mjs.map of the Web-Client.
[info] [2026-07-25T18:04:29.653Z] : Change(s) is detected in node_modules\lucide-react\dist\esm\icons\bar-chart-2.mjs.map of the Web-Client.
[info] [2026-07-25T18:04:29.653Z] : Change(s) is detected in node_modules\lucide-react\dist\esm\icons\bar-chart-3.mjs of the Web-Client.
[info] [2026-07-25T18:04:29.653Z] : Change(s) is detected in node_modules\lucide-react\dist\esm\icons\bar-chart-4.mjs.map of the Web-Client.
[info] [2026-07-25T18:04:29.653Z] : Change(s) is detected in node_modules\lucide-react\dist\esm\icons\bar-chart-3.mjs.map of the Web-Client.
[info] [2026-07-25T18:04:29.653Z] : Change(s) is detected in node_modules\lucide-react\dist\esm\icons\bar-chart-big.mjs.map of the Web-Client.
[info] [2026-07-25T18:04:29.654Z] : Change(s) is detected in node_modules\lucide-react\dist\esm\icons\bar-chart-big.mjs of the Web-Client.
[info] [2026-07-25T18:04:29.654Z] : Change(s) is detected in node_modules\lucide-react\dist\esm\icons\bar-chart-4.mjs of the Web-Client.
[info] [2026-07-25T18:04:29.654Z] : Change(s) is detected in node_modules\lucide-react\dist\esm\icons\bar-chart-horizontal.mjs of the Web-Client.
[info] [2026-07-25T18:04:29.654Z] : Change(s) is detected in node_modules\lucide-react\dist\esm\icons\bar-chart-horizontal-big.mjs.map of the Web-Client.
[info] [2026-07-25T18:04:29.654Z] : Change(s) is detected in node_modules\lucide-react\dist\esm\icons\bar-chart-horizontal-big.mjs of the Web-Client.
[info] [2026-07-25T18:04:29.654Z] : Change(s) is detected in node_modules\lucide-react\dist\esm\icons\bar-chart-horizontal.mjs.map of the Web-Client.
[info] [2026-07-25T18:04:29.654Z] : Change(s) is detected in node_modules\lucide-react\dist\esm\icons\bar-chart.mjs.map of the Web-Client.
[info] [2026-07-25T18:04:29.654Z] : Change(s) is detected in node_modules\lucide-react\dist\esm\icons\barcode.mjs.map of the Web-Client.
[info] [2026-07-25T18:04:29.654Z] : Change(s) is detected in node_modules\lucide-react\dist\esm\icons\bar-chart.mjs of the Web-Client.
[info] [2026-07-25T18:04:29.654Z] : Change(s) is detected in node_modules\lucide-react\dist\esm\icons\barrel.mjs.map of the Web-Client.
[info] [2026-07-25T18:04:29.654Z] : Change(s) is detected in node_modules\lucide-react\dist\esm\icons\baseline.mjs.map of the Web-Client.
[info] [2026-07-25T18:04:29.655Z] : Change(s) is detected in node_modules\lucide-react\dist\esm\icons\bath.mjs.map of the Web-Client.
[info] [2026-07-25T18:04:29.655Z] : Change(s) is detected in node_modules\lucide-react\dist\esm\icons\battery-full.mjs.map of the Web-Client.
[info] [2026-07-25T18:04:29.655Z] : Change(s) is detected in node_modules\lucide-react\dist\esm\icons\battery-low.mjs.map of the Web-Client.
[info] [2026-07-25T18:04:29.655Z] : Change(s) is detected in node_modules\lucide-react\dist\esm\icons\battery-charging.mjs.map of the Web-Client.
[info] [2026-07-25T18:04:29.655Z] : Change(s) is detected in node_modules\lucide-react\dist\esm\icons\battery-medium.mjs.map of the Web-Client.
[info] [2026-07-25T18:04:29.655Z] : Change(s) is detected in node_modules\lucide-react\dist\esm\icons\battery-plus.mjs.map of the Web-Client.
[info] [2026-07-25T18:04:29.655Z] : Change(s) is detected in node_modules\lucide-react\dist\esm\icons\battery.mjs.map of the Web-Client.
[info] [2026-07-25T18:04:29.655Z] : Change(s) is detected in node_modules\lucide-react\dist\esm\icons\battery-warning.mjs.map of the Web-Client.
[info] [2026-07-25T18:04:29.655Z] : Change(s) is detected in node_modules\lucide-react\dist\esm\icons\beaker.mjs.map of the Web-Client.
[info] [2026-07-25T18:04:29.655Z] : Change(s) is detected in node_modules\lucide-react\dist\esm\icons\bean.mjs.map of the Web-Client.
[info] [2026-07-25T18:04:29.655Z] : Change(s) is detected in node_modules\lucide-react\dist\esm\icons\bed-double.mjs.map of the Web-Client.
[info] [2026-07-25T18:04:29.655Z] : Change(s) is detected in node_modules\lucide-react\dist\esm\icons\bean-off.mjs.map of the Web-Client.
[info] [2026-07-25T18:04:29.655Z] : Change(s) is detected in node_modules\lucide-react\dist\esm\icons\bed-single.mjs.map of the Web-Client.
[info] [2026-07-25T18:04:29.656Z] : Change(s) is detected in node_modules\lucide-react\dist\esm\icons\bed.mjs.map of the Web-Client.
[info] [2026-07-25T18:04:29.656Z] : Change(s) is detected in node_modules\lucide-react\dist\esm\icons\beef-off.mjs.map of the Web-Client.
[info] [2026-07-25T18:04:29.656Z] : Change(s) is detected in node_modules\lucide-react\dist\esm\icons\beef.mjs.map of the Web-Client.
[info] [2026-07-25T18:04:29.656Z] : Change(s) is detected in node_modules\lucide-react\dist\esm\icons\beer-off.mjs.map of the Web-Client.
[info] [2026-07-25T18:04:29.656Z] : Change(s) is detected in node_modules\lucide-react\dist\esm\icons\bell-check.mjs.map of the Web-Client.
[info] [2026-07-25T18:04:29.656Z] : Change(s) is detected in node_modules\lucide-react\dist\esm\icons\beer.mjs.map of the Web-Client.
[info] [2026-07-25T18:04:29.656Z] : Change(s) is detected in node_modules\lucide-react\dist\esm\icons\bell-dot.mjs.map of the Web-Client.
[info] [2026-07-25T18:04:29.656Z] : Change(s) is detected in node_modules\lucide-react\dist\esm\icons\bell-electric.mjs.map of the Web-Client.
[info] [2026-07-25T18:04:29.657Z] : Change(s) is detected in node_modules\lucide-react\dist\esm\icons\bell-minus.mjs.map of the Web-Client.
[info] [2026-07-25T18:04:29.657Z] : Change(s) is detected in node_modules\lucide-react\dist\esm\icons\bell-off.mjs.map of the Web-Client.
[info] [2026-07-25T18:04:29.657Z] : Change(s) is detected in node_modules\lucide-react\dist\esm\icons\bell-plus.mjs.map of the Web-Client.
[info] [2026-07-25T18:04:29.657Z] : Change(s) is detected in node_modules\lucide-react\dist\esm\icons\bell-ring.mjs.map of the Web-Client.
[info] [2026-07-25T18:04:29.657Z] : Change(s) is detected in node_modules\lucide-react\dist\esm\icons\bell.mjs.map of the Web-Client.
[info] [2026-07-25T18:04:29.658Z] : Change(s) is detected in node_modules\lucide-react\dist\esm\icons\between-horizonal-end.mjs of the Web-Client.
[info] [2026-07-25T18:04:29.658Z] : Change(s) is detected in node_modules\lucide-react\dist\esm\icons\between-horizonal-end.mjs.map of the Web-Client.
[info] [2026-07-25T18:04:29.658Z] : Change(s) is detected in node_modules\lucide-react\dist\esm\icons\between-horizonal-start.mjs of the Web-Client.
[info] [2026-07-25T18:04:29.658Z] : Change(s) is detected in node_modules\lucide-react\dist\esm\icons\between-horizonal-start.mjs.map of the Web-Client.
[info] [2026-07-25T18:04:29.658Z] : Change(s) is detected in node_modules\lucide-react\dist\esm\icons\between-horizontal-end.mjs.map of the Web-Client.
[info] [2026-07-25T18:04:29.658Z] : Change(s) is detected in node_modules\lucide-react\dist\esm\icons\between-horizontal-start.mjs.map of the Web-Client.
[info] [2026-07-25T18:04:29.658Z] : Change(s) is detected in node_modules\lucide-react\dist\esm\icons\between-vertical-end.mjs.map of the Web-Client.
[info] [2026-07-25T18:04:29.659Z] : Change(s) is detected in node_modules\lucide-react\dist\esm\icons\between-vertical-start.mjs.map of the Web-Client.
[info] [2026-07-25T18:04:29.659Z] : Change(s) is detected in node_modules\lucide-react\dist\esm\icons\biceps-flexed.mjs.map of the Web-Client.
[info] [2026-07-25T18:04:29.659Z] : Change(s) is detected in node_modules\lucide-react\dist\esm\icons\bike.mjs.map of the Web-Client.
[info] [2026-07-25T18:04:29.659Z] : Change(s) is detected in node_modules\lucide-react\dist\esm\icons\binary.mjs.map of the Web-Client.
[info] [2026-07-25T18:04:29.659Z] : Change(s) is detected in node_modules\lucide-react\dist\esm\icons\binoculars.mjs.map of the Web-Client.
[info] [2026-07-25T18:04:29.659Z] : Change(s) is detected in node_modules\lucide-react\dist\esm\icons\bird.mjs.map of the Web-Client.
[info] [2026-07-25T18:04:29.659Z] : Change(s) is detected in node_modules\lucide-react\dist\esm\icons\biohazard.mjs.map of the Web-Client.
[info] [2026-07-25T18:04:29.660Z] : Change(s) is detected in node_modules\lucide-react\dist\esm\icons\birdhouse.mjs.map of the Web-Client.
[info] [2026-07-25T18:04:29.660Z] : Change(s) is detected in node_modules\lucide-react\dist\esm\icons\blend.mjs.map of the Web-Client.
[info] [2026-07-25T18:04:29.660Z] : Change(s) is detected in node_modules\lucide-react\dist\esm\icons\bitcoin.mjs.map of the Web-Client.
[info] [2026-07-25T18:04:29.660Z] : Change(s) is detected in node_modules\lucide-react\dist\esm\icons\blender.mjs.map of the Web-Client.
[info] [2026-07-25T18:04:29.660Z] : Change(s) is detected in node_modules\lucide-react\dist\esm\icons\blinds.mjs.map of the Web-Client.
[info] [2026-07-25T18:04:29.660Z] : Change(s) is detected in node_modules\lucide-react\dist\esm\icons\bluetooth-connected.mjs.map of the Web-Client.
[info] [2026-07-25T18:04:29.661Z] : Change(s) is detected in node_modules\lucide-react\dist\esm\icons\blocks.mjs.map of the Web-Client.
[info] [2026-07-25T18:04:29.661Z] : Change(s) is detected in node_modules\lucide-react\dist\esm\icons\bluetooth-off.mjs.map of the Web-Client.
[info] [2026-07-25T18:04:29.661Z] : Change(s) is detected in node_modules\lucide-react\dist\esm\icons\bluetooth-searching.mjs.map of the Web-Client.
[info] [2026-07-25T18:04:29.661Z] : Change(s) is detected in node_modules\lucide-react\dist\esm\icons\bluetooth.mjs.map of the Web-Client.
[info] [2026-07-25T18:04:29.661Z] : Change(s) is detected in node_modules\lucide-react\dist\esm\icons\bolt.mjs.map of the Web-Client.
[info] [2026-07-25T18:04:29.661Z] : Change(s) is detected in node_modules\lucide-react\dist\esm\icons\bold.mjs.map of the Web-Client.
[info] [2026-07-25T18:04:29.661Z] : Change(s) is detected in node_modules\lucide-react\dist\esm\icons\bone-fracture.mjs.map of the Web-Client.
[info] [2026-07-25T18:04:29.661Z] : Change(s) is detected in node_modules\lucide-react\dist\esm\icons\bomb.mjs.map of the Web-Client.
[info] [2026-07-25T18:04:29.662Z] : Change(s) is detected in node_modules\lucide-react\dist\esm\icons\book-a.mjs.map of the Web-Client.
[info] [2026-07-25T18:04:29.662Z] : Change(s) is detected in node_modules\lucide-react\dist\esm\icons\bone.mjs.map of the Web-Client.
[info] [2026-07-25T18:04:29.662Z] : Change(s) is detected in node_modules\lucide-react\dist\esm\icons\book-audio.mjs.map of the Web-Client.
[info] [2026-07-25T18:04:29.662Z] : Change(s) is detected in node_modules\lucide-react\dist\esm\icons\book-alert.mjs.map of the Web-Client.
[info] [2026-07-25T18:04:29.662Z] : Change(s) is detected in node_modules\lucide-react\dist\esm\icons\book-check.mjs.map of the Web-Client.
[info] [2026-07-25T18:04:29.662Z] : Change(s) is detected in node_modules\lucide-react\dist\esm\icons\book-dashed.mjs.map of the Web-Client.
[info] [2026-07-25T18:04:29.662Z] : Change(s) is detected in node_modules\lucide-react\dist\esm\icons\book-copy.mjs.map of the Web-Client.
[info] [2026-07-25T18:04:29.662Z] : Change(s) is detected in node_modules\lucide-react\dist\esm\icons\book-heart.mjs.map of the Web-Client.
[info] [2026-07-25T18:04:29.662Z] : Change(s) is detected in node_modules\lucide-react\dist\esm\icons\book-down.mjs.map of the Web-Client.
[info] [2026-07-25T18:04:29.662Z] : Change(s) is detected in node_modules\lucide-react\dist\esm\icons\book-headphones.mjs.map of the Web-Client.
[info] [2026-07-25T18:04:29.662Z] : Change(s) is detected in node_modules\lucide-react\dist\esm\icons\book-image.mjs.map of the Web-Client.
[info] [2026-07-25T18:04:29.663Z] : Change(s) is detected in node_modules\lucide-react\dist\esm\icons\book-key.mjs.map of the Web-Client.
[info] [2026-07-25T18:04:29.663Z] : Change(s) is detected in node_modules\lucide-react\dist\esm\icons\book-lock.mjs.map of the Web-Client.
[info] [2026-07-25T18:04:29.663Z] : Change(s) is detected in node_modules\lucide-react\dist\esm\icons\book-marked.mjs.map of the Web-Client.
[info] [2026-07-25T18:04:29.663Z] : Change(s) is detected in node_modules\lucide-react\dist\esm\icons\book-minus.mjs.map of the Web-Client.
[info] [2026-07-25T18:04:29.663Z] : Change(s) is detected in node_modules\lucide-react\dist\esm\icons\book-open-check.mjs.map of the Web-Client.
[info] [2026-07-25T18:04:29.663Z] : Change(s) is detected in node_modules\lucide-react\dist\esm\icons\book-open-text.mjs.map of the Web-Client.
[info] [2026-07-25T18:04:29.663Z] : Change(s) is detected in node_modules\lucide-react\dist\esm\icons\book-open.mjs.map of the Web-Client.
[info] [2026-07-25T18:04:29.663Z] : Change(s) is detected in node_modules\lucide-react\dist\esm\icons\book-plus.mjs.map of the Web-Client.
[info] [2026-07-25T18:04:29.664Z] : Change(s) is detected in node_modules\lucide-react\dist\esm\icons\book-template.mjs of the Web-Client.
[info] [2026-07-25T18:04:29.664Z] : Change(s) is detected in node_modules\lucide-react\dist\esm\icons\book-template.mjs.map of the Web-Client.
[info] [2026-07-25T18:04:29.664Z] : Change(s) is detected in node_modules\lucide-react\dist\esm\icons\book-search.mjs.map of the Web-Client.
[info] [2026-07-25T18:04:29.664Z] : Change(s) is detected in node_modules\lucide-react\dist\esm\icons\book-text.mjs.map of the Web-Client.
[info] [2026-07-25T18:04:29.664Z] : Change(s) is detected in node_modules\lucide-react\dist\esm\icons\book-type.mjs.map of the Web-Client.
[info] [2026-07-25T18:04:29.665Z] : Change(s) is detected in node_modules\lucide-react\dist\esm\icons\book-up-2.mjs.map of the Web-Client.
[info] [2026-07-25T18:04:29.665Z] : Change(s) is detected in node_modules\lucide-react\dist\esm\icons\book-up.mjs.map of the Web-Client.
[info] [2026-07-25T18:04:29.665Z] : Change(s) is detected in node_modules\lucide-react\dist\esm\icons\book-x.mjs.map of the Web-Client.
[info] [2026-07-25T18:04:29.665Z] : Change(s) is detected in node_modules\lucide-react\dist\esm\icons\book.mjs.map of the Web-Client.
[info] [2026-07-25T18:04:29.665Z] : Change(s) is detected in node_modules\lucide-react\dist\esm\icons\book-user.mjs.map of the Web-Client.
[info] [2026-07-25T18:04:29.665Z] : Change(s) is detected in node_modules\lucide-react\dist\esm\icons\bookmark-check.mjs.map of the Web-Client.
[info] [2026-07-25T18:04:29.665Z] : Change(s) is detected in node_modules\lucide-react\dist\esm\icons\bookmark-off.mjs.map of the Web-Client.
[info] [2026-07-25T18:04:29.665Z] : Change(s) is detected in node_modules\lucide-react\dist\esm\icons\bookmark-minus.mjs.map of the Web-Client.
[info] [2026-07-25T18:04:29.666Z] : Change(s) is detected in node_modules\lucide-react\dist\esm\icons\bookmark-x.mjs.map of the Web-Client.
[info] [2026-07-25T18:04:29.666Z] : Change(s) is detected in node_modules\lucide-react\dist\esm\icons\bookmark-plus.mjs.map of the Web-Client.
[info] [2026-07-25T18:04:29.666Z] : Change(s) is detected in node_modules\lucide-react\dist\esm\icons\bookmark.mjs.map of the Web-Client.
[info] [2026-07-25T18:04:29.666Z] : Change(s) is detected in node_modules\lucide-react\dist\esm\icons\boom-box.mjs.map of the Web-Client.
[info] [2026-07-25T18:04:29.666Z] : Change(s) is detected in node_modules\lucide-react\dist\esm\icons\bot-message-square.mjs.map of the Web-Client.
[info] [2026-07-25T18:04:29.666Z] : Change(s) is detected in node_modules\lucide-react\dist\esm\icons\bot-off.mjs.map of the Web-Client.
[info] [2026-07-25T18:04:29.666Z] : Change(s) is detected in node_modules\lucide-react\dist\esm\icons\bot.mjs.map of the Web-Client.
[info] [2026-07-25T18:04:29.666Z] : Change(s) is detected in node_modules\lucide-react\dist\esm\icons\bow-arrow.mjs.map of the Web-Client.
[info] [2026-07-25T18:04:29.666Z] : Change(s) is detected in node_modules\lucide-react\dist\esm\icons\box-select.mjs of the Web-Client.
[info] [2026-07-25T18:04:29.666Z] : Change(s) is detected in node_modules\lucide-react\dist\esm\icons\bottle-wine.mjs.map of the Web-Client.
[info] [2026-07-25T18:04:29.666Z] : Change(s) is detected in node_modules\lucide-react\dist\esm\icons\box.mjs.map of the Web-Client.
[info] [2026-07-25T18:04:29.667Z] : Change(s) is detected in node_modules\lucide-react\dist\esm\icons\box-select.mjs.map of the Web-Client.
[info] [2026-07-25T18:04:29.667Z] : Change(s) is detected in node_modules\lucide-react\dist\esm\icons\boxes.mjs.map of the Web-Client.
[info] [2026-07-25T18:04:29.667Z] : Change(s) is detected in node_modules\lucide-react\dist\esm\icons\braces.mjs.map of the Web-Client.
[info] [2026-07-25T18:04:29.667Z] : Change(s) is detected in node_modules\lucide-react\dist\esm\icons\brackets.mjs.map of the Web-Client.
[info] [2026-07-25T18:04:29.667Z] : Change(s) is detected in node_modules\lucide-react\dist\esm\icons\brain-circuit.mjs.map of the Web-Client.
[info] [2026-07-25T18:04:29.667Z] : Change(s) is detected in node_modules\lucide-react\dist\esm\icons\brain-cog.mjs.map of the Web-Client.
[info] [2026-07-25T18:04:29.667Z] : Change(s) is detected in node_modules\lucide-react\dist\esm\icons\brain.mjs.map of the Web-Client.
[info] [2026-07-25T18:04:29.850Z] : Change(s) is detected in node_modules\lucide-react\dist\esm\icons\brick-wall-fire.mjs.map of the Web-Client.
[info] [2026-07-25T18:04:29.850Z] : Change(s) is detected in node_modules\lucide-react\dist\esm\icons\brick-wall-shield.mjs.map of the Web-Client.
[info] [2026-07-25T18:04:29.850Z] : Change(s) is detected in node_modules\lucide-react\dist\esm\icons\briefcase-business.mjs.map of the Web-Client.
[info] [2026-07-25T18:04:29.850Z] : Change(s) is detected in node_modules\lucide-react\dist\esm\icons\brick-wall.mjs.map of the Web-Client.
[info] [2026-07-25T18:04:29.850Z] : Change(s) is detected in node_modules\lucide-react\dist\esm\icons\briefcase-conveyor-belt.mjs.map of the Web-Client.
[info] [2026-07-25T18:04:29.850Z] : Change(s) is detected in node_modules\lucide-react\dist\esm\icons\briefcase.mjs.map of the Web-Client.
[info] [2026-07-25T18:04:29.850Z] : Change(s) is detected in node_modules\lucide-react\dist\esm\icons\bring-to-front.mjs.map of the Web-Client.
[info] [2026-07-25T18:04:29.850Z] : Change(s) is detected in node_modules\lucide-react\dist\esm\icons\briefcase-medical.mjs.map of the Web-Client.
[info] [2026-07-25T18:04:29.850Z] : Change(s) is detected in node_modules\lucide-react\dist\esm\icons\broccoli.mjs.map of the Web-Client.
[info] [2026-07-25T18:04:29.850Z] : Change(s) is detected in node_modules\lucide-react\dist\esm\icons\brush-cleaning.mjs.map of the Web-Client.
[info] [2026-07-25T18:04:29.850Z] : Change(s) is detected in node_modules\lucide-react\dist\esm\icons\brush.mjs.map of the Web-Client.
[info] [2026-07-25T18:04:29.850Z] : Change(s) is detected in node_modules\lucide-react\dist\esm\icons\bubbles.mjs.map of the Web-Client.
[info] [2026-07-25T18:04:29.850Z] : Change(s) is detected in node_modules\lucide-react\dist\esm\icons\bug-off.mjs.map of the Web-Client.
[info] [2026-07-25T18:04:29.850Z] : Change(s) is detected in node_modules\lucide-react\dist\esm\icons\bug.mjs.map of the Web-Client.
[info] [2026-07-25T18:04:29.850Z] : Change(s) is detected in node_modules\lucide-react\dist\esm\icons\building-2.mjs.map of the Web-Client.
[info] [2026-07-25T18:04:29.850Z] : Change(s) is detected in node_modules\lucide-react\dist\esm\icons\bug-play.mjs.map of the Web-Client.
[info] [2026-07-25T18:04:29.850Z] : Change(s) is detected in node_modules\lucide-react\dist\esm\icons\building.mjs.map of the Web-Client.
[info] [2026-07-25T18:04:29.850Z] : Change(s) is detected in node_modules\lucide-react\dist\esm\icons\bus-front.mjs.map of the Web-Client.
[info] [2026-07-25T18:04:29.850Z] : Change(s) is detected in node_modules\lucide-react\dist\esm\icons\bus.mjs.map of the Web-Client.
[info] [2026-07-25T18:04:29.850Z] : Change(s) is detected in node_modules\lucide-react\dist\esm\icons\cable-car.mjs.map of the Web-Client.
[info] [2026-07-25T18:04:29.850Z] : Change(s) is detected in node_modules\lucide-react\dist\esm\icons\cable.mjs.map of the Web-Client.
[info] [2026-07-25T18:04:29.850Z] : Change(s) is detected in node_modules\lucide-react\dist\esm\icons\cake-slice.mjs.map of the Web-Client.
[info] [2026-07-25T18:04:29.850Z] : Change(s) is detected in node_modules\lucide-react\dist\esm\icons\cake.mjs.map of the Web-Client.
[info] [2026-07-25T18:04:29.850Z] : Change(s) is detected in node_modules\lucide-react\dist\esm\icons\calculator.mjs.map of the Web-Client.
[info] [2026-07-25T18:04:29.850Z] : Change(s) is detected in node_modules\lucide-react\dist\esm\icons\calendar-arrow-down.mjs.map of the Web-Client.
[info] [2026-07-25T18:04:29.850Z] : Change(s) is detected in node_modules\lucide-react\dist\esm\icons\calendar-1.mjs.map of the Web-Client.
[info] [2026-07-25T18:04:29.850Z] : Change(s) is detected in node_modules\lucide-react\dist\esm\icons\calendar-arrow-up.mjs.map of the Web-Client.
[info] [2026-07-25T18:04:29.850Z] : Change(s) is detected in node_modules\lucide-react\dist\esm\icons\calendar-check.mjs.map of the Web-Client.
[info] [2026-07-25T18:04:29.850Z] : Change(s) is detected in node_modules\lucide-react\dist\esm\icons\calendar-check-2.mjs.map of the Web-Client.
[info] [2026-07-25T18:04:29.850Z] : Change(s) is detected in node_modules\lucide-react\dist\esm\icons\calendar-clock.mjs.map of the Web-Client.
[info] [2026-07-25T18:04:29.850Z] : Change(s) is detected in node_modules\lucide-react\dist\esm\icons\calendar-cog.mjs.map of the Web-Client.
[info] [2026-07-25T18:04:29.850Z] : Change(s) is detected in node_modules\lucide-react\dist\esm\icons\calendar-days.mjs.map of the Web-Client.
[info] [2026-07-25T18:04:29.851Z] : Change(s) is detected in node_modules\lucide-react\dist\esm\icons\calendar-fold.mjs.map of the Web-Client.
[info] [2026-07-25T18:04:29.851Z] : Change(s) is detected in node_modules\lucide-react\dist\esm\icons\calendar-heart.mjs.map of the Web-Client.
[info] [2026-07-25T18:04:29.851Z] : Change(s) is detected in node_modules\lucide-react\dist\esm\icons\calendar-minus.mjs.map of the Web-Client.
[info] [2026-07-25T18:04:29.851Z] : Change(s) is detected in node_modules\lucide-react\dist\esm\icons\calendar-minus-2.mjs.map of the Web-Client.
[info] [2026-07-25T18:04:29.851Z] : Change(s) is detected in node_modules\lucide-react\dist\esm\icons\calendar-off.mjs.map of the Web-Client.
[info] [2026-07-25T18:04:29.851Z] : Change(s) is detected in node_modules\lucide-react\dist\esm\icons\calendar-plus-2.mjs.map of the Web-Client.
[info] [2026-07-25T18:04:29.851Z] : Change(s) is detected in node_modules\lucide-react\dist\esm\icons\calendar-plus.mjs.map of the Web-Client.
[info] [2026-07-25T18:04:29.851Z] : Change(s) is detected in node_modules\lucide-react\dist\esm\icons\calendar-search.mjs.map of the Web-Client.
[info] [2026-07-25T18:04:29.851Z] : Change(s) is detected in node_modules\lucide-react\dist\esm\icons\calendar-x-2.mjs.map of the Web-Client.
[info] [2026-07-25T18:04:29.851Z] : Change(s) is detected in node_modules\lucide-react\dist\esm\icons\calendar-sync.mjs.map of the Web-Client.
[info] [2026-07-25T18:04:29.851Z] : Change(s) is detected in node_modules\lucide-react\dist\esm\icons\calendar-range.mjs.map of the Web-Client.
[info] [2026-07-25T18:04:29.851Z] : Change(s) is detected in node_modules\lucide-react\dist\esm\icons\calendar-x.mjs.map of the Web-Client.
[info] [2026-07-25T18:04:29.851Z] : Change(s) is detected in node_modules\lucide-react\dist\esm\icons\calendar.mjs.map of the Web-Client.
[info] [2026-07-25T18:04:29.851Z] : Change(s) is detected in node_modules\lucide-react\dist\esm\icons\calendars.mjs.map of the Web-Client.
[info] [2026-07-25T18:04:29.851Z] : Change(s) is detected in node_modules\lucide-react\dist\esm\icons\camera-off.mjs.map of the Web-Client.
[info] [2026-07-25T18:04:29.851Z] : Change(s) is detected in node_modules\lucide-react\dist\esm\icons\camera.mjs.map of the Web-Client.
[info] [2026-07-25T18:04:29.851Z] : Change(s) is detected in node_modules\lucide-react\dist\esm\icons\candlestick-chart.mjs of the Web-Client.
[info] [2026-07-25T18:04:29.851Z] : Change(s) is detected in node_modules\lucide-react\dist\esm\icons\candy-cane.mjs.map of the Web-Client.
[info] [2026-07-25T18:04:29.851Z] : Change(s) is detected in node_modules\lucide-react\dist\esm\icons\candlestick-chart.mjs.map of the Web-Client.
[info] [2026-07-25T18:04:29.852Z] : Change(s) is detected in node_modules\lucide-react\dist\esm\icons\candy-off.mjs.map of the Web-Client.
[info] [2026-07-25T18:04:29.852Z] : Change(s) is detected in node_modules\lucide-react\dist\esm\icons\candy.mjs.map of the Web-Client.
[info] [2026-07-25T18:04:29.852Z] : Change(s) is detected in node_modules\lucide-react\dist\esm\icons\cannabis-off.mjs.map of the Web-Client.
[info] [2026-07-25T18:04:29.852Z] : Change(s) is detected in node_modules\lucide-react\dist\esm\icons\cannabis.mjs.map of the Web-Client.
[info] [2026-07-25T18:04:29.852Z] : Change(s) is detected in node_modules\lucide-react\dist\esm\icons\captions-off.mjs.map of the Web-Client.
[info] [2026-07-25T18:04:29.852Z] : Change(s) is detected in node_modules\lucide-react\dist\esm\icons\captions.mjs.map of the Web-Client.
[info] [2026-07-25T18:04:29.852Z] : Change(s) is detected in node_modules\lucide-react\dist\esm\icons\car-front.mjs.map of the Web-Client.
[info] [2026-07-25T18:04:29.852Z] : Change(s) is detected in node_modules\lucide-react\dist\esm\icons\car-taxi-front.mjs.map of the Web-Client.
[info] [2026-07-25T18:04:29.852Z] : Change(s) is detected in node_modules\lucide-react\dist\esm\icons\caravan.mjs.map of the Web-Client.
[info] [2026-07-25T18:04:29.852Z] : Change(s) is detected in node_modules\lucide-react\dist\esm\icons\car.mjs.map of the Web-Client.
[info] [2026-07-25T18:04:29.852Z] : Change(s) is detected in node_modules\lucide-react\dist\esm\icons\carrot.mjs.map of the Web-Client.
[info] [2026-07-25T18:04:29.852Z] : Change(s) is detected in node_modules\lucide-react\dist\esm\icons\case-lower.mjs.map of the Web-Client.
[info] [2026-07-25T18:04:29.852Z] : Change(s) is detected in node_modules\lucide-react\dist\esm\icons\card-sim.mjs.map of the Web-Client.
[info] [2026-07-25T18:04:29.852Z] : Change(s) is detected in node_modules\lucide-react\dist\esm\icons\cassette-tape.mjs.map of the Web-Client.
[info] [2026-07-25T18:04:29.852Z] : Change(s) is detected in node_modules\lucide-react\dist\esm\icons\case-sensitive.mjs.map of the Web-Client.
[info] [2026-07-25T18:04:29.852Z] : Change(s) is detected in node_modules\lucide-react\dist\esm\icons\case-upper.mjs.map of the Web-Client.
[info] [2026-07-25T18:04:29.852Z] : Change(s) is detected in node_modules\lucide-react\dist\esm\icons\castle.mjs.map of the Web-Client.
[info] [2026-07-25T18:04:29.852Z] : Change(s) is detected in node_modules\lucide-react\dist\esm\icons\cast.mjs.map of the Web-Client.
[info] [2026-07-25T18:04:29.852Z] : Change(s) is detected in node_modules\lucide-react\dist\esm\icons\cat.mjs.map of the Web-Client.
[info] [2026-07-25T18:04:29.852Z] : Change(s) is detected in node_modules\lucide-react\dist\esm\icons\cctv-off.mjs.map of the Web-Client.
[info] [2026-07-25T18:04:29.852Z] : Change(s) is detected in node_modules\lucide-react\dist\esm\icons\cctv.mjs.map of the Web-Client.
[info] [2026-07-25T18:04:29.852Z] : Change(s) is detected in node_modules\lucide-react\dist\esm\icons\chart-bar-big.mjs.map of the Web-Client.
[info] [2026-07-25T18:04:29.852Z] : Change(s) is detected in node_modules\lucide-react\dist\esm\icons\chart-area.mjs.map of the Web-Client.
[info] [2026-07-25T18:04:29.852Z] : Change(s) is detected in node_modules\lucide-react\dist\esm\icons\chart-bar-increasing.mjs.map of the Web-Client.
[info] [2026-07-25T18:04:29.852Z] : Change(s) is detected in node_modules\lucide-react\dist\esm\icons\chart-bar-decreasing.mjs.map of the Web-Client.
[info] [2026-07-25T18:04:29.852Z] : Change(s) is detected in node_modules\lucide-react\dist\esm\icons\chart-bar-stacked.mjs.map of the Web-Client.
[info] [2026-07-25T18:04:29.852Z] : Change(s) is detected in node_modules\lucide-react\dist\esm\icons\chart-bar.mjs.map of the Web-Client.
[info] [2026-07-25T18:04:29.853Z] : Change(s) is detected in node_modules\lucide-react\dist\esm\icons\chart-candlestick.mjs.map of the Web-Client.
[info] [2026-07-25T18:04:29.853Z] : Change(s) is detected in node_modules\lucide-react\dist\esm\icons\chart-column-big.mjs.map of the Web-Client.
[info] [2026-07-25T18:04:29.853Z] : Change(s) is detected in node_modules\lucide-react\dist\esm\icons\chart-column-increasing.mjs.map of the Web-Client.
[info] [2026-07-25T18:04:29.853Z] : Change(s) is detected in node_modules\lucide-react\dist\esm\icons\chart-column-decreasing.mjs.map of the Web-Client.
[info] [2026-07-25T18:04:29.853Z] : Change(s) is detected in node_modules\lucide-react\dist\esm\icons\chart-column.mjs.map of the Web-Client.
[info] [2026-07-25T18:04:29.853Z] : Change(s) is detected in node_modules\lucide-react\dist\esm\icons\chart-column-stacked.mjs.map of the Web-Client.
[info] [2026-07-25T18:04:29.853Z] : Change(s) is detected in node_modules\lucide-react\dist\esm\icons\chart-gantt.mjs.map of the Web-Client.
[info] [2026-07-25T18:04:29.853Z] : Change(s) is detected in node_modules\lucide-react\dist\esm\icons\chart-line.mjs.map of the Web-Client.
[info] [2026-07-25T18:04:29.853Z] : Change(s) is detected in node_modules\lucide-react\dist\esm\icons\chart-network.mjs.map of the Web-Client.
[info] [2026-07-25T18:04:29.853Z] : Change(s) is detected in node_modules\lucide-react\dist\esm\icons\chart-no-axes-column-decreasing.mjs.map of the Web-Client.
[info] [2026-07-25T18:04:29.853Z] : Change(s) is detected in node_modules\lucide-react\dist\esm\icons\chart-no-axes-combined.mjs.map of the Web-Client.
[info] [2026-07-25T18:04:29.853Z] : Change(s) is detected in node_modules\lucide-react\dist\esm\icons\chart-no-axes-column-increasing.mjs.map of the Web-Client.
[info] [2026-07-25T18:04:29.853Z] : Change(s) is detected in node_modules\lucide-react\dist\esm\icons\chart-no-axes-column.mjs.map of the Web-Client.
[info] [2026-07-25T18:04:29.853Z] : Change(s) is detected in node_modules\lucide-react\dist\esm\icons\chart-no-axes-gantt.mjs.map of the Web-Client.
[info] [2026-07-25T18:04:29.853Z] : Change(s) is detected in node_modules\lucide-react\dist\esm\icons\chart-pie.mjs.map of the Web-Client.
[info] [2026-07-25T18:04:29.853Z] : Change(s) is detected in node_modules\lucide-react\dist\esm\icons\chart-scatter.mjs.map of the Web-Client.
[info] [2026-07-25T18:04:29.853Z] : Change(s) is detected in node_modules\lucide-react\dist\esm\icons\chart-spline.mjs.map of the Web-Client.
[info] [2026-07-25T18:04:29.853Z] : Change(s) is detected in node_modules\lucide-react\dist\esm\icons\check-check.mjs.map of the Web-Client.
[info] [2026-07-25T18:04:29.853Z] : Change(s) is detected in node_modules\lucide-react\dist\esm\icons\check-circle-2.mjs.map of the Web-Client.
[info] [2026-07-25T18:04:29.853Z] : Change(s) is detected in node_modules\lucide-react\dist\esm\icons\check-circle-2.mjs of the Web-Client.
[info] [2026-07-25T18:04:29.853Z] : Change(s) is detected in node_modules\lucide-react\dist\esm\icons\check-circle.mjs of the Web-Client.
[info] [2026-07-25T18:04:29.853Z] : Change(s) is detected in node_modules\lucide-react\dist\esm\icons\check-circle.mjs.map of the Web-Client.
[info] [2026-07-25T18:04:29.853Z] : Change(s) is detected in node_modules\lucide-react\dist\esm\icons\check-square-2.mjs of the Web-Client.
[info] [2026-07-25T18:04:29.853Z] : Change(s) is detected in node_modules\lucide-react\dist\esm\icons\check-line.mjs.map of the Web-Client.
[info] [2026-07-25T18:04:29.853Z] : Change(s) is detected in node_modules\lucide-react\dist\esm\icons\check-square.mjs of the Web-Client.
[info] [2026-07-25T18:04:29.854Z] : Change(s) is detected in node_modules\lucide-react\dist\esm\icons\check-square.mjs.map of the Web-Client.
[info] [2026-07-25T18:04:29.854Z] : Change(s) is detected in node_modules\lucide-react\dist\esm\icons\check-square-2.mjs.map of the Web-Client.
[info] [2026-07-25T18:04:29.854Z] : Change(s) is detected in node_modules\lucide-react\dist\esm\icons\check.mjs.map of the Web-Client.
[info] [2026-07-25T18:04:29.915Z] : Change(s) is detected in node_modules\lucide-react\dist\esm\icons\chef-hat.mjs.map of the Web-Client.
[info] [2026-07-25T18:04:29.915Z] : Change(s) is detected in node_modules\lucide-react\dist\esm\icons\chess-bishop.mjs.map of the Web-Client.
[info] [2026-07-25T18:04:29.915Z] : Change(s) is detected in node_modules\lucide-react\dist\esm\icons\cherry.mjs.map of the Web-Client.
[info] [2026-07-25T18:04:29.915Z] : Change(s) is detected in node_modules\lucide-react\dist\esm\icons\chess-king.mjs.map of the Web-Client.
[info] [2026-07-25T18:04:29.915Z] : Change(s) is detected in node_modules\lucide-react\dist\esm\icons\chess-pawn.mjs.map of the Web-Client.
[info] [2026-07-25T18:04:29.915Z] : Change(s) is detected in node_modules\lucide-react\dist\esm\icons\chess-knight.mjs.map of the Web-Client.
[info] [2026-07-25T18:04:29.915Z] : Change(s) is detected in node_modules\lucide-react\dist\esm\icons\chess-queen.mjs.map of the Web-Client.
[info] [2026-07-25T18:04:29.915Z] : Change(s) is detected in node_modules\lucide-react\dist\esm\icons\chevron-down-circle.mjs of the Web-Client.
[info] [2026-07-25T18:04:29.915Z] : Change(s) is detected in node_modules\lucide-react\dist\esm\icons\chess-rook.mjs.map of the Web-Client.
[info] [2026-07-25T18:04:30.020Z] : Change(s) is detected in node_modules\lucide-react\dist\esm\icons\chevron-down-square.mjs of the Web-Client.
[info] [2026-07-25T18:04:30.020Z] : Change(s) is detected in node_modules\lucide-react\dist\esm\icons\chevron-down-circle.mjs.map of the Web-Client.
[info] [2026-07-25T18:04:30.020Z] : Change(s) is detected in node_modules\lucide-react\dist\esm\icons\chevron-down-square.mjs.map of the Web-Client.
[info] [2026-07-25T18:04:30.020Z] : Change(s) is detected in node_modules\lucide-react\dist\esm\icons\chevron-down.mjs.map of the Web-Client.
[info] [2026-07-25T18:04:30.020Z] : Change(s) is detected in node_modules\lucide-react\dist\esm\icons\chevron-first.mjs.map of the Web-Client.
[info] [2026-07-25T18:04:30.020Z] : Change(s) is detected in node_modules\lucide-react\dist\esm\icons\chevron-left-circle.mjs of the Web-Client.
[info] [2026-07-25T18:04:30.020Z] : Change(s) is detected in node_modules\lucide-react\dist\esm\icons\chevron-left-square.mjs of the Web-Client.
[info] [2026-07-25T18:04:30.020Z] : Change(s) is detected in node_modules\lucide-react\dist\esm\icons\chevron-left-circle.mjs.map of the Web-Client.
[info] [2026-07-25T18:04:30.020Z] : Change(s) is detected in node_modules\lucide-react\dist\esm\icons\chevron-last.mjs.map of the Web-Client.
[info] [2026-07-25T18:04:30.020Z] : Change(s) is detected in node_modules\lucide-react\dist\esm\icons\chevron-left-square.mjs.map of the Web-Client.
[info] [2026-07-25T18:04:30.020Z] : Change(s) is detected in node_modules\lucide-react\dist\esm\icons\chevron-right-circle.mjs of the Web-Client.
[info] [2026-07-25T18:04:30.020Z] : Change(s) is detected in node_modules\lucide-react\dist\esm\icons\chevron-left.mjs.map of the Web-Client.
[info] [2026-07-25T18:04:30.020Z] : Change(s) is detected in node_modules\lucide-react\dist\esm\icons\chevron-right-circle.mjs.map of the Web-Client.
[info] [2026-07-25T18:04:30.020Z] : Change(s) is detected in node_modules\lucide-react\dist\esm\icons\chevron-right-square.mjs.map of the Web-Client.
[info] [2026-07-25T18:04:30.020Z] : Change(s) is detected in node_modules\lucide-react\dist\esm\icons\chevron-right-square.mjs of the Web-Client.
[info] [2026-07-25T18:04:30.020Z] : Change(s) is detected in node_modules\lucide-react\dist\esm\icons\chevron-right.mjs.map of the Web-Client.
[info] [2026-07-25T18:04:30.020Z] : Change(s) is detected in node_modules\lucide-react\dist\esm\icons\chevron-up-circle.mjs of the Web-Client.
[info] [2026-07-25T18:04:30.020Z] : Change(s) is detected in node_modules\lucide-react\dist\esm\icons\chevron-up-square.mjs of the Web-Client.
[info] [2026-07-25T18:04:30.020Z] : Change(s) is detected in node_modules\lucide-react\dist\esm\icons\chevron-up-square.mjs.map of the Web-Client.
[info] [2026-07-25T18:04:30.020Z] : Change(s) is detected in node_modules\lucide-react\dist\esm\icons\chevron-up.mjs.map of the Web-Client.
[info] [2026-07-25T18:04:30.021Z] : Change(s) is detected in node_modules\lucide-react\dist\esm\icons\chevron-up-circle.mjs.map of the Web-Client.
[info] [2026-07-25T18:04:30.021Z] : Change(s) is detected in node_modules\lucide-react\dist\esm\icons\chevrons-down.mjs.map of the Web-Client.
[info] [2026-07-25T18:04:30.021Z] : Change(s) is detected in node_modules\lucide-react\dist\esm\icons\chevrons-down-up.mjs.map of the Web-Client.
[info] [2026-07-25T18:04:30.021Z] : Change(s) is detected in node_modules\lucide-react\dist\esm\icons\chevrons-left-right-ellipsis.mjs.map of the Web-Client.
[info] [2026-07-25T18:04:30.021Z] : Change(s) is detected in node_modules\lucide-react\dist\esm\icons\chevrons-left.mjs.map of the Web-Client.
[info] [2026-07-25T18:04:30.021Z] : Change(s) is detected in node_modules\lucide-react\dist\esm\icons\chevrons-left-right.mjs.map of the Web-Client.
[info] [2026-07-25T18:04:30.021Z] : Change(s) is detected in node_modules\lucide-react\dist\esm\icons\chevrons-right-left.mjs.map of the Web-Client.
[info] [2026-07-25T18:04:30.021Z] : Change(s) is detected in node_modules\lucide-react\dist\esm\icons\chevrons-right.mjs.map of the Web-Client.
[info] [2026-07-25T18:04:30.021Z] : Change(s) is detected in node_modules\lucide-react\dist\esm\icons\chevrons-up-down.mjs.map of the Web-Client.
[info] [2026-07-25T18:04:30.021Z] : Change(s) is detected in node_modules\lucide-react\dist\esm\icons\chevrons-up.mjs.map of the Web-Client.
[info] [2026-07-25T18:04:30.021Z] : Change(s) is detected in node_modules\lucide-react\dist\esm\icons\church.mjs.map of the Web-Client.
[info] [2026-07-25T18:04:30.021Z] : Change(s) is detected in node_modules\lucide-react\dist\esm\icons\cigarette-off.mjs.map of the Web-Client.
[info] [2026-07-25T18:04:30.021Z] : Change(s) is detected in node_modules\lucide-react\dist\esm\icons\cigarette.mjs.map of the Web-Client.
[info] [2026-07-25T18:04:30.021Z] : Change(s) is detected in node_modules\lucide-react\dist\esm\icons\circle-alert.mjs.map of the Web-Client.
[info] [2026-07-25T18:04:30.021Z] : Change(s) is detected in node_modules\lucide-react\dist\esm\icons\circle-arrow-down.mjs.map of the Web-Client.
[info] [2026-07-25T18:04:30.021Z] : Change(s) is detected in node_modules\lucide-react\dist\esm\icons\circle-arrow-left.mjs.map of the Web-Client.
[info] [2026-07-25T18:04:30.021Z] : Change(s) is detected in node_modules\lucide-react\dist\esm\icons\circle-arrow-out-down-left.mjs.map of the Web-Client.
[info] [2026-07-25T18:04:30.021Z] : Change(s) is detected in node_modules\lucide-react\dist\esm\icons\circle-arrow-out-down-right.mjs.map of the Web-Client.
[info] [2026-07-25T18:04:30.021Z] : Change(s) is detected in node_modules\lucide-react\dist\esm\icons\circle-arrow-out-up-left.mjs.map of the Web-Client.
[info] [2026-07-25T18:04:30.021Z] : Change(s) is detected in node_modules\lucide-react\dist\esm\icons\circle-arrow-out-up-right.mjs.map of the Web-Client.
[info] [2026-07-25T18:04:30.021Z] : Change(s) is detected in node_modules\lucide-react\dist\esm\icons\circle-arrow-right.mjs.map of the Web-Client.
[info] [2026-07-25T18:04:30.021Z] : Change(s) is detected in node_modules\lucide-react\dist\esm\icons\circle-arrow-up.mjs.map of the Web-Client.
[info] [2026-07-25T18:04:30.021Z] : Change(s) is detected in node_modules\lucide-react\dist\esm\icons\circle-check-big.mjs.map of the Web-Client.
[info] [2026-07-25T18:04:30.021Z] : Change(s) is detected in node_modules\lucide-react\dist\esm\icons\circle-check.mjs.map of the Web-Client.
[info] [2026-07-25T18:04:30.022Z] : Change(s) is detected in node_modules\lucide-react\dist\esm\icons\circle-chevron-down.mjs.map of the Web-Client.
[info] [2026-07-25T18:04:30.022Z] : Change(s) is detected in node_modules\lucide-react\dist\esm\icons\circle-chevron-left.mjs.map of the Web-Client.
[info] [2026-07-25T18:04:30.022Z] : Change(s) is detected in node_modules\lucide-react\dist\esm\icons\circle-chevron-right.mjs.map of the Web-Client.
[info] [2026-07-25T18:04:30.022Z] : Change(s) is detected in node_modules\lucide-react\dist\esm\icons\circle-chevron-up.mjs.map of the Web-Client.
[info] [2026-07-25T18:04:30.022Z] : Change(s) is detected in node_modules\lucide-react\dist\esm\icons\circle-dashed.mjs.map of the Web-Client.
[info] [2026-07-25T18:04:30.022Z] : Change(s) is detected in node_modules\lucide-react\dist\esm\icons\circle-divide.mjs.map of the Web-Client.
[info] [2026-07-25T18:04:30.022Z] : Change(s) is detected in node_modules\lucide-react\dist\esm\icons\circle-dollar-sign.mjs.map of the Web-Client.
[info] [2026-07-25T18:04:30.022Z] : Change(s) is detected in node_modules\lucide-react\dist\esm\icons\circle-dot-dashed.mjs.map of the Web-Client.
[info] [2026-07-25T18:04:30.022Z] : Change(s) is detected in node_modules\lucide-react\dist\esm\icons\circle-dot.mjs.map of the Web-Client.
[info] [2026-07-25T18:04:30.023Z] : Change(s) is detected in node_modules\lucide-react\dist\esm\icons\circle-ellipsis.mjs.map of the Web-Client.
[info] [2026-07-25T18:04:30.023Z] : Change(s) is detected in node_modules\lucide-react\dist\esm\icons\circle-equal.mjs.map of the Web-Client.
[info] [2026-07-25T18:04:30.023Z] : Change(s) is detected in node_modules\lucide-react\dist\esm\icons\circle-euro.mjs.map of the Web-Client.
[info] [2026-07-25T18:04:30.023Z] : Change(s) is detected in node_modules\lucide-react\dist\esm\icons\circle-fading-arrow-up.mjs.map of the Web-Client.
[info] [2026-07-25T18:04:30.023Z] : Change(s) is detected in node_modules\lucide-react\dist\esm\icons\circle-fading-plus.mjs.map of the Web-Client.
[info] [2026-07-25T18:04:30.023Z] : Change(s) is detected in node_modules\lucide-react\dist\esm\icons\circle-gauge.mjs.map of the Web-Client.
[info] [2026-07-25T18:04:30.023Z] : Change(s) is detected in node_modules\lucide-react\dist\esm\icons\circle-help.mjs of the Web-Client.
[info] [2026-07-25T18:04:30.023Z] : Change(s) is detected in node_modules\lucide-react\dist\esm\icons\circle-help.mjs.map of the Web-Client.
[info] [2026-07-25T18:04:30.023Z] : Change(s) is detected in node_modules\lucide-react\dist\esm\icons\circle-minus.mjs.map of the Web-Client.
[info] [2026-07-25T18:04:30.023Z] : Change(s) is detected in node_modules\lucide-react\dist\esm\icons\circle-off.mjs.map of the Web-Client.
[info] [2026-07-25T18:04:30.023Z] : Change(s) is detected in node_modules\lucide-react\dist\esm\icons\circle-parking-off.mjs.map of the Web-Client.
[info] [2026-07-25T18:04:30.023Z] : Change(s) is detected in node_modules\lucide-react\dist\esm\icons\circle-parking.mjs.map of the Web-Client.
[info] [2026-07-25T18:04:30.023Z] : Change(s) is detected in node_modules\lucide-react\dist\esm\icons\circle-pause.mjs.map of the Web-Client.
[info] [2026-07-25T18:04:30.023Z] : Change(s) is detected in node_modules\lucide-react\dist\esm\icons\circle-percent.mjs.map of the Web-Client.
[info] [2026-07-25T18:04:30.023Z] : Change(s) is detected in node_modules\lucide-react\dist\esm\icons\circle-pile.mjs.map of the Web-Client.
[info] [2026-07-25T18:04:30.023Z] : Change(s) is detected in node_modules\lucide-react\dist\esm\icons\circle-play.mjs.map of the Web-Client.
[info] [2026-07-25T18:04:30.024Z] : Change(s) is detected in node_modules\lucide-react\dist\esm\icons\circle-plus.mjs.map of the Web-Client.
[info] [2026-07-25T18:04:30.024Z] : Change(s) is detected in node_modules\lucide-react\dist\esm\icons\circle-pound-sterling.mjs.map of the Web-Client.
[info] [2026-07-25T18:04:30.024Z] : Change(s) is detected in node_modules\lucide-react\dist\esm\icons\circle-power.mjs.map of the Web-Client.
[info] [2026-07-25T18:04:30.024Z] : Change(s) is detected in node_modules\lucide-react\dist\esm\icons\circle-question-mark.mjs.map of the Web-Client.
[info] [2026-07-25T18:04:30.024Z] : Change(s) is detected in node_modules\lucide-react\dist\esm\icons\circle-slash.mjs.map of the Web-Client.
[info] [2026-07-25T18:04:30.024Z] : Change(s) is detected in node_modules\lucide-react\dist\esm\icons\circle-slashed.mjs of the Web-Client.
[info] [2026-07-25T18:04:30.024Z] : Change(s) is detected in node_modules\lucide-react\dist\esm\icons\circle-slashed.mjs.map of the Web-Client.
[info] [2026-07-25T18:04:30.024Z] : Change(s) is detected in node_modules\lucide-react\dist\esm\icons\circle-slash-2.mjs.map of the Web-Client.
[info] [2026-07-25T18:04:30.024Z] : Change(s) is detected in node_modules\lucide-react\dist\esm\icons\circle-small.mjs.map of the Web-Client.
[info] [2026-07-25T18:04:30.024Z] : Change(s) is detected in node_modules\lucide-react\dist\esm\icons\circle-star.mjs.map of the Web-Client.
[info] [2026-07-25T18:04:30.024Z] : Change(s) is detected in node_modules\lucide-react\dist\esm\icons\circle-stop.mjs.map of the Web-Client.
[info] [2026-07-25T18:04:30.024Z] : Change(s) is detected in node_modules\lucide-react\dist\esm\icons\circle-user.mjs.map of the Web-Client.
[info] [2026-07-25T18:04:30.024Z] : Change(s) is detected in node_modules\lucide-react\dist\esm\icons\circle-user-round.mjs.map of the Web-Client.
[info] [2026-07-25T18:04:30.024Z] : Change(s) is detected in node_modules\lucide-react\dist\esm\icons\circle-x.mjs.map of the Web-Client.
[info] [2026-07-25T18:04:30.024Z] : Change(s) is detected in node_modules\lucide-react\dist\esm\icons\circle.mjs.map of the Web-Client.
[info] [2026-07-25T18:04:30.024Z] : Change(s) is detected in node_modules\lucide-react\dist\esm\icons\circuit-board.mjs.map of the Web-Client.
[info] [2026-07-25T18:04:30.024Z] : Change(s) is detected in node_modules\lucide-react\dist\esm\icons\citrus.mjs.map of the Web-Client.
[info] [2026-07-25T18:04:30.024Z] : Change(s) is detected in node_modules\lucide-react\dist\esm\icons\clapperboard.mjs.map of the Web-Client.
[info] [2026-07-25T18:04:30.024Z] : Change(s) is detected in node_modules\lucide-react\dist\esm\icons\clipboard-clock.mjs.map of the Web-Client.
[info] [2026-07-25T18:04:30.024Z] : Change(s) is detected in node_modules\lucide-react\dist\esm\icons\clipboard-check.mjs.map of the Web-Client.
[info] [2026-07-25T18:04:30.024Z] : Change(s) is detected in node_modules\lucide-react\dist\esm\icons\clipboard-copy.mjs.map of the Web-Client.
[info] [2026-07-25T18:04:30.024Z] : Change(s) is detected in node_modules\lucide-react\dist\esm\icons\clipboard-edit.mjs.map of the Web-Client.
[info] [2026-07-25T18:04:30.024Z] : Change(s) is detected in node_modules\lucide-react\dist\esm\icons\clipboard-edit.mjs of the Web-Client.
[info] [2026-07-25T18:04:30.025Z] : Change(s) is detected in node_modules\lucide-react\dist\esm\icons\clipboard-list.mjs.map of the Web-Client.
[info] [2026-07-25T18:04:30.025Z] : Change(s) is detected in node_modules\lucide-react\dist\esm\icons\clipboard-minus.mjs.map of the Web-Client.
[info] [2026-07-25T18:04:30.025Z] : Change(s) is detected in node_modules\lucide-react\dist\esm\icons\clipboard-paste.mjs.map of the Web-Client.
[info] [2026-07-25T18:04:30.025Z] : Change(s) is detected in node_modules\lucide-react\dist\esm\icons\clipboard-pen-line.mjs.map of the Web-Client.
[info] [2026-07-25T18:04:30.025Z] : Change(s) is detected in node_modules\lucide-react\dist\esm\icons\clipboard-plus.mjs.map of the Web-Client.
[info] [2026-07-25T18:04:30.025Z] : Change(s) is detected in node_modules\lucide-react\dist\esm\icons\clipboard-signature.mjs.map of the Web-Client.
[info] [2026-07-25T18:04:30.025Z] : Change(s) is detected in node_modules\lucide-react\dist\esm\icons\clipboard-signature.mjs of the Web-Client.
[info] [2026-07-25T18:04:30.025Z] : Change(s) is detected in node_modules\lucide-react\dist\esm\icons\clipboard-pen.mjs.map of the Web-Client.
[info] [2026-07-25T18:04:30.025Z] : Change(s) is detected in node_modules\lucide-react\dist\esm\icons\clipboard-type.mjs.map of the Web-Client.
[info] [2026-07-25T18:04:30.025Z] : Change(s) is detected in node_modules\lucide-react\dist\esm\icons\clipboard.mjs.map of the Web-Client.
[info] [2026-07-25T18:04:30.025Z] : Change(s) is detected in node_modules\lucide-react\dist\esm\icons\clipboard-x.mjs.map of the Web-Client.
[info] [2026-07-25T18:04:30.025Z] : Change(s) is detected in node_modules\lucide-react\dist\esm\icons\clock-1.mjs.map of the Web-Client.
[info] [2026-07-25T18:04:30.025Z] : Change(s) is detected in node_modules\lucide-react\dist\esm\icons\clock-10.mjs.map of the Web-Client.
[info] [2026-07-25T18:04:30.025Z] : Change(s) is detected in node_modules\lucide-react\dist\esm\icons\clock-11.mjs.map of the Web-Client.
[info] [2026-07-25T18:04:30.025Z] : Change(s) is detected in node_modules\lucide-react\dist\esm\icons\clock-12.mjs.map of the Web-Client.
[info] [2026-07-25T18:04:30.025Z] : Change(s) is detected in node_modules\lucide-react\dist\esm\icons\clock-2.mjs.map of the Web-Client.
[info] [2026-07-25T18:04:30.025Z] : Change(s) is detected in node_modules\lucide-react\dist\esm\icons\clock-3.mjs.map of the Web-Client.
[info] [2026-07-25T18:04:30.025Z] : Change(s) is detected in node_modules\lucide-react\dist\esm\icons\clock-4.mjs.map of the Web-Client.
[info] [2026-07-25T18:04:30.025Z] : Change(s) is detected in node_modules\lucide-react\dist\esm\icons\clock-5.mjs.map of the Web-Client.
[info] [2026-07-25T18:04:30.026Z] : Change(s) is detected in node_modules\lucide-react\dist\esm\icons\clock-6.mjs.map of the Web-Client.
[info] [2026-07-25T18:04:30.026Z] : Change(s) is detected in node_modules\lucide-react\dist\esm\icons\clock-7.mjs.map of the Web-Client.
[info] [2026-07-25T18:04:30.090Z] : Change(s) is detected in node_modules\lucide-react\dist\esm\icons\clock-9.mjs.map of the Web-Client.
[info] [2026-07-25T18:04:30.090Z] : Change(s) is detected in node_modules\lucide-react\dist\esm\icons\clock-8.mjs.map of the Web-Client.
[info] [2026-07-25T18:04:30.090Z] : Change(s) is detected in node_modules\lucide-react\dist\esm\icons\clock-alert.mjs.map of the Web-Client.
[info] [2026-07-25T18:04:30.090Z] : Change(s) is detected in node_modules\lucide-react\dist\esm\icons\clock-arrow-down.mjs.map of the Web-Client.
[info] [2026-07-25T18:04:30.090Z] : Change(s) is detected in node_modules\lucide-react\dist\esm\icons\clock-arrow-right.mjs.map of the Web-Client.
[info] [2026-07-25T18:04:30.090Z] : Change(s) is detected in node_modules\lucide-react\dist\esm\icons\clock-arrow-left.mjs.map of the Web-Client.
[info] [2026-07-25T18:04:30.090Z] : Change(s) is detected in node_modules\lucide-react\dist\esm\icons\clock-arrow-up.mjs.map of the Web-Client.
[info] [2026-07-25T18:04:30.090Z] : Change(s) is detected in node_modules\lucide-react\dist\esm\icons\clock-check.mjs.map of the Web-Client.
[info] [2026-07-25T18:04:30.090Z] : Change(s) is detected in node_modules\lucide-react\dist\esm\icons\clock-fading.mjs.map of the Web-Client.
[info] [2026-07-25T18:04:30.090Z] : Change(s) is detected in node_modules\lucide-react\dist\esm\icons\clock-plus.mjs.map of the Web-Client.
[info] [2026-07-25T18:04:30.090Z] : Change(s) is detected in node_modules\lucide-react\dist\esm\icons\clock.mjs.map of the Web-Client.
[info] [2026-07-25T18:04:30.090Z] : Change(s) is detected in node_modules\lucide-react\dist\esm\icons\closed-caption.mjs.map of the Web-Client.
[info] [2026-07-25T18:04:30.090Z] : Change(s) is detected in node_modules\lucide-react\dist\esm\icons\cloud-alert.mjs.map of the Web-Client.
[info] [2026-07-25T18:04:30.090Z] : Change(s) is detected in node_modules\lucide-react\dist\esm\icons\cloud-backup.mjs.map of the Web-Client.
[info] [2026-07-25T18:04:30.090Z] : Change(s) is detected in node_modules\lucide-react\dist\esm\icons\cloud-check.mjs.map of the Web-Client.
[info] [2026-07-25T18:04:30.091Z] : Change(s) is detected in node_modules\lucide-react\dist\esm\icons\cloud-cog.mjs.map of the Web-Client.
[info] [2026-07-25T18:04:30.091Z] : Change(s) is detected in node_modules\lucide-react\dist\esm\icons\cloud-download.mjs.map of the Web-Client.
[info] [2026-07-25T18:04:30.091Z] : Change(s) is detected in node_modules\lucide-react\dist\esm\icons\cloud-drizzle.mjs.map of the Web-Client.
[info] [2026-07-25T18:04:30.091Z] : Change(s) is detected in node_modules\lucide-react\dist\esm\icons\cloud-hail.mjs.map of the Web-Client.
[info] [2026-07-25T18:04:30.091Z] : Change(s) is detected in node_modules\lucide-react\dist\esm\icons\cloud-fog.mjs.map of the Web-Client.
[info] [2026-07-25T18:04:30.091Z] : Change(s) is detected in node_modules\lucide-react\dist\esm\icons\cloud-moon.mjs.map of the Web-Client.
[info] [2026-07-25T18:04:30.091Z] : Change(s) is detected in node_modules\lucide-react\dist\esm\icons\cloud-moon-rain.mjs.map of the Web-Client.
[info] [2026-07-25T18:04:30.091Z] : Change(s) is detected in node_modules\lucide-react\dist\esm\icons\cloud-lightning.mjs.map of the Web-Client.
[info] [2026-07-25T18:04:30.091Z] : Change(s) is detected in node_modules\lucide-react\dist\esm\icons\cloud-off.mjs.map of the Web-Client.
[info] [2026-07-25T18:04:30.091Z] : Change(s) is detected in node_modules\lucide-react\dist\esm\icons\cloud-rain-wind.mjs.map of the Web-Client.
[info] [2026-07-25T18:04:30.091Z] : Change(s) is detected in node_modules\lucide-react\dist\esm\icons\cloud-rain.mjs.map of the Web-Client.
[info] [2026-07-25T18:04:30.091Z] : Change(s) is detected in node_modules\lucide-react\dist\esm\icons\cloud-snow.mjs.map of the Web-Client.
[info] [2026-07-25T18:04:30.091Z] : Change(s) is detected in node_modules\lucide-react\dist\esm\icons\cloud-sun-rain.mjs.map of the Web-Client.
[info] [2026-07-25T18:04:30.091Z] : Change(s) is detected in node_modules\lucide-react\dist\esm\icons\cloud-sync.mjs.map of the Web-Client.
[info] [2026-07-25T18:04:30.091Z] : Change(s) is detected in node_modules\lucide-react\dist\esm\icons\cloud-sun.mjs.map of the Web-Client.
[info] [2026-07-25T18:04:30.091Z] : Change(s) is detected in node_modules\lucide-react\dist\esm\icons\cloudy.mjs.map of the Web-Client.
[info] [2026-07-25T18:04:30.091Z] : Change(s) is detected in node_modules\lucide-react\dist\esm\icons\cloud-upload.mjs.map of the Web-Client.
[info] [2026-07-25T18:04:30.091Z] : Change(s) is detected in node_modules\lucide-react\dist\esm\icons\cloud.mjs.map of the Web-Client.
[info] [2026-07-25T18:04:30.091Z] : Change(s) is detected in node_modules\lucide-react\dist\esm\icons\code-2.mjs of the Web-Client.
[info] [2026-07-25T18:04:30.091Z] : Change(s) is detected in node_modules\lucide-react\dist\esm\icons\clover.mjs.map of the Web-Client.
[info] [2026-07-25T18:04:30.091Z] : Change(s) is detected in node_modules\lucide-react\dist\esm\icons\club.mjs.map of the Web-Client.
[info] [2026-07-25T18:04:30.091Z] : Change(s) is detected in node_modules\lucide-react\dist\esm\icons\code-2.mjs.map of the Web-Client.
[info] [2026-07-25T18:04:30.091Z] : Change(s) is detected in node_modules\lucide-react\dist\esm\icons\code-square.mjs.map of the Web-Client.
[info] [2026-07-25T18:04:30.091Z] : Change(s) is detected in node_modules\lucide-react\dist\esm\icons\code-square.mjs of the Web-Client.
[info] [2026-07-25T18:04:30.091Z] : Change(s) is detected in node_modules\lucide-react\dist\esm\icons\code.mjs.map of the Web-Client.
[info] [2026-07-25T18:04:30.091Z] : Change(s) is detected in node_modules\lucide-react\dist\esm\icons\code-xml.mjs.map of the Web-Client.
[info] [2026-07-25T18:04:30.091Z] : Change(s) is detected in node_modules\lucide-react\dist\esm\icons\coffee.mjs.map of the Web-Client.
[info] [2026-07-25T18:04:30.091Z] : Change(s) is detected in node_modules\lucide-react\dist\esm\icons\cog.mjs.map of the Web-Client.
[info] [2026-07-25T18:04:30.091Z] : Change(s) is detected in node_modules\lucide-react\dist\esm\icons\coins.mjs.map of the Web-Client.
[info] [2026-07-25T18:04:30.091Z] : Change(s) is detected in node_modules\lucide-react\dist\esm\icons\columns-2.mjs.map of the Web-Client.
[info] [2026-07-25T18:04:30.091Z] : Change(s) is detected in node_modules\lucide-react\dist\esm\icons\columns-3-cog.mjs.map of the Web-Client.
[info] [2026-07-25T18:04:30.091Z] : Change(s) is detected in node_modules\lucide-react\dist\esm\icons\columns-3.mjs.map of the Web-Client.
[info] [2026-07-25T18:04:30.091Z] : Change(s) is detected in node_modules\lucide-react\dist\esm\icons\columns-4.mjs.map of the Web-Client.
[info] [2026-07-25T18:04:30.091Z] : Change(s) is detected in node_modules\lucide-react\dist\esm\icons\columns-settings.mjs.map of the Web-Client.
[info] [2026-07-25T18:04:30.091Z] : Change(s) is detected in node_modules\lucide-react\dist\esm\icons\columns.mjs of the Web-Client.
[info] [2026-07-25T18:04:30.092Z] : Change(s) is detected in node_modules\lucide-react\dist\esm\icons\columns-settings.mjs of the Web-Client.
[info] [2026-07-25T18:04:30.092Z] : Change(s) is detected in node_modules\lucide-react\dist\esm\icons\columns.mjs.map of the Web-Client.
[info] [2026-07-25T18:04:30.092Z] : Change(s) is detected in node_modules\lucide-react\dist\esm\icons\combine.mjs.map of the Web-Client.
[info] [2026-07-25T18:04:30.092Z] : Change(s) is detected in node_modules\lucide-react\dist\esm\icons\compass.mjs.map of the Web-Client.
[info] [2026-07-25T18:04:30.092Z] : Change(s) is detected in node_modules\lucide-react\dist\esm\icons\command.mjs.map of the Web-Client.
[info] [2026-07-25T18:04:30.092Z] : Change(s) is detected in node_modules\lucide-react\dist\esm\icons\component.mjs.map of the Web-Client.
[info] [2026-07-25T18:04:30.092Z] : Change(s) is detected in node_modules\lucide-react\dist\esm\icons\computer.mjs.map of the Web-Client.
[info] [2026-07-25T18:04:30.092Z] : Change(s) is detected in node_modules\lucide-react\dist\esm\icons\concierge-bell.mjs.map of the Web-Client.
[info] [2026-07-25T18:04:30.092Z] : Change(s) is detected in node_modules\lucide-react\dist\esm\icons\construction.mjs.map of the Web-Client.
[info] [2026-07-25T18:04:30.092Z] : Change(s) is detected in node_modules\lucide-react\dist\esm\icons\contact-2.mjs.map of the Web-Client.
[info] [2026-07-25T18:04:30.092Z] : Change(s) is detected in node_modules\lucide-react\dist\esm\icons\contact-2.mjs of the Web-Client.
[info] [2026-07-25T18:04:30.092Z] : Change(s) is detected in node_modules\lucide-react\dist\esm\icons\cone.mjs.map of the Web-Client.
[info] [2026-07-25T18:04:30.092Z] : Change(s) is detected in node_modules\lucide-react\dist\esm\icons\contact-round.mjs.map of the Web-Client.
[info] [2026-07-25T18:04:30.092Z] : Change(s) is detected in node_modules\lucide-react\dist\esm\icons\contact.mjs.map of the Web-Client.
[info] [2026-07-25T18:04:30.092Z] : Change(s) is detected in node_modules\lucide-react\dist\esm\icons\container.mjs.map of the Web-Client.
[info] [2026-07-25T18:04:30.093Z] : Change(s) is detected in node_modules\lucide-react\dist\esm\icons\cookie.mjs.map of the Web-Client.
[info] [2026-07-25T18:04:30.093Z] : Change(s) is detected in node_modules\lucide-react\dist\esm\icons\contrast.mjs.map of the Web-Client.
[info] [2026-07-25T18:04:30.093Z] : Change(s) is detected in node_modules\lucide-react\dist\esm\icons\cooking-pot.mjs.map of the Web-Client.
[info] [2026-07-25T18:04:30.093Z] : Change(s) is detected in node_modules\lucide-react\dist\esm\icons\copy-check.mjs.map of the Web-Client.
[info] [2026-07-25T18:04:30.093Z] : Change(s) is detected in node_modules\lucide-react\dist\esm\icons\copy-minus.mjs.map of the Web-Client.
[info] [2026-07-25T18:04:30.093Z] : Change(s) is detected in node_modules\lucide-react\dist\esm\icons\copy-plus.mjs.map of the Web-Client.
[info] [2026-07-25T18:04:30.093Z] : Change(s) is detected in node_modules\lucide-react\dist\esm\icons\copy-slash.mjs.map of the Web-Client.
[info] [2026-07-25T18:04:30.093Z] : Change(s) is detected in node_modules\lucide-react\dist\esm\icons\copy-x.mjs.map of the Web-Client.
[info] [2026-07-25T18:04:30.093Z] : Change(s) is detected in node_modules\lucide-react\dist\esm\icons\copyleft.mjs.map of the Web-Client.
[info] [2026-07-25T18:04:30.093Z] : Change(s) is detected in node_modules\lucide-react\dist\esm\icons\copy.mjs.map of the Web-Client.
[info] [2026-07-25T18:04:30.093Z] : Change(s) is detected in node_modules\lucide-react\dist\esm\icons\copyright.mjs.map of the Web-Client.
[info] [2026-07-25T18:04:30.093Z] : Change(s) is detected in node_modules\lucide-react\dist\esm\icons\corner-down-right.mjs.map of the Web-Client.
[info] [2026-07-25T18:04:30.093Z] : Change(s) is detected in node_modules\lucide-react\dist\esm\icons\corner-down-left.mjs.map of the Web-Client.
[info] [2026-07-25T18:04:30.093Z] : Change(s) is detected in node_modules\lucide-react\dist\esm\icons\corner-left-down.mjs.map of the Web-Client.
[info] [2026-07-25T18:04:30.093Z] : Change(s) is detected in node_modules\lucide-react\dist\esm\icons\corner-left-up.mjs.map of the Web-Client.
[info] [2026-07-25T18:04:30.093Z] : Change(s) is detected in node_modules\lucide-react\dist\esm\icons\corner-right-down.mjs.map of the Web-Client.
[info] [2026-07-25T18:04:30.093Z] : Change(s) is detected in node_modules\lucide-react\dist\esm\icons\corner-up-left.mjs.map of the Web-Client.
[info] [2026-07-25T18:04:30.093Z] : Change(s) is detected in node_modules\lucide-react\dist\esm\icons\corner-right-up.mjs.map of the Web-Client.
[info] [2026-07-25T18:04:30.093Z] : Change(s) is detected in node_modules\lucide-react\dist\esm\icons\corner-up-right.mjs.map of the Web-Client.
[info] [2026-07-25T18:04:30.093Z] : Change(s) is detected in node_modules\lucide-react\dist\esm\icons\cpu.mjs.map of the Web-Client.
[info] [2026-07-25T18:04:30.093Z] : Change(s) is detected in node_modules\lucide-react\dist\esm\icons\creative-commons.mjs.map of the Web-Client.
[info] [2026-07-25T18:04:30.093Z] : Change(s) is detected in node_modules\lucide-react\dist\esm\icons\croissant.mjs.map of the Web-Client.
[info] [2026-07-25T18:04:30.093Z] : Change(s) is detected in node_modules\lucide-react\dist\esm\icons\credit-card.mjs.map of the Web-Client.
[info] [2026-07-25T18:04:30.093Z] : Change(s) is detected in node_modules\lucide-react\dist\esm\icons\crop.mjs.map of the Web-Client.
[info] [2026-07-25T18:04:30.094Z] : Change(s) is detected in node_modules\lucide-react\dist\esm\icons\cross.mjs.map of the Web-Client.
[info] [2026-07-25T18:04:30.094Z] : Change(s) is detected in node_modules\lucide-react\dist\esm\icons\crosshair.mjs.map of the Web-Client.
[info] [2026-07-25T18:04:30.094Z] : Change(s) is detected in node_modules\lucide-react\dist\esm\icons\crown.mjs.map of the Web-Client.
[info] [2026-07-25T18:04:30.094Z] : Change(s) is detected in node_modules\lucide-react\dist\esm\icons\cuboid.mjs.map of the Web-Client.
[info] [2026-07-25T18:04:30.094Z] : Change(s) is detected in node_modules\lucide-react\dist\esm\icons\cup-soda.mjs.map of the Web-Client.
[info] [2026-07-25T18:04:30.094Z] : Change(s) is detected in node_modules\lucide-react\dist\esm\icons\curly-braces.mjs.map of the Web-Client.
[info] [2026-07-25T18:04:30.094Z] : Change(s) is detected in node_modules\lucide-react\dist\esm\icons\curly-braces.mjs of the Web-Client.
[info] [2026-07-25T18:04:30.094Z] : Change(s) is detected in node_modules\lucide-react\dist\esm\icons\cylinder.mjs.map of the Web-Client.
[info] [2026-07-25T18:04:30.094Z] : Change(s) is detected in node_modules\lucide-react\dist\esm\icons\currency.mjs.map of the Web-Client.
[info] [2026-07-25T18:04:30.094Z] : Change(s) is detected in node_modules\lucide-react\dist\esm\icons\dam.mjs.map of the Web-Client.
[info] [2026-07-25T18:04:30.094Z] : Change(s) is detected in node_modules\lucide-react\dist\esm\icons\database-arrow-down.mjs.map of the Web-Client.
[info] [2026-07-25T18:04:30.094Z] : Change(s) is detected in node_modules\lucide-react\dist\esm\icons\database-arrow-up.mjs.map of the Web-Client.
[info] [2026-07-25T18:04:30.094Z] : Change(s) is detected in node_modules\lucide-react\dist\esm\icons\database-backup.mjs.map of the Web-Client.
[info] [2026-07-25T18:04:30.094Z] : Change(s) is detected in node_modules\lucide-react\dist\esm\icons\database-check.mjs.map of the Web-Client.
[info] [2026-07-25T18:04:30.094Z] : Change(s) is detected in node_modules\lucide-react\dist\esm\icons\database-minus.mjs.map of the Web-Client.
[info] [2026-07-25T18:04:30.094Z] : Change(s) is detected in node_modules\lucide-react\dist\esm\icons\database-plus.mjs.map of the Web-Client.
[info] [2026-07-25T18:04:30.094Z] : Change(s) is detected in node_modules\lucide-react\dist\esm\icons\database-search.mjs.map of the Web-Client.
[info] [2026-07-25T18:04:30.095Z] : Change(s) is detected in node_modules\lucide-react\dist\esm\icons\database-x.mjs.map of the Web-Client.
[info] [2026-07-25T18:04:30.095Z] : Change(s) is detected in node_modules\lucide-react\dist\esm\icons\database-zap.mjs.map of the Web-Client.
[info] [2026-07-25T18:04:30.095Z] : Change(s) is detected in node_modules\lucide-react\dist\esm\icons\database.mjs.map of the Web-Client.
[info] [2026-07-25T18:04:30.095Z] : Change(s) is detected in node_modules\lucide-react\dist\esm\icons\decimals-arrow-left.mjs.map of the Web-Client.
[info] [2026-07-25T18:04:30.095Z] : Change(s) is detected in node_modules\lucide-react\dist\esm\icons\decimals-arrow-right.mjs.map of the Web-Client.
[info] [2026-07-25T18:04:30.095Z] : Change(s) is detected in node_modules\lucide-react\dist\esm\icons\delete.mjs.map of the Web-Client.
[info] [2026-07-25T18:04:30.095Z] : Change(s) is detected in node_modules\lucide-react\dist\esm\icons\dessert.mjs.map of the Web-Client.
[info] [2026-07-25T18:04:30.095Z] : Change(s) is detected in node_modules\lucide-react\dist\esm\icons\diameter.mjs.map of the Web-Client.
[info] [2026-07-25T18:04:30.095Z] : Change(s) is detected in node_modules\lucide-react\dist\esm\icons\diamond-minus.mjs.map of the Web-Client.
[info] [2026-07-25T18:04:30.095Z] : Change(s) is detected in node_modules\lucide-react\dist\esm\icons\diamond-percent.mjs.map of the Web-Client.
[info] [2026-07-25T18:04:30.095Z] : Change(s) is detected in node_modules\lucide-react\dist\esm\icons\diamond-plus.mjs.map of the Web-Client.
[info] [2026-07-25T18:04:30.098Z] : Change(s) is detected in node_modules\lucide-react\dist\esm\icons\diamond.mjs.map of the Web-Client.
[info] [2026-07-25T18:04:30.098Z] : Change(s) is detected in node_modules\lucide-react\dist\esm\icons\dice-1.mjs.map of the Web-Client.
[info] [2026-07-25T18:04:30.098Z] : Change(s) is detected in node_modules\lucide-react\dist\esm\icons\dice-2.mjs.map of the Web-Client.
[info] [2026-07-25T18:04:30.098Z] : Change(s) is detected in node_modules\lucide-react\dist\esm\icons\dice-3.mjs.map of the Web-Client.
[info] [2026-07-25T18:04:30.098Z] : Change(s) is detected in node_modules\lucide-react\dist\esm\icons\dice-4.mjs.map of the Web-Client.
[info] [2026-07-25T18:04:30.098Z] : Change(s) is detected in node_modules\lucide-react\dist\esm\icons\dice-6.mjs.map of the Web-Client.
[info] [2026-07-25T18:04:30.098Z] : Change(s) is detected in node_modules\lucide-react\dist\esm\icons\dice-5.mjs.map of the Web-Client.
[info] [2026-07-25T18:04:30.098Z] : Change(s) is detected in node_modules\lucide-react\dist\esm\icons\diff.mjs.map of the Web-Client.
[info] [2026-07-25T18:04:30.098Z] : Change(s) is detected in node_modules\lucide-react\dist\esm\icons\disc-2.mjs.map of the Web-Client.
[info] [2026-07-25T18:04:30.098Z] : Change(s) is detected in node_modules\lucide-react\dist\esm\icons\disc-3.mjs.map of the Web-Client.
[info] [2026-07-25T18:04:30.098Z] : Change(s) is detected in node_modules\lucide-react\dist\esm\icons\dices.mjs.map of the Web-Client.
[info] [2026-07-25T18:04:30.098Z] : Change(s) is detected in node_modules\lucide-react\dist\esm\icons\disc-album.mjs.map of the Web-Client.
[info] [2026-07-25T18:04:30.098Z] : Change(s) is detected in node_modules\lucide-react\dist\esm\icons\divide-circle.mjs of the Web-Client.
[info] [2026-07-25T18:04:30.098Z] : Change(s) is detected in node_modules\lucide-react\dist\esm\icons\disc.mjs.map of the Web-Client.
[info] [2026-07-25T18:04:30.098Z] : Change(s) is detected in node_modules\lucide-react\dist\esm\icons\divide-circle.mjs.map of the Web-Client.
[info] [2026-07-25T18:04:30.098Z] : Change(s) is detected in node_modules\lucide-react\dist\esm\icons\divide-square.mjs.map of the Web-Client.
[info] [2026-07-25T18:04:30.098Z] : Change(s) is detected in node_modules\lucide-react\dist\esm\icons\divide-square.mjs of the Web-Client.
[info] [2026-07-25T18:04:30.098Z] : Change(s) is detected in node_modules\lucide-react\dist\esm\icons\dna-off.mjs.map of the Web-Client.
[info] [2026-07-25T18:04:30.098Z] : Change(s) is detected in node_modules\lucide-react\dist\esm\icons\divide.mjs.map of the Web-Client.
[info] [2026-07-25T18:04:30.098Z] : Change(s) is detected in node_modules\lucide-react\dist\esm\icons\dna.mjs.map of the Web-Client.
[info] [2026-07-25T18:04:30.098Z] : Change(s) is detected in node_modules\lucide-react\dist\esm\icons\dock.mjs.map of the Web-Client.
[info] [2026-07-25T18:04:30.098Z] : Change(s) is detected in node_modules\lucide-react\dist\esm\icons\dollar-sign.mjs.map of the Web-Client.
[info] [2026-07-25T18:04:30.098Z] : Change(s) is detected in node_modules\lucide-react\dist\esm\icons\dog.mjs.map of the Web-Client.
[info] [2026-07-25T18:04:30.098Z] : Change(s) is detected in node_modules\lucide-react\dist\esm\icons\donut.mjs.map of the Web-Client.
[info] [2026-07-25T18:04:30.098Z] : Change(s) is detected in node_modules\lucide-react\dist\esm\icons\door-closed-locked.mjs.map of the Web-Client.
[info] [2026-07-25T18:04:30.098Z] : Change(s) is detected in node_modules\lucide-react\dist\esm\icons\door-closed.mjs.map of the Web-Client.
[info] [2026-07-25T18:04:30.098Z] : Change(s) is detected in node_modules\lucide-react\dist\esm\icons\door-open.mjs.map of the Web-Client.
[info] [2026-07-25T18:04:30.098Z] : Change(s) is detected in node_modules\lucide-react\dist\esm\icons\dot-square.mjs.map of the Web-Client.
[info] [2026-07-25T18:04:30.098Z] : Change(s) is detected in node_modules\lucide-react\dist\esm\icons\dot-square.mjs of the Web-Client.
[info] [2026-07-25T18:04:30.098Z] : Change(s) is detected in node_modules\lucide-react\dist\esm\icons\download-cloud.mjs of the Web-Client.
[info] [2026-07-25T18:04:30.098Z] : Change(s) is detected in node_modules\lucide-react\dist\esm\icons\dot.mjs.map of the Web-Client.
[info] [2026-07-25T18:04:30.098Z] : Change(s) is detected in node_modules\lucide-react\dist\esm\icons\download-cloud.mjs.map of the Web-Client.
[info] [2026-07-25T18:04:30.098Z] : Change(s) is detected in node_modules\lucide-react\dist\esm\icons\download.mjs.map of the Web-Client.
[info] [2026-07-25T18:04:30.098Z] : Change(s) is detected in node_modules\lucide-react\dist\esm\icons\drafting-compass.mjs.map of the Web-Client.
[info] [2026-07-25T18:04:30.098Z] : Change(s) is detected in node_modules\lucide-react\dist\esm\icons\drill.mjs.map of the Web-Client.
[info] [2026-07-25T18:04:30.098Z] : Change(s) is detected in node_modules\lucide-react\dist\esm\icons\drama.mjs.map of the Web-Client.
[info] [2026-07-25T18:04:30.098Z] : Change(s) is detected in node_modules\lucide-react\dist\esm\icons\drone.mjs.map of the Web-Client.
[info] [2026-07-25T18:04:30.099Z] : Change(s) is detected in node_modules\lucide-react\dist\esm\icons\droplet-off.mjs.map of the Web-Client.
[info] [2026-07-25T18:04:30.099Z] : Change(s) is detected in node_modules\lucide-react\dist\esm\icons\droplets.mjs.map of the Web-Client.
[info] [2026-07-25T18:04:30.099Z] : Change(s) is detected in node_modules\lucide-react\dist\esm\icons\droplet.mjs.map of the Web-Client.
[info] [2026-07-25T18:04:30.099Z] : Change(s) is detected in node_modules\lucide-react\dist\esm\icons\drum.mjs.map of the Web-Client.
[info] [2026-07-25T18:04:30.099Z] : Change(s) is detected in node_modules\lucide-react\dist\esm\icons\dumbbell.mjs.map of the Web-Client.
[info] [2026-07-25T18:04:30.099Z] : Change(s) is detected in node_modules\lucide-react\dist\esm\icons\drumstick.mjs.map of the Web-Client.
[info] [2026-07-25T18:04:30.099Z] : Change(s) is detected in node_modules\lucide-react\dist\esm\icons\ear-off.mjs.map of the Web-Client.
[info] [2026-07-25T18:04:30.099Z] : Change(s) is detected in node_modules\lucide-react\dist\esm\icons\earth-lock.mjs.map of the Web-Client.
[info] [2026-07-25T18:04:30.099Z] : Change(s) is detected in node_modules\lucide-react\dist\esm\icons\earth.mjs.map of the Web-Client.
[info] [2026-07-25T18:04:30.099Z] : Change(s) is detected in node_modules\lucide-react\dist\esm\icons\ear.mjs.map of the Web-Client.
[info] [2026-07-25T18:04:30.099Z] : Change(s) is detected in node_modules\lucide-react\dist\esm\icons\edit-2.mjs of the Web-Client.
[info] [2026-07-25T18:04:30.099Z] : Change(s) is detected in node_modules\lucide-react\dist\esm\icons\eclipse.mjs.map of the Web-Client.
[info] [2026-07-25T18:04:30.099Z] : Change(s) is detected in node_modules\lucide-react\dist\esm\icons\edit-3.mjs.map of the Web-Client.
[info] [2026-07-25T18:04:30.099Z] : Change(s) is detected in node_modules\lucide-react\dist\esm\icons\edit-2.mjs.map of the Web-Client.
[info] [2026-07-25T18:04:30.099Z] : Change(s) is detected in node_modules\lucide-react\dist\esm\icons\edit-3.mjs of the Web-Client.
[info] [2026-07-25T18:04:30.099Z] : Change(s) is detected in node_modules\lucide-react\dist\esm\icons\edit.mjs.map of the Web-Client.
[info] [2026-07-25T18:04:30.099Z] : Change(s) is detected in node_modules\lucide-react\dist\esm\icons\edit.mjs of the Web-Client.
[info] [2026-07-25T18:04:30.099Z] : Change(s) is detected in node_modules\lucide-react\dist\esm\icons\egg-fried.mjs.map of the Web-Client.
[info] [2026-07-25T18:04:30.099Z] : Change(s) is detected in node_modules\lucide-react\dist\esm\icons\egg-off.mjs.map of the Web-Client.
[info] [2026-07-25T18:04:30.099Z] : Change(s) is detected in node_modules\lucide-react\dist\esm\icons\egg.mjs.map of the Web-Client.
[info] [2026-07-25T18:04:30.099Z] : Change(s) is detected in node_modules\lucide-react\dist\esm\icons\ellipse.mjs.map of the Web-Client.
[info] [2026-07-25T18:04:30.099Z] : Change(s) is detected in node_modules\lucide-react\dist\esm\icons\ellipsis.mjs.map of the Web-Client.
[info] [2026-07-25T18:04:30.099Z] : Change(s) is detected in node_modules\lucide-react\dist\esm\icons\ellipsis-vertical.mjs.map of the Web-Client.
[info] [2026-07-25T18:04:30.099Z] : Change(s) is detected in node_modules\lucide-react\dist\esm\icons\equal-approximately.mjs.map of the Web-Client.
[info] [2026-07-25T18:04:30.100Z] : Change(s) is detected in node_modules\lucide-react\dist\esm\icons\equal-square.mjs of the Web-Client.
[info] [2026-07-25T18:04:30.100Z] : Change(s) is detected in node_modules\lucide-react\dist\esm\icons\equal-not.mjs.map of the Web-Client.
[info] [2026-07-25T18:04:30.100Z] : Change(s) is detected in node_modules\lucide-react\dist\esm\icons\equal-square.mjs.map of the Web-Client.
[info] [2026-07-25T18:04:30.100Z] : Change(s) is detected in node_modules\lucide-react\dist\esm\icons\equal.mjs.map of the Web-Client.
[info] [2026-07-25T18:04:30.100Z] : Change(s) is detected in node_modules\lucide-react\dist\esm\icons\euro.mjs.map of the Web-Client.
[info] [2026-07-25T18:04:30.100Z] : Change(s) is detected in node_modules\lucide-react\dist\esm\icons\ethernet-port.mjs.map of the Web-Client.
[info] [2026-07-25T18:04:30.100Z] : Change(s) is detected in node_modules\lucide-react\dist\esm\icons\eraser.mjs.map of the Web-Client.
[info] [2026-07-25T18:04:30.100Z] : Change(s) is detected in node_modules\lucide-react\dist\esm\icons\ev-charger.mjs.map of the Web-Client.
[info] [2026-07-25T18:04:30.100Z] : Change(s) is detected in node_modules\lucide-react\dist\esm\icons\expand.mjs.map of the Web-Client.
[info] [2026-07-25T18:04:30.100Z] : Change(s) is detected in node_modules\lucide-react\dist\esm\icons\eye-dashed.mjs.map of the Web-Client.
[info] [2026-07-25T18:04:30.100Z] : Change(s) is detected in node_modules\lucide-react\dist\esm\icons\external-link.mjs.map of the Web-Client.
[info] [2026-07-25T18:04:30.100Z] : Change(s) is detected in node_modules\lucide-react\dist\esm\icons\eye-closed.mjs.map of the Web-Client.
[info] [2026-07-25T18:04:30.100Z] : Change(s) is detected in node_modules\lucide-react\dist\esm\icons\eye-off.mjs.map of the Web-Client.
[info] [2026-07-25T18:04:30.100Z] : Change(s) is detected in node_modules\lucide-react\dist\esm\icons\eye.mjs.map of the Web-Client.
[info] [2026-07-25T18:04:30.100Z] : Change(s) is detected in node_modules\lucide-react\dist\esm\icons\factory.mjs.map of the Web-Client.
[info] [2026-07-25T18:04:30.100Z] : Change(s) is detected in node_modules\lucide-react\dist\esm\icons\fan.mjs.map of the Web-Client.
[info] [2026-07-25T18:04:30.100Z] : Change(s) is detected in node_modules\lucide-react\dist\esm\icons\fast-forward.mjs.map of the Web-Client.
[info] [2026-07-25T18:04:30.100Z] : Change(s) is detected in node_modules\lucide-react\dist\esm\icons\feather.mjs.map of the Web-Client.
[info] [2026-07-25T18:04:30.100Z] : Change(s) is detected in node_modules\lucide-react\dist\esm\icons\ferris-wheel.mjs.map of the Web-Client.
[info] [2026-07-25T18:04:30.100Z] : Change(s) is detected in node_modules\lucide-react\dist\esm\icons\file-archive.mjs.map of the Web-Client.
[info] [2026-07-25T18:04:30.100Z] : Change(s) is detected in node_modules\lucide-react\dist\esm\icons\file-audio-2.mjs of the Web-Client.
[info] [2026-07-25T18:04:30.101Z] : Change(s) is detected in node_modules\lucide-react\dist\esm\icons\file-audio.mjs of the Web-Client.
[info] [2026-07-25T18:04:30.101Z] : Change(s) is detected in node_modules\lucide-react\dist\esm\icons\fence.mjs.map of the Web-Client.
[info] [2026-07-25T18:04:30.101Z] : Change(s) is detected in node_modules\lucide-react\dist\esm\icons\file-audio.mjs.map of the Web-Client.
[info] [2026-07-25T18:04:30.101Z] : Change(s) is detected in node_modules\lucide-react\dist\esm\icons\file-axis-3-d.mjs of the Web-Client.
[info] [2026-07-25T18:04:30.101Z] : Change(s) is detected in node_modules\lucide-react\dist\esm\icons\file-axis-3-d.mjs.map of the Web-Client.
[info] [2026-07-25T18:04:30.101Z] : Change(s) is detected in node_modules\lucide-react\dist\esm\icons\file-axis-3d.mjs.map of the Web-Client.
[info] [2026-07-25T18:04:30.101Z] : Change(s) is detected in node_modules\lucide-react\dist\esm\icons\file-audio-2.mjs.map of the Web-Client.
[info] [2026-07-25T18:04:30.101Z] : Change(s) is detected in node_modules\lucide-react\dist\esm\icons\file-badge-2.mjs.map of the Web-Client.
[info] [2026-07-25T18:04:30.101Z] : Change(s) is detected in node_modules\lucide-react\dist\esm\icons\file-badge-2.mjs of the Web-Client.
[info] [2026-07-25T18:04:30.101Z] : Change(s) is detected in node_modules\lucide-react\dist\esm\icons\file-badge.mjs.map of the Web-Client.
[info] [2026-07-25T18:04:30.101Z] : Change(s) is detected in node_modules\lucide-react\dist\esm\icons\file-bar-chart-2.mjs of the Web-Client.
[info] [2026-07-25T18:04:30.101Z] : Change(s) is detected in node_modules\lucide-react\dist\esm\icons\file-bar-chart-2.mjs.map of the Web-Client.
[info] [2026-07-25T18:04:30.101Z] : Change(s) is detected in node_modules\lucide-react\dist\esm\icons\file-bar-chart.mjs.map of the Web-Client.
[info] [2026-07-25T18:04:30.101Z] : Change(s) is detected in node_modules\lucide-react\dist\esm\icons\file-box.mjs.map of the Web-Client.
[info] [2026-07-25T18:04:30.101Z] : Change(s) is detected in node_modules\lucide-react\dist\esm\icons\file-bar-chart.mjs of the Web-Client.
[info] [2026-07-25T18:04:30.101Z] : Change(s) is detected in node_modules\lucide-react\dist\esm\icons\file-braces-corner.mjs.map of the Web-Client.
[info] [2026-07-25T18:04:30.101Z] : Change(s) is detected in node_modules\lucide-react\dist\esm\icons\file-braces.mjs.map of the Web-Client.
[info] [2026-07-25T18:04:30.101Z] : Change(s) is detected in node_modules\lucide-react\dist\esm\icons\file-chart-column.mjs.map of the Web-Client.
[info] [2026-07-25T18:04:30.101Z] : Change(s) is detected in node_modules\lucide-react\dist\esm\icons\file-chart-pie.mjs.map of the Web-Client.
[info] [2026-07-25T18:04:30.101Z] : Change(s) is detected in node_modules\lucide-react\dist\esm\icons\file-chart-line.mjs.map of the Web-Client.
[info] [2026-07-25T18:04:30.102Z] : Change(s) is detected in node_modules\lucide-react\dist\esm\icons\file-check-2.mjs of the Web-Client.
[info] [2026-07-25T18:04:30.102Z] : Change(s) is detected in node_modules\lucide-react\dist\esm\icons\file-chart-column-increasing.mjs.map of the Web-Client.
[info] [2026-07-25T18:04:30.102Z] : Change(s) is detected in node_modules\lucide-react\dist\esm\icons\file-check-2.mjs.map of the Web-Client.
[info] [2026-07-25T18:04:30.102Z] : Change(s) is detected in node_modules\lucide-react\dist\esm\icons\file-check-corner.mjs.map of the Web-Client.
[info] [2026-07-25T18:04:30.102Z] : Change(s) is detected in node_modules\lucide-react\dist\esm\icons\file-check.mjs.map of the Web-Client.
[info] [2026-07-25T18:04:30.102Z] : Change(s) is detected in node_modules\lucide-react\dist\esm\icons\file-clock.mjs.map of the Web-Client.
[info] [2026-07-25T18:04:30.102Z] : Change(s) is detected in node_modules\lucide-react\dist\esm\icons\file-code-2.mjs of the Web-Client.
[info] [2026-07-25T18:04:30.102Z] : Change(s) is detected in node_modules\lucide-react\dist\esm\icons\file-code-corner.mjs.map of the Web-Client.
[info] [2026-07-25T18:04:30.102Z] : Change(s) is detected in node_modules\lucide-react\dist\esm\icons\file-code-2.mjs.map of the Web-Client.
[info] [2026-07-25T18:04:30.102Z] : Change(s) is detected in node_modules\lucide-react\dist\esm\icons\file-cog-2.mjs of the Web-Client.
[info] [2026-07-25T18:04:30.102Z] : Change(s) is detected in node_modules\lucide-react\dist\esm\icons\file-code.mjs.map of the Web-Client.
[info] [2026-07-25T18:04:30.102Z] : Change(s) is detected in node_modules\lucide-react\dist\esm\icons\file-cog-2.mjs.map of the Web-Client.
[info] [2026-07-25T18:04:30.102Z] : Change(s) is detected in node_modules\lucide-react\dist\esm\icons\file-cog.mjs.map of the Web-Client.
[info] [2026-07-25T18:04:30.102Z] : Change(s) is detected in node_modules\lucide-react\dist\esm\icons\file-diff.mjs.map of the Web-Client.
[info] [2026-07-25T18:04:30.102Z] : Change(s) is detected in node_modules\lucide-react\dist\esm\icons\file-digit.mjs.map of the Web-Client.
[info] [2026-07-25T18:04:30.103Z] : Change(s) is detected in node_modules\lucide-react\dist\esm\icons\file-down.mjs.map of the Web-Client.
[info] [2026-07-25T18:04:30.106Z] : Change(s) is detected in node_modules\lucide-react\dist\esm\icons\file-edit.mjs.map of the Web-Client.
[info] [2026-07-25T18:04:30.106Z] : Change(s) is detected in node_modules\lucide-react\dist\esm\icons\file-edit.mjs of the Web-Client.
[info] [2026-07-25T18:04:30.106Z] : Change(s) is detected in node_modules\lucide-react\dist\esm\icons\file-exclamation-point.mjs.map of the Web-Client.
[info] [2026-07-25T18:04:30.106Z] : Change(s) is detected in node_modules\lucide-react\dist\esm\icons\file-headphone.mjs.map of the Web-Client.
[info] [2026-07-25T18:04:30.106Z] : Change(s) is detected in node_modules\lucide-react\dist\esm\icons\file-image.mjs.map of the Web-Client.
[info] [2026-07-25T18:04:30.106Z] : Change(s) is detected in node_modules\lucide-react\dist\esm\icons\file-heart.mjs.map of the Web-Client.
[info] [2026-07-25T18:04:30.106Z] : Change(s) is detected in node_modules\lucide-react\dist\esm\icons\file-input.mjs.map of the Web-Client.
[info] [2026-07-25T18:04:30.106Z] : Change(s) is detected in node_modules\lucide-react\dist\esm\icons\file-json-2.mjs of the Web-Client.
[info] [2026-07-25T18:04:30.106Z] : Change(s) is detected in node_modules\lucide-react\dist\esm\icons\file-json-2.mjs.map of the Web-Client.
[info] [2026-07-25T18:04:30.106Z] : Change(s) is detected in node_modules\lucide-react\dist\esm\icons\file-json.mjs of the Web-Client.
[info] [2026-07-25T18:04:30.106Z] : Change(s) is detected in node_modules\lucide-react\dist\esm\icons\file-json.mjs.map of the Web-Client.
[info] [2026-07-25T18:04:30.106Z] : Change(s) is detected in node_modules\lucide-react\dist\esm\icons\file-key-2.mjs of the Web-Client.
[info] [2026-07-25T18:04:30.106Z] : Change(s) is detected in node_modules\lucide-react\dist\esm\icons\file-key-2.mjs.map of the Web-Client.
[info] [2026-07-25T18:04:30.106Z] : Change(s) is detected in node_modules\lucide-react\dist\esm\icons\file-line-chart.mjs.map of the Web-Client.
[info] [2026-07-25T18:04:30.106Z] : Change(s) is detected in node_modules\lucide-react\dist\esm\icons\file-key.mjs.map of the Web-Client.
[info] [2026-07-25T18:04:30.106Z] : Change(s) is detected in node_modules\lucide-react\dist\esm\icons\file-line-chart.mjs of the Web-Client.
[info] [2026-07-25T18:04:30.106Z] : Change(s) is detected in node_modules\lucide-react\dist\esm\icons\file-lock-2.mjs of the Web-Client.
[info] [2026-07-25T18:04:30.106Z] : Change(s) is detected in node_modules\lucide-react\dist\esm\icons\file-lock-2.mjs.map of the Web-Client.
[info] [2026-07-25T18:04:30.106Z] : Change(s) is detected in node_modules\lucide-react\dist\esm\icons\file-lock.mjs.map of the Web-Client.
[info] [2026-07-25T18:04:30.106Z] : Change(s) is detected in node_modules\lucide-react\dist\esm\icons\file-minus-2.mjs.map of the Web-Client.
[info] [2026-07-25T18:04:30.106Z] : Change(s) is detected in node_modules\lucide-react\dist\esm\icons\file-minus-corner.mjs.map of the Web-Client.
[info] [2026-07-25T18:04:30.106Z] : Change(s) is detected in node_modules\lucide-react\dist\esm\icons\file-minus-2.mjs of the Web-Client.
[info] [2026-07-25T18:04:30.106Z] : Change(s) is detected in node_modules\lucide-react\dist\esm\icons\file-minus.mjs.map of the Web-Client.
[info] [2026-07-25T18:04:30.106Z] : Change(s) is detected in node_modules\lucide-react\dist\esm\icons\file-music.mjs.map of the Web-Client.
[info] [2026-07-25T18:04:30.106Z] : Change(s) is detected in node_modules\lucide-react\dist\esm\icons\file-output.mjs.map of the Web-Client.
[info] [2026-07-25T18:04:30.106Z] : Change(s) is detected in node_modules\lucide-react\dist\esm\icons\file-pen-line.mjs.map of the Web-Client.
[info] [2026-07-25T18:04:30.106Z] : Change(s) is detected in node_modules\lucide-react\dist\esm\icons\file-pie-chart.mjs of the Web-Client.
[info] [2026-07-25T18:04:30.106Z] : Change(s) is detected in node_modules\lucide-react\dist\esm\icons\file-pie-chart.mjs.map of the Web-Client.
[info] [2026-07-25T18:04:30.106Z] : Change(s) is detected in node_modules\lucide-react\dist\esm\icons\file-pen.mjs.map of the Web-Client.
[info] [2026-07-25T18:04:30.106Z] : Change(s) is detected in node_modules\lucide-react\dist\esm\icons\file-plus-2.mjs of the Web-Client.
[info] [2026-07-25T18:04:30.106Z] : Change(s) is detected in node_modules\lucide-react\dist\esm\icons\file-play.mjs.map of the Web-Client.
[info] [2026-07-25T18:04:30.106Z] : Change(s) is detected in node_modules\lucide-react\dist\esm\icons\file-plus-2.mjs.map of the Web-Client.
[info] [2026-07-25T18:04:30.106Z] : Change(s) is detected in node_modules\lucide-react\dist\esm\icons\file-plus-corner.mjs.map of the Web-Client.
[info] [2026-07-25T18:04:30.106Z] : Change(s) is detected in node_modules\lucide-react\dist\esm\icons\file-question-mark.mjs.map of the Web-Client.
[info] [2026-07-25T18:04:30.106Z] : Change(s) is detected in node_modules\lucide-react\dist\esm\icons\file-plus.mjs.map of the Web-Client.
[info] [2026-07-25T18:04:30.106Z] : Change(s) is detected in node_modules\lucide-react\dist\esm\icons\file-question.mjs of the Web-Client.
[info] [2026-07-25T18:04:30.106Z] : Change(s) is detected in node_modules\lucide-react\dist\esm\icons\file-question.mjs.map of the Web-Client.
[info] [2026-07-25T18:04:30.106Z] : Change(s) is detected in node_modules\lucide-react\dist\esm\icons\file-search-2.mjs.map of the Web-Client.
[info] [2026-07-25T18:04:30.106Z] : Change(s) is detected in node_modules\lucide-react\dist\esm\icons\file-search-2.mjs of the Web-Client.
[info] [2026-07-25T18:04:30.106Z] : Change(s) is detected in node_modules\lucide-react\dist\esm\icons\file-search-corner.mjs.map of the Web-Client.
[info] [2026-07-25T18:04:30.106Z] : Change(s) is detected in node_modules\lucide-react\dist\esm\icons\file-scan.mjs.map of the Web-Client.
[info] [2026-07-25T18:04:30.106Z] : Change(s) is detected in node_modules\lucide-react\dist\esm\icons\file-search.mjs.map of the Web-Client.
[info] [2026-07-25T18:04:30.106Z] : Change(s) is detected in node_modules\lucide-react\dist\esm\icons\file-signal.mjs.map of the Web-Client.
[info] [2026-07-25T18:04:30.106Z] : Change(s) is detected in node_modules\lucide-react\dist\esm\icons\file-signature.mjs of the Web-Client.
[info] [2026-07-25T18:04:30.106Z] : Change(s) is detected in node_modules\lucide-react\dist\esm\icons\file-signature.mjs.map of the Web-Client.
[info] [2026-07-25T18:04:30.107Z] : Change(s) is detected in node_modules\lucide-react\dist\esm\icons\file-spreadsheet.mjs.map of the Web-Client.
[info] [2026-07-25T18:04:30.107Z] : Change(s) is detected in node_modules\lucide-react\dist\esm\icons\file-sliders.mjs.map of the Web-Client.
[info] [2026-07-25T18:04:30.107Z] : Change(s) is detected in node_modules\lucide-react\dist\esm\icons\file-stack.mjs.map of the Web-Client.
[info] [2026-07-25T18:04:30.107Z] : Change(s) is detected in node_modules\lucide-react\dist\esm\icons\file-symlink.mjs.map of the Web-Client.
[info] [2026-07-25T18:04:30.107Z] : Change(s) is detected in node_modules\lucide-react\dist\esm\icons\file-terminal.mjs.map of the Web-Client.
[info] [2026-07-25T18:04:30.107Z] : Change(s) is detected in node_modules\lucide-react\dist\esm\icons\file-text.mjs.map of the Web-Client.
[info] [2026-07-25T18:04:30.107Z] : Change(s) is detected in node_modules\lucide-react\dist\esm\icons\file-type-2.mjs.map of the Web-Client.
[info] [2026-07-25T18:04:30.107Z] : Change(s) is detected in node_modules\lucide-react\dist\esm\icons\file-type-2.mjs of the Web-Client.
[info] [2026-07-25T18:04:30.107Z] : Change(s) is detected in node_modules\lucide-react\dist\esm\icons\file-type-corner.mjs.map of the Web-Client.
[info] [2026-07-25T18:04:30.107Z] : Change(s) is detected in node_modules\lucide-react\dist\esm\icons\file-type.mjs.map of the Web-Client.
[info] [2026-07-25T18:04:30.107Z] : Change(s) is detected in node_modules\lucide-react\dist\esm\icons\file-up.mjs.map of the Web-Client.
[info] [2026-07-25T18:04:30.107Z] : Change(s) is detected in node_modules\lucide-react\dist\esm\icons\file-user.mjs.map of the Web-Client.
[info] [2026-07-25T18:04:30.107Z] : Change(s) is detected in node_modules\lucide-react\dist\esm\icons\file-video-2.mjs.map of the Web-Client.
[info] [2026-07-25T18:04:30.107Z] : Change(s) is detected in node_modules\lucide-react\dist\esm\icons\file-video-2.mjs of the Web-Client.
[info] [2026-07-25T18:04:30.107Z] : Change(s) is detected in node_modules\lucide-react\dist\esm\icons\file-video-camera.mjs.map of the Web-Client.
[info] [2026-07-25T18:04:30.107Z] : Change(s) is detected in node_modules\lucide-react\dist\esm\icons\file-video.mjs of the Web-Client.
[info] [2026-07-25T18:04:30.107Z] : Change(s) is detected in node_modules\lucide-react\dist\esm\icons\file-video.mjs.map of the Web-Client.
[info] [2026-07-25T18:04:30.107Z] : Change(s) is detected in node_modules\lucide-react\dist\esm\icons\file-volume-2.mjs of the Web-Client.
[info] [2026-07-25T18:04:30.107Z] : Change(s) is detected in node_modules\lucide-react\dist\esm\icons\file-volume-2.mjs.map of the Web-Client.
[info] [2026-07-25T18:04:30.107Z] : Change(s) is detected in node_modules\lucide-react\dist\esm\icons\file-warning.mjs.map of the Web-Client.
[info] [2026-07-25T18:04:30.107Z] : Change(s) is detected in node_modules\lucide-react\dist\esm\icons\file-warning.mjs of the Web-Client.
[info] [2026-07-25T18:04:30.107Z] : Change(s) is detected in node_modules\lucide-react\dist\esm\icons\file-volume.mjs.map of the Web-Client.
[info] [2026-07-25T18:04:30.107Z] : Change(s) is detected in node_modules\lucide-react\dist\esm\icons\file-x-2.mjs of the Web-Client.
[info] [2026-07-25T18:04:30.107Z] : Change(s) is detected in node_modules\lucide-react\dist\esm\icons\file-x-2.mjs.map of the Web-Client.
[info] [2026-07-25T18:04:30.108Z] : Change(s) is detected in node_modules\lucide-react\dist\esm\icons\file-x-corner.mjs.map of the Web-Client.
[info] [2026-07-25T18:04:30.108Z] : Change(s) is detected in node_modules\lucide-react\dist\esm\icons\file-x.mjs.map of the Web-Client.
[info] [2026-07-25T18:04:30.108Z] : Change(s) is detected in node_modules\lucide-react\dist\esm\icons\file.mjs.map of the Web-Client.
[info] [2026-07-25T18:04:30.108Z] : Change(s) is detected in node_modules\lucide-react\dist\esm\icons\film.mjs.map of the Web-Client.
[info] [2026-07-25T18:04:30.108Z] : Change(s) is detected in node_modules\lucide-react\dist\esm\icons\filter.mjs of the Web-Client.
[info] [2026-07-25T18:04:30.108Z] : Change(s) is detected in node_modules\lucide-react\dist\esm\icons\filter-x.mjs.map of the Web-Client.
[info] [2026-07-25T18:04:30.109Z] : Change(s) is detected in node_modules\lucide-react\dist\esm\icons\files.mjs.map of the Web-Client.
[info] [2026-07-25T18:04:30.109Z] : Change(s) is detected in node_modules\lucide-react\dist\esm\icons\filter-x.mjs of the Web-Client.
[info] [2026-07-25T18:04:30.109Z] : Change(s) is detected in node_modules\lucide-react\dist\esm\icons\filter.mjs.map of the Web-Client.
[info] [2026-07-25T18:04:30.109Z] : Change(s) is detected in node_modules\lucide-react\dist\esm\icons\fingerprint-pattern.mjs.map of the Web-Client.
[info] [2026-07-25T18:04:30.109Z] : Change(s) is detected in node_modules\lucide-react\dist\esm\icons\fire-extinguisher.mjs.map of the Web-Client.
[info] [2026-07-25T18:04:30.109Z] : Change(s) is detected in node_modules\lucide-react\dist\esm\icons\fish-off.mjs.map of the Web-Client.
[info] [2026-07-25T18:04:30.109Z] : Change(s) is detected in node_modules\lucide-react\dist\esm\icons\fish-symbol.mjs.map of the Web-Client.
[info] [2026-07-25T18:04:30.109Z] : Change(s) is detected in node_modules\lucide-react\dist\esm\icons\fish.mjs.map of the Web-Client.
[info] [2026-07-25T18:04:30.109Z] : Change(s) is detected in node_modules\lucide-react\dist\esm\icons\fishing-rod.mjs.map of the Web-Client.
[info] [2026-07-25T18:04:30.109Z] : Change(s) is detected in node_modules\lucide-react\dist\esm\icons\fishing-hook.mjs.map of the Web-Client.
[info] [2026-07-25T18:04:30.109Z] : Change(s) is detected in node_modules\lucide-react\dist\esm\icons\flag-off.mjs.map of the Web-Client.
[info] [2026-07-25T18:04:30.109Z] : Change(s) is detected in node_modules\lucide-react\dist\esm\icons\flag-triangle-left.mjs.map of the Web-Client.
[info] [2026-07-25T18:04:30.109Z] : Change(s) is detected in node_modules\lucide-react\dist\esm\icons\flag-triangle-right.mjs.map of the Web-Client.
[info] [2026-07-25T18:04:30.109Z] : Change(s) is detected in node_modules\lucide-react\dist\esm\icons\flag.mjs.map of the Web-Client.
[info] [2026-07-25T18:04:30.109Z] : Change(s) is detected in node_modules\lucide-react\dist\esm\icons\flame-kindling.mjs.map of the Web-Client.
[info] [2026-07-25T18:04:30.109Z] : Change(s) is detected in node_modules\lucide-react\dist\esm\icons\flame.mjs.map of the Web-Client.
[info] [2026-07-25T18:04:30.109Z] : Change(s) is detected in node_modules\lucide-react\dist\esm\icons\flashlight.mjs.map of the Web-Client.
[info] [2026-07-25T18:04:30.109Z] : Change(s) is detected in node_modules\lucide-react\dist\esm\icons\flashlight-off.mjs.map of the Web-Client.
[info] [2026-07-25T18:04:30.110Z] : Change(s) is detected in node_modules\lucide-react\dist\esm\icons\flask-conical.mjs.map of the Web-Client.
[info] [2026-07-25T18:04:30.110Z] : Change(s) is detected in node_modules\lucide-react\dist\esm\icons\flask-conical-off.mjs.map of the Web-Client.
[info] [2026-07-25T18:04:30.110Z] : Change(s) is detected in node_modules\lucide-react\dist\esm\icons\flask-round.mjs.map of the Web-Client.
[info] [2026-07-25T18:04:30.110Z] : Change(s) is detected in node_modules\lucide-react\dist\esm\icons\flip-horizontal.mjs of the Web-Client.
[info] [2026-07-25T18:04:30.110Z] : Change(s) is detected in node_modules\lucide-react\dist\esm\icons\flip-horizontal.mjs.map of the Web-Client.
[info] [2026-07-25T18:04:30.110Z] : Change(s) is detected in node_modules\lucide-react\dist\esm\icons\flip-horizontal-2.mjs.map of the Web-Client.
[info] [2026-07-25T18:04:30.110Z] : Change(s) is detected in node_modules\lucide-react\dist\esm\icons\flip-vertical-2.mjs.map of the Web-Client.
[info] [2026-07-25T18:04:30.110Z] : Change(s) is detected in node_modules\lucide-react\dist\esm\icons\flip-vertical.mjs of the Web-Client.
[info] [2026-07-25T18:04:30.110Z] : Change(s) is detected in node_modules\lucide-react\dist\esm\icons\flip-vertical.mjs.map of the Web-Client.
[info] [2026-07-25T18:04:30.110Z] : Change(s) is detected in node_modules\lucide-react\dist\esm\icons\flower-2.mjs.map of the Web-Client.
[info] [2026-07-25T18:04:30.110Z] : Change(s) is detected in node_modules\lucide-react\dist\esm\icons\flower.mjs.map of the Web-Client.
[info] [2026-07-25T18:04:30.110Z] : Change(s) is detected in node_modules\lucide-react\dist\esm\icons\focus.mjs.map of the Web-Client.
[info] [2026-07-25T18:04:30.110Z] : Change(s) is detected in node_modules\lucide-react\dist\esm\icons\fold-horizontal.mjs.map of the Web-Client.
[info] [2026-07-25T18:04:30.110Z] : Change(s) is detected in node_modules\lucide-react\dist\esm\icons\fold-vertical.mjs.map of the Web-Client.
[info] [2026-07-25T18:04:30.110Z] : Change(s) is detected in node_modules\lucide-react\dist\esm\icons\folder-archive.mjs.map of the Web-Client.
[info] [2026-07-25T18:04:30.110Z] : Change(s) is detected in node_modules\lucide-react\dist\esm\icons\folder-bookmark.mjs.map of the Web-Client.
[info] [2026-07-25T18:04:30.110Z] : Change(s) is detected in node_modules\lucide-react\dist\esm\icons\folder-check.mjs.map of the Web-Client.
[info] [2026-07-25T18:04:30.110Z] : Change(s) is detected in node_modules\lucide-react\dist\esm\icons\folder-clock.mjs.map of the Web-Client.
[info] [2026-07-25T18:04:30.110Z] : Change(s) is detected in node_modules\lucide-react\dist\esm\icons\folder-closed.mjs.map of the Web-Client.
[info] [2026-07-25T18:04:30.110Z] : Change(s) is detected in node_modules\lucide-react\dist\esm\icons\folder-code.mjs.map of the Web-Client.
[info] [2026-07-25T18:04:30.110Z] : Change(s) is detected in node_modules\lucide-react\dist\esm\icons\folder-cog-2.mjs.map of the Web-Client.
[info] [2026-07-25T18:04:30.110Z] : Change(s) is detected in node_modules\lucide-react\dist\esm\icons\folder-cog-2.mjs of the Web-Client.
[info] [2026-07-25T18:04:30.110Z] : Change(s) is detected in node_modules\lucide-react\dist\esm\icons\folder-cog.mjs.map of the Web-Client.
[info] [2026-07-25T18:04:30.112Z] : Change(s) is detected in node_modules\lucide-react\dist\esm\icons\folder-dot.mjs.map of the Web-Client.
[info] [2026-07-25T18:04:30.112Z] : Change(s) is detected in node_modules\lucide-react\dist\esm\icons\folder-edit.mjs of the Web-Client.
[info] [2026-07-25T18:04:30.112Z] : Change(s) is detected in node_modules\lucide-react\dist\esm\icons\folder-edit.mjs.map of the Web-Client.
[info] [2026-07-25T18:04:30.112Z] : Change(s) is detected in node_modules\lucide-react\dist\esm\icons\folder-down.mjs.map of the Web-Client.
[info] [2026-07-25T18:04:30.112Z] : Change(s) is detected in node_modules\lucide-react\dist\esm\icons\folder-git-2.mjs.map of the Web-Client.
[info] [2026-07-25T18:04:30.112Z] : Change(s) is detected in node_modules\lucide-react\dist\esm\icons\folder-git.mjs.map of the Web-Client.
[info] [2026-07-25T18:04:30.112Z] : Change(s) is detected in node_modules\lucide-react\dist\esm\icons\folder-heart.mjs.map of the Web-Client.
[info] [2026-07-25T18:04:30.112Z] : Change(s) is detected in node_modules\lucide-react\dist\esm\icons\folder-input.mjs.map of the Web-Client.
[info] [2026-07-25T18:04:30.112Z] : Change(s) is detected in node_modules\lucide-react\dist\esm\icons\folder-kanban.mjs.map of the Web-Client.
[info] [2026-07-25T18:04:30.112Z] : Change(s) is detected in node_modules\lucide-react\dist\esm\icons\folder-key.mjs.map of the Web-Client.
[info] [2026-07-25T18:04:30.112Z] : Change(s) is detected in node_modules\lucide-react\dist\esm\icons\folder-lock.mjs.map of the Web-Client.
[info] [2026-07-25T18:04:30.112Z] : Change(s) is detected in node_modules\lucide-react\dist\esm\icons\folder-minus.mjs.map of the Web-Client.
[info] [2026-07-25T18:04:30.112Z] : Change(s) is detected in node_modules\lucide-react\dist\esm\icons\folder-open-dot.mjs.map of the Web-Client.
[info] [2026-07-25T18:04:30.112Z] : Change(s) is detected in node_modules\lucide-react\dist\esm\icons\folder-open.mjs.map of the Web-Client.
[info] [2026-07-25T18:04:30.112Z] : Change(s) is detected in node_modules\lucide-react\dist\esm\icons\folder-output.mjs.map of the Web-Client.
[info] [2026-07-25T18:04:30.113Z] : Change(s) is detected in node_modules\lucide-react\dist\esm\icons\folder-pen.mjs.map of the Web-Client.
[info] [2026-07-25T18:04:30.113Z] : Change(s) is detected in node_modules\lucide-react\dist\esm\icons\folder-plus.mjs.map of the Web-Client.
[info] [2026-07-25T18:04:30.113Z] : Change(s) is detected in node_modules\lucide-react\dist\esm\icons\folder-root.mjs.map of the Web-Client.
[info] [2026-07-25T18:04:30.113Z] : Change(s) is detected in node_modules\lucide-react\dist\esm\icons\folder-search-2.mjs.map of the Web-Client.
[info] [2026-07-25T18:04:30.113Z] : Change(s) is detected in node_modules\lucide-react\dist\esm\icons\folder-symlink.mjs.map of the Web-Client.
[info] [2026-07-25T18:04:30.113Z] : Change(s) is detected in node_modules\lucide-react\dist\esm\icons\folder-sync.mjs.map of the Web-Client.
[info] [2026-07-25T18:04:30.113Z] : Change(s) is detected in node_modules\lucide-react\dist\esm\icons\folder-search.mjs.map of the Web-Client.
[info] [2026-07-25T18:04:30.113Z] : Change(s) is detected in node_modules\lucide-react\dist\esm\icons\folder-tree.mjs.map of the Web-Client.
[info] [2026-07-25T18:04:30.113Z] : Change(s) is detected in node_modules\lucide-react\dist\esm\icons\folder-up.mjs.map of the Web-Client.
[info] [2026-07-25T18:04:30.113Z] : Change(s) is detected in node_modules\lucide-react\dist\esm\icons\folder-x.mjs.map of the Web-Client.
[info] [2026-07-25T18:04:30.113Z] : Change(s) is detected in node_modules\lucide-react\dist\esm\icons\folder.mjs.map of the Web-Client.
[info] [2026-07-25T18:04:30.113Z] : Change(s) is detected in node_modules\lucide-react\dist\esm\icons\folders.mjs.map of the Web-Client.
[info] [2026-07-25T18:04:30.113Z] : Change(s) is detected in node_modules\lucide-react\dist\esm\icons\footprints.mjs.map of the Web-Client.
[info] [2026-07-25T18:04:30.113Z] : Change(s) is detected in node_modules\lucide-react\dist\esm\icons\fork-knife-crossed.mjs of the Web-Client.
[info] [2026-07-25T18:04:30.113Z] : Change(s) is detected in node_modules\lucide-react\dist\esm\icons\fork-knife-crossed.mjs.map of the Web-Client.
[info] [2026-07-25T18:04:30.113Z] : Change(s) is detected in node_modules\lucide-react\dist\esm\icons\fork-knife.mjs of the Web-Client.
[info] [2026-07-25T18:04:30.113Z] : Change(s) is detected in node_modules\lucide-react\dist\esm\icons\fork-knife.mjs.map of the Web-Client.
[info] [2026-07-25T18:04:30.113Z] : Change(s) is detected in node_modules\lucide-react\dist\esm\icons\forklift.mjs.map of the Web-Client.
[info] [2026-07-25T18:04:30.113Z] : Change(s) is detected in node_modules\lucide-react\dist\esm\icons\form-input.mjs.map of the Web-Client.
[info] [2026-07-25T18:04:30.113Z] : Change(s) is detected in node_modules\lucide-react\dist\esm\icons\form.mjs.map of the Web-Client.
[info] [2026-07-25T18:04:30.113Z] : Change(s) is detected in node_modules\lucide-react\dist\esm\icons\form-input.mjs of the Web-Client.
[info] [2026-07-25T18:04:30.113Z] : Change(s) is detected in node_modules\lucide-react\dist\esm\icons\forward.mjs.map of the Web-Client.
[info] [2026-07-25T18:04:30.113Z] : Change(s) is detected in node_modules\lucide-react\dist\esm\icons\frame.mjs.map of the Web-Client.
[info] [2026-07-25T18:04:30.113Z] : Change(s) is detected in node_modules\lucide-react\dist\esm\icons\frown.mjs.map of the Web-Client.
[info] [2026-07-25T18:04:30.113Z] : Change(s) is detected in node_modules\lucide-react\dist\esm\icons\fullscreen.mjs.map of the Web-Client.
[info] [2026-07-25T18:04:30.113Z] : Change(s) is detected in node_modules\lucide-react\dist\esm\icons\function-square.mjs of the Web-Client.
[info] [2026-07-25T18:04:30.113Z] : Change(s) is detected in node_modules\lucide-react\dist\esm\icons\fuel.mjs.map of the Web-Client.
[info] [2026-07-25T18:04:30.113Z] : Change(s) is detected in node_modules\lucide-react\dist\esm\icons\function-square.mjs.map of the Web-Client.
[info] [2026-07-25T18:04:30.113Z] : Change(s) is detected in node_modules\lucide-react\dist\esm\icons\funnel-plus.mjs.map of the Web-Client.
[info] [2026-07-25T18:04:30.113Z] : Change(s) is detected in node_modules\lucide-react\dist\esm\icons\funnel-x.mjs.map of the Web-Client.
[info] [2026-07-25T18:04:30.113Z] : Change(s) is detected in node_modules\lucide-react\dist\esm\icons\funnel.mjs.map of the Web-Client.
[info] [2026-07-25T18:04:30.114Z] : Change(s) is detected in node_modules\lucide-react\dist\esm\icons\gallery-horizontal-end.mjs.map of the Web-Client.
[info] [2026-07-25T18:04:30.114Z] : Change(s) is detected in node_modules\lucide-react\dist\esm\icons\gallery-thumbnails.mjs.map of the Web-Client.
[info] [2026-07-25T18:04:30.114Z] : Change(s) is detected in node_modules\lucide-react\dist\esm\icons\gallery-vertical-end.mjs.map of the Web-Client.
[info] [2026-07-25T18:04:30.114Z] : Change(s) is detected in node_modules\lucide-react\dist\esm\icons\gallery-horizontal.mjs.map of the Web-Client.
[info] [2026-07-25T18:04:30.114Z] : Change(s) is detected in node_modules\lucide-react\dist\esm\icons\gamepad-2.mjs.map of the Web-Client.
[info] [2026-07-25T18:04:30.114Z] : Change(s) is detected in node_modules\lucide-react\dist\esm\icons\gallery-vertical.mjs.map of the Web-Client.
[info] [2026-07-25T18:04:30.114Z] : Change(s) is detected in node_modules\lucide-react\dist\esm\icons\gamepad.mjs.map of the Web-Client.
[info] [2026-07-25T18:04:30.114Z] : Change(s) is detected in node_modules\lucide-react\dist\esm\icons\gantt-chart-square.mjs of the Web-Client.
[info] [2026-07-25T18:04:30.114Z] : Change(s) is detected in node_modules\lucide-react\dist\esm\icons\gamepad-directional.mjs.map of the Web-Client.
[info] [2026-07-25T18:04:30.114Z] : Change(s) is detected in node_modules\lucide-react\dist\esm\icons\gantt-chart.mjs.map of the Web-Client.
[info] [2026-07-25T18:04:30.114Z] : Change(s) is detected in node_modules\lucide-react\dist\esm\icons\gantt-chart-square.mjs.map of the Web-Client.
[info] [2026-07-25T18:04:30.114Z] : Change(s) is detected in node_modules\lucide-react\dist\esm\icons\gauge-circle.mjs of the Web-Client.
[info] [2026-07-25T18:04:30.114Z] : Change(s) is detected in node_modules\lucide-react\dist\esm\icons\gantt-chart.mjs of the Web-Client.
[info] [2026-07-25T18:04:30.114Z] : Change(s) is detected in node_modules\lucide-react\dist\esm\icons\gauge-circle.mjs.map of the Web-Client.
[info] [2026-07-25T18:04:30.114Z] : Change(s) is detected in node_modules\lucide-react\dist\esm\icons\gavel.mjs.map of the Web-Client.
[info] [2026-07-25T18:04:30.114Z] : Change(s) is detected in node_modules\lucide-react\dist\esm\icons\gauge.mjs.map of the Web-Client.
[info] [2026-07-25T18:04:30.114Z] : Change(s) is detected in node_modules\lucide-react\dist\esm\icons\gem.mjs.map of the Web-Client.
[info] [2026-07-25T18:04:30.114Z] : Change(s) is detected in node_modules\lucide-react\dist\esm\icons\ghost.mjs.map of the Web-Client.
[info] [2026-07-25T18:04:30.114Z] : Change(s) is detected in node_modules\lucide-react\dist\esm\icons\georgian-lari.mjs.map of the Web-Client.
[info] [2026-07-25T18:04:30.114Z] : Change(s) is detected in node_modules\lucide-react\dist\esm\icons\gift.mjs.map of the Web-Client.
[info] [2026-07-25T18:04:30.115Z] : Change(s) is detected in node_modules\lucide-react\dist\esm\icons\git-branch-plus.mjs.map of the Web-Client.
[info] [2026-07-25T18:04:30.115Z] : Change(s) is detected in node_modules\lucide-react\dist\esm\icons\git-branch-minus.mjs.map of the Web-Client.
[info] [2026-07-25T18:04:30.115Z] : Change(s) is detected in node_modules\lucide-react\dist\esm\icons\git-branch.mjs.map of the Web-Client.
[info] [2026-07-25T18:04:30.115Z] : Change(s) is detected in node_modules\lucide-react\dist\esm\icons\git-commit-horizontal.mjs.map of the Web-Client.
[info] [2026-07-25T18:04:30.115Z] : Change(s) is detected in node_modules\lucide-react\dist\esm\icons\git-commit-vertical.mjs.map of the Web-Client.
[info] [2026-07-25T18:04:30.115Z] : Change(s) is detected in node_modules\lucide-react\dist\esm\icons\git-commit.mjs.map of the Web-Client.
[info] [2026-07-25T18:04:30.115Z] : Change(s) is detected in node_modules\lucide-react\dist\esm\icons\git-commit.mjs of the Web-Client.
[info] [2026-07-25T18:04:30.115Z] : Change(s) is detected in node_modules\lucide-react\dist\esm\icons\git-compare.mjs.map of the Web-Client.
[info] [2026-07-25T18:04:30.115Z] : Change(s) is detected in node_modules\lucide-react\dist\esm\icons\git-compare-arrows.mjs.map of the Web-Client.
[info] [2026-07-25T18:04:30.115Z] : Change(s) is detected in node_modules\lucide-react\dist\esm\icons\git-fork.mjs.map of the Web-Client.
[info] [2026-07-25T18:04:30.115Z] : Change(s) is detected in node_modules\lucide-react\dist\esm\icons\git-graph.mjs.map of the Web-Client.
[info] [2026-07-25T18:04:30.115Z] : Change(s) is detected in node_modules\lucide-react\dist\esm\icons\git-merge-conflict.mjs.map of the Web-Client.
[info] [2026-07-25T18:04:30.115Z] : Change(s) is detected in node_modules\lucide-react\dist\esm\icons\git-merge.mjs.map of the Web-Client.
[info] [2026-07-25T18:04:30.115Z] : Change(s) is detected in node_modules\lucide-react\dist\esm\icons\git-pull-request-arrow.mjs.map of the Web-Client.
[info] [2026-07-25T18:04:30.115Z] : Change(s) is detected in node_modules\lucide-react\dist\esm\icons\git-pull-request-create-arrow.mjs.map of the Web-Client.
[info] [2026-07-25T18:04:30.115Z] : Change(s) is detected in node_modules\lucide-react\dist\esm\icons\git-pull-request-closed.mjs.map of the Web-Client.
[info] [2026-07-25T18:04:30.115Z] : Change(s) is detected in node_modules\lucide-react\dist\esm\icons\git-pull-request-create.mjs.map of the Web-Client.
[info] [2026-07-25T18:04:30.115Z] : Change(s) is detected in node_modules\lucide-react\dist\esm\icons\git-pull-request-draft.mjs.map of the Web-Client.
[info] [2026-07-25T18:04:30.115Z] : Change(s) is detected in node_modules\lucide-react\dist\esm\icons\git-pull-request.mjs.map of the Web-Client.
[info] [2026-07-25T18:04:30.115Z] : Change(s) is detected in node_modules\lucide-react\dist\esm\icons\glass-water.mjs.map of the Web-Client.
[info] [2026-07-25T18:04:30.115Z] : Change(s) is detected in node_modules\lucide-react\dist\esm\icons\globe-2.mjs.map of the Web-Client.
[info] [2026-07-25T18:04:30.115Z] : Change(s) is detected in node_modules\lucide-react\dist\esm\icons\glasses.mjs.map of the Web-Client.
[info] [2026-07-25T18:04:30.116Z] : Change(s) is detected in node_modules\lucide-react\dist\esm\icons\globe-2.mjs of the Web-Client.
[info] [2026-07-25T18:04:30.116Z] : Change(s) is detected in node_modules\lucide-react\dist\esm\icons\globe-check.mjs.map of the Web-Client.
[info] [2026-07-25T18:04:30.116Z] : Change(s) is detected in node_modules\lucide-react\dist\esm\icons\globe-lock.mjs.map of the Web-Client.
[info] [2026-07-25T18:04:30.116Z] : Change(s) is detected in node_modules\lucide-react\dist\esm\icons\globe-x.mjs.map of the Web-Client.
[info] [2026-07-25T18:04:30.116Z] : Change(s) is detected in node_modules\lucide-react\dist\esm\icons\globe-off.mjs.map of the Web-Client.
[info] [2026-07-25T18:04:30.116Z] : Change(s) is detected in node_modules\lucide-react\dist\esm\icons\globe.mjs.map of the Web-Client.
[info] [2026-07-25T18:04:30.116Z] : Change(s) is detected in node_modules\lucide-react\dist\esm\icons\goal.mjs.map of the Web-Client.
[info] [2026-07-25T18:04:30.116Z] : Change(s) is detected in node_modules\lucide-react\dist\esm\icons\gpu.mjs.map of the Web-Client.
[info] [2026-07-25T18:04:30.116Z] : Change(s) is detected in node_modules\lucide-react\dist\esm\icons\grab.mjs of the Web-Client.
[info] [2026-07-25T18:04:30.116Z] : Change(s) is detected in node_modules\lucide-react\dist\esm\icons\grab.mjs.map of the Web-Client.
[info] [2026-07-25T18:04:30.116Z] : Change(s) is detected in node_modules\lucide-react\dist\esm\icons\graduation-cap.mjs.map of the Web-Client.
[info] [2026-07-25T18:04:30.116Z] : Change(s) is detected in node_modules\lucide-react\dist\esm\icons\grape.mjs.map of the Web-Client.
[info] [2026-07-25T18:04:30.116Z] : Change(s) is detected in node_modules\lucide-react\dist\esm\icons\grid-2-x-2-plus.mjs.map of the Web-Client.
[info] [2026-07-25T18:04:30.116Z] : Change(s) is detected in node_modules\lucide-react\dist\esm\icons\grid-2-x-2-check.mjs of the Web-Client.
[info] [2026-07-25T18:04:30.116Z] : Change(s) is detected in node_modules\lucide-react\dist\esm\icons\grid-2-x-2-plus.mjs of the Web-Client.
[info] [2026-07-25T18:04:30.116Z] : Change(s) is detected in node_modules\lucide-react\dist\esm\icons\grid-2-x-2-check.mjs.map of the Web-Client.
[info] [2026-07-25T18:04:30.116Z] : Change(s) is detected in node_modules\lucide-react\dist\esm\icons\grid-2-x-2.mjs of the Web-Client.
[info] [2026-07-25T18:04:30.116Z] : Change(s) is detected in node_modules\lucide-react\dist\esm\icons\grid-2-x-2-x.mjs of the Web-Client.
[info] [2026-07-25T18:04:30.116Z] : Change(s) is detected in node_modules\lucide-react\dist\esm\icons\grid-2-x-2-x.mjs.map of the Web-Client.
[info] [2026-07-25T18:04:30.116Z] : Change(s) is detected in node_modules\lucide-react\dist\esm\icons\grid-2-x-2.mjs.map of the Web-Client.
[info] [2026-07-25T18:04:30.116Z] : Change(s) is detected in node_modules\lucide-react\dist\esm\icons\grid-2x2-check.mjs.map of the Web-Client.
[info] [2026-07-25T18:04:30.116Z] : Change(s) is detected in node_modules\lucide-react\dist\esm\icons\grid-2x2-plus.mjs.map of the Web-Client.
[info] [2026-07-25T18:04:30.116Z] : Change(s) is detected in node_modules\lucide-react\dist\esm\icons\grid-2x2-x.mjs.map of the Web-Client.
[info] [2026-07-25T18:04:30.116Z] : Change(s) is detected in node_modules\lucide-react\dist\esm\icons\grid-3-x-3.mjs of the Web-Client.
[info] [2026-07-25T18:04:30.116Z] : Change(s) is detected in node_modules\lucide-react\dist\esm\icons\grid-3-x-3.mjs.map of the Web-Client.
[info] [2026-07-25T18:04:30.117Z] : Change(s) is detected in node_modules\lucide-react\dist\esm\icons\grid-2x2.mjs.map of the Web-Client.
[info] [2026-07-25T18:04:30.117Z] : Change(s) is detected in node_modules\lucide-react\dist\esm\icons\grid-3x2.mjs.map of the Web-Client.
[info] [2026-07-25T18:04:30.117Z] : Change(s) is detected in node_modules\lucide-react\dist\esm\icons\grid.mjs of the Web-Client.
[info] [2026-07-25T18:04:30.118Z] : Change(s) is detected in node_modules\lucide-react\dist\esm\icons\grid.mjs.map of the Web-Client.
[info] [2026-07-25T18:04:30.118Z] : Change(s) is detected in node_modules\lucide-react\dist\esm\icons\grid-3x3.mjs.map of the Web-Client.
[info] [2026-07-25T18:04:30.118Z] : Change(s) is detected in node_modules\lucide-react\dist\esm\icons\grip-horizontal.mjs.map of the Web-Client.
[info] [2026-07-25T18:04:30.118Z] : Change(s) is detected in node_modules\lucide-react\dist\esm\icons\grip-vertical.mjs.map of the Web-Client.
[info] [2026-07-25T18:04:30.118Z] : Change(s) is detected in node_modules\lucide-react\dist\esm\icons\grip.mjs.map of the Web-Client.
[info] [2026-07-25T18:04:30.118Z] : Change(s) is detected in node_modules\lucide-react\dist\esm\icons\group.mjs.map of the Web-Client.
[info] [2026-07-25T18:04:30.118Z] : Change(s) is detected in node_modules\lucide-react\dist\esm\icons\guitar.mjs.map of the Web-Client.
[info] [2026-07-25T18:04:30.118Z] : Change(s) is detected in node_modules\lucide-react\dist\esm\icons\ham.mjs.map of the Web-Client.
[info] [2026-07-25T18:04:30.118Z] : Change(s) is detected in node_modules\lucide-react\dist\esm\icons\hammer.mjs.map of the Web-Client.
[info] [2026-07-25T18:04:30.118Z] : Change(s) is detected in node_modules\lucide-react\dist\esm\icons\hand-coins.mjs.map of the Web-Client.
[info] [2026-07-25T18:04:30.118Z] : Change(s) is detected in node_modules\lucide-react\dist\esm\icons\hamburger.mjs.map of the Web-Client.
[info] [2026-07-25T18:04:30.118Z] : Change(s) is detected in node_modules\lucide-react\dist\esm\icons\hand-fist.mjs.map of the Web-Client.
[info] [2026-07-25T18:04:30.118Z] : Change(s) is detected in node_modules\lucide-react\dist\esm\icons\hand-grab.mjs.map of the Web-Client.
[info] [2026-07-25T18:04:30.118Z] : Change(s) is detected in node_modules\lucide-react\dist\esm\icons\hand-heart.mjs.map of the Web-Client.
[info] [2026-07-25T18:04:30.118Z] : Change(s) is detected in node_modules\lucide-react\dist\esm\icons\hand-platter.mjs.map of the Web-Client.
[info] [2026-07-25T18:04:30.118Z] : Change(s) is detected in node_modules\lucide-react\dist\esm\icons\hand-metal.mjs.map of the Web-Client.
[info] [2026-07-25T18:04:30.118Z] : Change(s) is detected in node_modules\lucide-react\dist\esm\icons\hand.mjs.map of the Web-Client.
[info] [2026-07-25T18:04:30.118Z] : Change(s) is detected in node_modules\lucide-react\dist\esm\icons\handbag.mjs.map of the Web-Client.
[info] [2026-07-25T18:04:30.118Z] : Change(s) is detected in node_modules\lucide-react\dist\esm\icons\hand-helping.mjs.map of the Web-Client.
[info] [2026-07-25T18:04:30.118Z] : Change(s) is detected in node_modules\lucide-react\dist\esm\icons\hard-drive-download.mjs.map of the Web-Client.
[info] [2026-07-25T18:04:30.118Z] : Change(s) is detected in node_modules\lucide-react\dist\esm\icons\handshake.mjs.map of the Web-Client.
[info] [2026-07-25T18:04:30.118Z] : Change(s) is detected in node_modules\lucide-react\dist\esm\icons\hard-drive-upload.mjs.map of the Web-Client.
[info] [2026-07-25T18:04:30.118Z] : Change(s) is detected in node_modules\lucide-react\dist\esm\icons\hard-drive.mjs.map of the Web-Client.
[info] [2026-07-25T18:04:30.118Z] : Change(s) is detected in node_modules\lucide-react\dist\esm\icons\hash.mjs.map of the Web-Client.
[info] [2026-07-25T18:04:30.118Z] : Change(s) is detected in node_modules\lucide-react\dist\esm\icons\hard-hat.mjs.map of the Web-Client.
[info] [2026-07-25T18:04:30.118Z] : Change(s) is detected in node_modules\lucide-react\dist\esm\icons\hat-glasses.mjs.map of the Web-Client.
[info] [2026-07-25T18:04:30.118Z] : Change(s) is detected in node_modules\lucide-react\dist\esm\icons\hd.mjs.map of the Web-Client.
[info] [2026-07-25T18:04:30.118Z] : Change(s) is detected in node_modules\lucide-react\dist\esm\icons\haze.mjs.map of the Web-Client.
[info] [2026-07-25T18:04:30.118Z] : Change(s) is detected in node_modules\lucide-react\dist\esm\icons\heading-1.mjs.map of the Web-Client.
[info] [2026-07-25T18:04:30.118Z] : Change(s) is detected in node_modules\lucide-react\dist\esm\icons\hdmi-port.mjs.map of the Web-Client.
[info] [2026-07-25T18:04:30.118Z] : Change(s) is detected in node_modules\lucide-react\dist\esm\icons\heading-2.mjs.map of the Web-Client.
[info] [2026-07-25T18:04:30.118Z] : Change(s) is detected in node_modules\lucide-react\dist\esm\icons\heading-4.mjs.map of the Web-Client.
[info] [2026-07-25T18:04:30.118Z] : Change(s) is detected in node_modules\lucide-react\dist\esm\icons\heading-3.mjs.map of the Web-Client.
[info] [2026-07-25T18:04:30.118Z] : Change(s) is detected in node_modules\lucide-react\dist\esm\icons\heading-5.mjs.map of the Web-Client.
[info] [2026-07-25T18:04:30.118Z] : Change(s) is detected in node_modules\lucide-react\dist\esm\icons\heading-6.mjs.map of the Web-Client.
[info] [2026-07-25T18:04:30.118Z] : Change(s) is detected in node_modules\lucide-react\dist\esm\icons\heading.mjs.map of the Web-Client.
[info] [2026-07-25T18:04:30.118Z] : Change(s) is detected in node_modules\lucide-react\dist\esm\icons\headphone-off.mjs.map of the Web-Client.
[info] [2026-07-25T18:04:30.118Z] : Change(s) is detected in node_modules\lucide-react\dist\esm\icons\headphones.mjs.map of the Web-Client.
[info] [2026-07-25T18:04:30.118Z] : Change(s) is detected in node_modules\lucide-react\dist\esm\icons\headset.mjs.map of the Web-Client.
[info] [2026-07-25T18:04:30.118Z] : Change(s) is detected in node_modules\lucide-react\dist\esm\icons\heart-handshake.mjs.map of the Web-Client.
[info] [2026-07-25T18:04:30.118Z] : Change(s) is detected in node_modules\lucide-react\dist\esm\icons\heart-crack.mjs.map of the Web-Client.
[info] [2026-07-25T18:04:30.118Z] : Change(s) is detected in node_modules\lucide-react\dist\esm\icons\heart-minus.mjs.map of the Web-Client.
[info] [2026-07-25T18:04:30.119Z] : Change(s) is detected in node_modules\lucide-react\dist\esm\icons\heart-plus.mjs.map of the Web-Client.
[info] [2026-07-25T18:04:30.119Z] : Change(s) is detected in node_modules\lucide-react\dist\esm\icons\heart-off.mjs.map of the Web-Client.
[info] [2026-07-25T18:04:30.119Z] : Change(s) is detected in node_modules\lucide-react\dist\esm\icons\heart-x.mjs.map of the Web-Client.
[info] [2026-07-25T18:04:30.119Z] : Change(s) is detected in node_modules\lucide-react\dist\esm\icons\heart-pulse.mjs.map of the Web-Client.
[info] [2026-07-25T18:04:30.119Z] : Change(s) is detected in node_modules\lucide-react\dist\esm\icons\heater.mjs.map of the Web-Client.
[info] [2026-07-25T18:04:30.119Z] : Change(s) is detected in node_modules\lucide-react\dist\esm\icons\helicopter.mjs.map of the Web-Client.
[info] [2026-07-25T18:04:30.119Z] : Change(s) is detected in node_modules\lucide-react\dist\esm\icons\help-circle.mjs of the Web-Client.
[info] [2026-07-25T18:04:30.119Z] : Change(s) is detected in node_modules\lucide-react\dist\esm\icons\help-circle.mjs.map of the Web-Client.
[info] [2026-07-25T18:04:30.119Z] : Change(s) is detected in node_modules\lucide-react\dist\esm\icons\helping-hand.mjs of the Web-Client.
[info] [2026-07-25T18:04:30.119Z] : Change(s) is detected in node_modules\lucide-react\dist\esm\icons\helping-hand.mjs.map of the Web-Client.
[info] [2026-07-25T18:04:30.119Z] : Change(s) is detected in node_modules\lucide-react\dist\esm\icons\hexagon.mjs.map of the Web-Client.
[info] [2026-07-25T18:04:30.119Z] : Change(s) is detected in node_modules\lucide-react\dist\esm\icons\heart.mjs.map of the Web-Client.
[info] [2026-07-25T18:04:30.119Z] : Change(s) is detected in node_modules\lucide-react\dist\esm\icons\highlighter.mjs.map of the Web-Client.
[info] [2026-07-25T18:04:30.119Z] : Change(s) is detected in node_modules\lucide-react\dist\esm\icons\history.mjs.map of the Web-Client.
[info] [2026-07-25T18:04:30.119Z] : Change(s) is detected in node_modules\lucide-react\dist\esm\icons\home.mjs of the Web-Client.
[info] [2026-07-25T18:04:30.119Z] : Change(s) is detected in node_modules\lucide-react\dist\esm\icons\home.mjs.map of the Web-Client.
[info] [2026-07-25T18:04:30.119Z] : Change(s) is detected in node_modules\lucide-react\dist\esm\icons\hop-off.mjs.map of the Web-Client.
[info] [2026-07-25T18:04:30.119Z] : Change(s) is detected in node_modules\lucide-react\dist\esm\icons\hop.mjs.map of the Web-Client.
[info] [2026-07-25T18:04:30.119Z] : Change(s) is detected in node_modules\lucide-react\dist\esm\icons\hospital.mjs.map of the Web-Client.
[info] [2026-07-25T18:04:30.119Z] : Change(s) is detected in node_modules\lucide-react\dist\esm\icons\hotel.mjs.map of the Web-Client.
[info] [2026-07-25T18:04:30.119Z] : Change(s) is detected in node_modules\lucide-react\dist\esm\icons\hourglass.mjs.map of the Web-Client.
[info] [2026-07-25T18:04:30.119Z] : Change(s) is detected in node_modules\lucide-react\dist\esm\icons\house-heart.mjs.map of the Web-Client.
[info] [2026-07-25T18:04:30.119Z] : Change(s) is detected in node_modules\lucide-react\dist\esm\icons\house-plus.mjs.map of the Web-Client.
[info] [2026-07-25T18:04:30.119Z] : Change(s) is detected in node_modules\lucide-react\dist\esm\icons\house-plug.mjs.map of the Web-Client.
[info] [2026-07-25T18:04:30.119Z] : Change(s) is detected in node_modules\lucide-react\dist\esm\icons\house-wifi.mjs.map of the Web-Client.
[info] [2026-07-25T18:04:30.119Z] : Change(s) is detected in node_modules\lucide-react\dist\esm\icons\house.mjs.map of the Web-Client.
[info] [2026-07-25T18:04:30.119Z] : Change(s) is detected in node_modules\lucide-react\dist\esm\icons\ice-cream-2.mjs of the Web-Client.
[info] [2026-07-25T18:04:30.119Z] : Change(s) is detected in node_modules\lucide-react\dist\esm\icons\ice-cream-2.mjs.map of the Web-Client.
[info] [2026-07-25T18:04:30.119Z] : Change(s) is detected in node_modules\lucide-react\dist\esm\icons\ice-cream-cone.mjs.map of the Web-Client.
[info] [2026-07-25T18:04:30.119Z] : Change(s) is detected in node_modules\lucide-react\dist\esm\icons\ice-cream-bowl.mjs.map of the Web-Client.
[info] [2026-07-25T18:04:30.119Z] : Change(s) is detected in node_modules\lucide-react\dist\esm\icons\ice-cream.mjs of the Web-Client.
[info] [2026-07-25T18:04:30.119Z] : Change(s) is detected in node_modules\lucide-react\dist\esm\icons\ice-cream.mjs.map of the Web-Client.
[info] [2026-07-25T18:04:30.119Z] : Change(s) is detected in node_modules\lucide-react\dist\esm\icons\id-card-lanyard.mjs.map of the Web-Client.
[info] [2026-07-25T18:04:30.120Z] : Change(s) is detected in node_modules\lucide-react\dist\esm\icons\id-card.mjs.map of the Web-Client.
[info] [2026-07-25T18:04:30.120Z] : Change(s) is detected in node_modules\lucide-react\dist\esm\icons\image-down.mjs.map of the Web-Client.
[info] [2026-07-25T18:04:30.120Z] : Change(s) is detected in node_modules\lucide-react\dist\esm\icons\image-minus.mjs.map of the Web-Client.
[info] [2026-07-25T18:04:30.120Z] : Change(s) is detected in node_modules\lucide-react\dist\esm\icons\image-play.mjs.map of the Web-Client.
[info] [2026-07-25T18:04:30.120Z] : Change(s) is detected in node_modules\lucide-react\dist\esm\icons\image-plus.mjs.map of the Web-Client.
[info] [2026-07-25T18:04:30.120Z] : Change(s) is detected in node_modules\lucide-react\dist\esm\icons\image-off.mjs.map of the Web-Client.
[info] [2026-07-25T18:04:30.120Z] : Change(s) is detected in node_modules\lucide-react\dist\esm\icons\image-up.mjs.map of the Web-Client.
[info] [2026-07-25T18:04:30.120Z] : Change(s) is detected in node_modules\lucide-react\dist\esm\icons\image-upscale.mjs.map of the Web-Client.
[info] [2026-07-25T18:04:30.120Z] : Change(s) is detected in node_modules\lucide-react\dist\esm\icons\image.mjs.map of the Web-Client.
[info] [2026-07-25T18:04:30.120Z] : Change(s) is detected in node_modules\lucide-react\dist\esm\icons\images.mjs.map of the Web-Client.
[info] [2026-07-25T18:04:30.120Z] : Change(s) is detected in node_modules\lucide-react\dist\esm\icons\import.mjs.map of the Web-Client.
[info] [2026-07-25T18:04:30.120Z] : Change(s) is detected in node_modules\lucide-react\dist\esm\icons\inbox.mjs.map of the Web-Client.
[info] [2026-07-25T18:04:30.120Z] : Change(s) is detected in node_modules\lucide-react\dist\esm\icons\indent-decrease.mjs of the Web-Client.
[info] [2026-07-25T18:04:30.120Z] : Change(s) is detected in node_modules\lucide-react\dist\esm\icons\indent-increase.mjs of the Web-Client.
[info] [2026-07-25T18:04:30.120Z] : Change(s) is detected in node_modules\lucide-react\dist\esm\icons\indent-decrease.mjs.map of the Web-Client.
[info] [2026-07-25T18:04:30.120Z] : Change(s) is detected in node_modules\lucide-react\dist\esm\icons\indent.mjs of the Web-Client.
[info] [2026-07-25T18:04:30.120Z] : Change(s) is detected in node_modules\lucide-react\dist\esm\icons\indent-increase.mjs.map of the Web-Client.
[info] [2026-07-25T18:04:30.120Z] : Change(s) is detected in node_modules\lucide-react\dist\esm\icons\index.mjs.map of the Web-Client.
[info] [2026-07-25T18:04:30.120Z] : Change(s) is detected in node_modules\lucide-react\dist\esm\icons\indent.mjs.map of the Web-Client.
[info] [2026-07-25T18:04:30.120Z] : Change(s) is detected in node_modules\lucide-react\dist\esm\icons\info.mjs.map of the Web-Client.
[info] [2026-07-25T18:04:30.120Z] : Change(s) is detected in node_modules\lucide-react\dist\esm\icons\inspect.mjs.map of the Web-Client.
[info] [2026-07-25T18:04:30.120Z] : Change(s) is detected in node_modules\lucide-react\dist\esm\icons\indian-rupee.mjs.map of the Web-Client.
[info] [2026-07-25T18:04:30.120Z] : Change(s) is detected in node_modules\lucide-react\dist\esm\icons\infinity.mjs.map of the Web-Client.
[info] [2026-07-25T18:04:30.120Z] : Change(s) is detected in node_modules\lucide-react\dist\esm\icons\inspect.mjs of the Web-Client.
[info] [2026-07-25T18:04:30.120Z] : Change(s) is detected in node_modules\lucide-react\dist\esm\icons\inspection-panel.mjs.map of the Web-Client.
[info] [2026-07-25T18:04:30.120Z] : Change(s) is detected in node_modules\lucide-react\dist\esm\icons\italic.mjs.map of the Web-Client.
[info] [2026-07-25T18:04:30.120Z] : Change(s) is detected in node_modules\lucide-react\dist\esm\icons\iteration-ccw.mjs.map of the Web-Client.
[info] [2026-07-25T18:04:30.120Z] : Change(s) is detected in node_modules\lucide-react\dist\esm\icons\iteration-cw.mjs.map of the Web-Client.
[info] [2026-07-25T18:04:30.120Z] : Change(s) is detected in node_modules\lucide-react\dist\esm\icons\japanese-yen.mjs.map of the Web-Client.
[info] [2026-07-25T18:04:30.120Z] : Change(s) is detected in node_modules\lucide-react\dist\esm\icons\joystick.mjs.map of the Web-Client.
[info] [2026-07-25T18:04:30.121Z] : Change(s) is detected in node_modules\lucide-react\dist\esm\icons\kanban-square.mjs of the Web-Client.
[info] [2026-07-25T18:04:30.121Z] : Change(s) is detected in node_modules\lucide-react\dist\esm\icons\kanban-square-dashed.mjs of the Web-Client.
[info] [2026-07-25T18:04:30.121Z] : Change(s) is detected in node_modules\lucide-react\dist\esm\icons\kanban-square-dashed.mjs.map of the Web-Client.
[info] [2026-07-25T18:04:30.121Z] : Change(s) is detected in node_modules\lucide-react\dist\esm\icons\kanban-square.mjs.map of the Web-Client.
[info] [2026-07-25T18:04:30.121Z] : Change(s) is detected in node_modules\lucide-react\dist\esm\icons\kanban.mjs.map of the Web-Client.
[info] [2026-07-25T18:04:30.121Z] : Change(s) is detected in node_modules\lucide-react\dist\esm\icons\key-round.mjs.map of the Web-Client.
[info] [2026-07-25T18:04:30.121Z] : Change(s) is detected in node_modules\lucide-react\dist\esm\icons\kayak.mjs.map of the Web-Client.
[info] [2026-07-25T18:04:30.121Z] : Change(s) is detected in node_modules\lucide-react\dist\esm\icons\key.mjs.map of the Web-Client.
[info] [2026-07-25T18:04:30.121Z] : Change(s) is detected in node_modules\lucide-react\dist\esm\icons\keyboard-music.mjs.map of the Web-Client.
[info] [2026-07-25T18:04:30.121Z] : Change(s) is detected in node_modules\lucide-react\dist\esm\icons\key-square.mjs.map of the Web-Client.
[info] [2026-07-25T18:04:30.121Z] : Change(s) is detected in node_modules\lucide-react\dist\esm\icons\keyboard.mjs.map of the Web-Client.
[info] [2026-07-25T18:04:30.121Z] : Change(s) is detected in node_modules\lucide-react\dist\esm\icons\keyboard-off.mjs.map of the Web-Client.
[info] [2026-07-25T18:04:30.121Z] : Change(s) is detected in node_modules\lucide-react\dist\esm\icons\lamp-ceiling.mjs.map of the Web-Client.
[info] [2026-07-25T18:04:30.124Z] : Change(s) is detected in node_modules\lucide-react\dist\esm\icons\lamp-floor.mjs.map of the Web-Client.
[info] [2026-07-25T18:04:30.124Z] : Change(s) is detected in node_modules\lucide-react\dist\esm\icons\lamp-wall-down.mjs.map of the Web-Client.
[info] [2026-07-25T18:04:30.124Z] : Change(s) is detected in node_modules\lucide-react\dist\esm\icons\lamp-wall-up.mjs.map of the Web-Client.
[info] [2026-07-25T18:04:30.124Z] : Change(s) is detected in node_modules\lucide-react\dist\esm\icons\lamp-desk.mjs.map of the Web-Client.
[info] [2026-07-25T18:04:30.124Z] : Change(s) is detected in node_modules\lucide-react\dist\esm\icons\lamp.mjs.map of the Web-Client.
[info] [2026-07-25T18:04:30.124Z] : Change(s) is detected in node_modules\lucide-react\dist\esm\icons\landmark.mjs.map of the Web-Client.
[info] [2026-07-25T18:04:30.124Z] : Change(s) is detected in node_modules\lucide-react\dist\esm\icons\land-plot.mjs.map of the Web-Client.
[info] [2026-07-25T18:04:30.124Z] : Change(s) is detected in node_modules\lucide-react\dist\esm\icons\languages.mjs.map of the Web-Client.
[info] [2026-07-25T18:04:30.124Z] : Change(s) is detected in node_modules\lucide-react\dist\esm\icons\laptop-2.mjs of the Web-Client.
[info] [2026-07-25T18:04:30.124Z] : Change(s) is detected in node_modules\lucide-react\dist\esm\icons\laptop-2.mjs.map of the Web-Client.
[info] [2026-07-25T18:04:30.124Z] : Change(s) is detected in node_modules\lucide-react\dist\esm\icons\laptop-minimal-check.mjs.map of the Web-Client.
[info] [2026-07-25T18:04:30.124Z] : Change(s) is detected in node_modules\lucide-react\dist\esm\icons\lasso-select.mjs.map of the Web-Client.
[info] [2026-07-25T18:04:30.124Z] : Change(s) is detected in node_modules\lucide-react\dist\esm\icons\laptop.mjs.map of the Web-Client.
[info] [2026-07-25T18:04:30.124Z] : Change(s) is detected in node_modules\lucide-react\dist\esm\icons\laptop-minimal.mjs.map of the Web-Client.
[info] [2026-07-25T18:04:30.124Z] : Change(s) is detected in node_modules\lucide-react\dist\esm\icons\lasso.mjs.map of the Web-Client.
[info] [2026-07-25T18:04:30.124Z] : Change(s) is detected in node_modules\lucide-react\dist\esm\icons\laugh.mjs.map of the Web-Client.
[info] [2026-07-25T18:04:30.124Z] : Change(s) is detected in node_modules\lucide-react\dist\esm\icons\layers-3.mjs.map of the Web-Client.
[info] [2026-07-25T18:04:30.124Z] : Change(s) is detected in node_modules\lucide-react\dist\esm\icons\layers-3.mjs of the Web-Client.
[info] [2026-07-25T18:04:30.124Z] : Change(s) is detected in node_modules\lucide-react\dist\esm\icons\layers-2.mjs.map of the Web-Client.
[info] [2026-07-25T18:04:30.124Z] : Change(s) is detected in node_modules\lucide-react\dist\esm\icons\layers-plus.mjs.map of the Web-Client.
[info] [2026-07-25T18:04:30.124Z] : Change(s) is detected in node_modules\lucide-react\dist\esm\icons\layers-minus.mjs.map of the Web-Client.
[info] [2026-07-25T18:04:30.124Z] : Change(s) is detected in node_modules\lucide-react\dist\esm\icons\layers.mjs.map of the Web-Client.
[info] [2026-07-25T18:04:30.124Z] : Change(s) is detected in node_modules\lucide-react\dist\esm\icons\layout-dashboard.mjs.map of the Web-Client.
[info] [2026-07-25T18:04:30.124Z] : Change(s) is detected in node_modules\lucide-react\dist\esm\icons\layout-grid.mjs.map of the Web-Client.
[info] [2026-07-25T18:04:30.124Z] : Change(s) is detected in node_modules\lucide-react\dist\esm\icons\layout-list.mjs.map of the Web-Client.
[info] [2026-07-25T18:04:30.124Z] : Change(s) is detected in node_modules\lucide-react\dist\esm\icons\layout-panel-left.mjs.map of the Web-Client.
[info] [2026-07-25T18:04:30.124Z] : Change(s) is detected in node_modules\lucide-react\dist\esm\icons\layout-panel-top.mjs.map of the Web-Client.
[info] [2026-07-25T18:04:30.124Z] : Change(s) is detected in node_modules\lucide-react\dist\esm\icons\layout.mjs.map of the Web-Client.
[info] [2026-07-25T18:04:30.124Z] : Change(s) is detected in node_modules\lucide-react\dist\esm\icons\layout.mjs of the Web-Client.
[info] [2026-07-25T18:04:30.124Z] : Change(s) is detected in node_modules\lucide-react\dist\esm\icons\layout-template.mjs.map of the Web-Client.
[info] [2026-07-25T18:04:30.124Z] : Change(s) is detected in node_modules\lucide-react\dist\esm\icons\leaf.mjs.map of the Web-Client.
[info] [2026-07-25T18:04:30.124Z] : Change(s) is detected in node_modules\lucide-react\dist\esm\icons\leafy-green.mjs.map of the Web-Client.
[info] [2026-07-25T18:04:30.124Z] : Change(s) is detected in node_modules\lucide-react\dist\esm\icons\lectern.mjs.map of the Web-Client.
[info] [2026-07-25T18:04:30.124Z] : Change(s) is detected in node_modules\lucide-react\dist\esm\icons\lens-concave.mjs.map of the Web-Client.
[info] [2026-07-25T18:04:30.124Z] : Change(s) is detected in node_modules\lucide-react\dist\esm\icons\lens-convex.mjs.map of the Web-Client.
[info] [2026-07-25T18:04:30.124Z] : Change(s) is detected in node_modules\lucide-react\dist\esm\icons\letter-text.mjs.map of the Web-Client.
[info] [2026-07-25T18:04:30.124Z] : Change(s) is detected in node_modules\lucide-react\dist\esm\icons\letter-text.mjs of the Web-Client.
[info] [2026-07-25T18:04:30.124Z] : Change(s) is detected in node_modules\lucide-react\dist\esm\icons\library-square.mjs of the Web-Client.
[info] [2026-07-25T18:04:30.124Z] : Change(s) is detected in node_modules\lucide-react\dist\esm\icons\library-big.mjs.map of the Web-Client.
[info] [2026-07-25T18:04:30.124Z] : Change(s) is detected in node_modules\lucide-react\dist\esm\icons\library-square.mjs.map of the Web-Client.
[info] [2026-07-25T18:04:30.125Z] : Change(s) is detected in node_modules\lucide-react\dist\esm\icons\library.mjs.map of the Web-Client.
[info] [2026-07-25T18:04:30.125Z] : Change(s) is detected in node_modules\lucide-react\dist\esm\icons\life-buoy.mjs.map of the Web-Client.
[info] [2026-07-25T18:04:30.125Z] : Change(s) is detected in node_modules\lucide-react\dist\esm\icons\ligature.mjs.map of the Web-Client.
[info] [2026-07-25T18:04:30.125Z] : Change(s) is detected in node_modules\lucide-react\dist\esm\icons\lightbulb-off.mjs.map of the Web-Client.
[info] [2026-07-25T18:04:30.125Z] : Change(s) is detected in node_modules\lucide-react\dist\esm\icons\lightbulb.mjs.map of the Web-Client.
[info] [2026-07-25T18:04:30.125Z] : Change(s) is detected in node_modules\lucide-react\dist\esm\icons\line-chart.mjs of the Web-Client.
[info] [2026-07-25T18:04:30.125Z] : Change(s) is detected in node_modules\lucide-react\dist\esm\icons\line-chart.mjs.map of the Web-Client.
[info] [2026-07-25T18:04:30.125Z] : Change(s) is detected in node_modules\lucide-react\dist\esm\icons\line-squiggle.mjs.map of the Web-Client.
[info] [2026-07-25T18:04:30.125Z] : Change(s) is detected in node_modules\lucide-react\dist\esm\icons\line-dot-right-horizontal.mjs.map of the Web-Client.
[info] [2026-07-25T18:04:30.125Z] : Change(s) is detected in node_modules\lucide-react\dist\esm\icons\line-style.mjs.map of the Web-Client.
[info] [2026-07-25T18:04:30.126Z] : Change(s) is detected in node_modules\lucide-react\dist\esm\icons\link-2-off.mjs.map of the Web-Client.
[info] [2026-07-25T18:04:30.126Z] : Change(s) is detected in node_modules\lucide-react\dist\esm\icons\link-2.mjs.map of the Web-Client.
[info] [2026-07-25T18:04:30.126Z] : Change(s) is detected in node_modules\lucide-react\dist\esm\icons\link.mjs.map of the Web-Client.
[info] [2026-07-25T18:04:30.126Z] : Change(s) is detected in node_modules\lucide-react\dist\esm\icons\list-checks.mjs.map of the Web-Client.
[info] [2026-07-25T18:04:30.126Z] : Change(s) is detected in node_modules\lucide-react\dist\esm\icons\list-check.mjs.map of the Web-Client.
[info] [2026-07-25T18:04:30.126Z] : Change(s) is detected in node_modules\lucide-react\dist\esm\icons\list-chevrons-down-up.mjs.map of the Web-Client.
[info] [2026-07-25T18:04:30.126Z] : Change(s) is detected in node_modules\lucide-react\dist\esm\icons\list-chevrons-up-down.mjs.map of the Web-Client.
[info] [2026-07-25T18:04:30.126Z] : Change(s) is detected in node_modules\lucide-react\dist\esm\icons\list-collapse.mjs.map of the Web-Client.
[info] [2026-07-25T18:04:30.126Z] : Change(s) is detected in node_modules\lucide-react\dist\esm\icons\list-filter-plus.mjs.map of the Web-Client.
[info] [2026-07-25T18:04:30.126Z] : Change(s) is detected in node_modules\lucide-react\dist\esm\icons\list-end.mjs.map of the Web-Client.
[info] [2026-07-25T18:04:30.126Z] : Change(s) is detected in node_modules\lucide-react\dist\esm\icons\list-filter.mjs.map of the Web-Client.
[info] [2026-07-25T18:04:30.126Z] : Change(s) is detected in node_modules\lucide-react\dist\esm\icons\list-indent-increase.mjs.map of the Web-Client.
[info] [2026-07-25T18:04:30.126Z] : Change(s) is detected in node_modules\lucide-react\dist\esm\icons\list-indent-decrease.mjs.map of the Web-Client.
[info] [2026-07-25T18:04:30.126Z] : Change(s) is detected in node_modules\lucide-react\dist\esm\icons\list-minus.mjs.map of the Web-Client.
[info] [2026-07-25T18:04:30.126Z] : Change(s) is detected in node_modules\lucide-react\dist\esm\icons\list-music.mjs.map of the Web-Client.
[info] [2026-07-25T18:04:30.126Z] : Change(s) is detected in node_modules\lucide-react\dist\esm\icons\list-ordered.mjs.map of the Web-Client.
[info] [2026-07-25T18:04:30.126Z] : Change(s) is detected in node_modules\lucide-react\dist\esm\icons\list-plus.mjs.map of the Web-Client.
[info] [2026-07-25T18:04:30.126Z] : Change(s) is detected in node_modules\lucide-react\dist\esm\icons\list-sort-ascending.mjs.map of the Web-Client.
[info] [2026-07-25T18:04:30.126Z] : Change(s) is detected in node_modules\lucide-react\dist\esm\icons\list-restart.mjs.map of the Web-Client.
[info] [2026-07-25T18:04:30.126Z] : Change(s) is detected in node_modules\lucide-react\dist\esm\icons\list-start.mjs.map of the Web-Client.
[info] [2026-07-25T18:04:30.126Z] : Change(s) is detected in node_modules\lucide-react\dist\esm\icons\list-sort-descending.mjs.map of the Web-Client.
[info] [2026-07-25T18:04:30.126Z] : Change(s) is detected in node_modules\lucide-react\dist\esm\icons\list-todo.mjs.map of the Web-Client.
[info] [2026-07-25T18:04:30.126Z] : Change(s) is detected in node_modules\lucide-react\dist\esm\icons\list-tree.mjs.map of the Web-Client.
[info] [2026-07-25T18:04:30.126Z] : Change(s) is detected in node_modules\lucide-react\dist\esm\icons\list-x.mjs.map of the Web-Client.
[info] [2026-07-25T18:04:30.126Z] : Change(s) is detected in node_modules\lucide-react\dist\esm\icons\list.mjs.map of the Web-Client.
[info] [2026-07-25T18:04:30.127Z] : Change(s) is detected in node_modules\lucide-react\dist\esm\icons\list-video.mjs.map of the Web-Client.
[info] [2026-07-25T18:04:30.127Z] : Change(s) is detected in node_modules\lucide-react\dist\esm\icons\loader-2.mjs of the Web-Client.
[info] [2026-07-25T18:04:30.127Z] : Change(s) is detected in node_modules\lucide-react\dist\esm\icons\loader-2.mjs.map of the Web-Client.
[info] [2026-07-25T18:04:30.127Z] : Change(s) is detected in node_modules\lucide-react\dist\esm\icons\loader-circle.mjs.map of the Web-Client.
[info] [2026-07-25T18:04:30.127Z] : Change(s) is detected in node_modules\lucide-react\dist\esm\icons\loader.mjs.map of the Web-Client.
[info] [2026-07-25T18:04:30.127Z] : Change(s) is detected in node_modules\lucide-react\dist\esm\icons\loader-pinwheel.mjs.map of the Web-Client.
[info] [2026-07-25T18:04:30.127Z] : Change(s) is detected in node_modules\lucide-react\dist\esm\icons\locate-fixed.mjs.map of the Web-Client.
[info] [2026-07-25T18:04:30.127Z] : Change(s) is detected in node_modules\lucide-react\dist\esm\icons\locate-off.mjs.map of the Web-Client.
[info] [2026-07-25T18:04:30.127Z] : Change(s) is detected in node_modules\lucide-react\dist\esm\icons\locate.mjs.map of the Web-Client.
[info] [2026-07-25T18:04:30.127Z] : Change(s) is detected in node_modules\lucide-react\dist\esm\icons\location-edit.mjs.map of the Web-Client.
[info] [2026-07-25T18:04:30.127Z] : Change(s) is detected in node_modules\lucide-react\dist\esm\icons\location-edit.mjs of the Web-Client.
[info] [2026-07-25T18:04:30.127Z] : Change(s) is detected in node_modules\lucide-react\dist\esm\icons\lock-keyhole-open.mjs.map of the Web-Client.
[info] [2026-07-25T18:04:30.127Z] : Change(s) is detected in node_modules\lucide-react\dist\esm\icons\lock-keyhole.mjs.map of the Web-Client.
[info] [2026-07-25T18:04:30.127Z] : Change(s) is detected in node_modules\lucide-react\dist\esm\icons\lock-open.mjs.map of the Web-Client.
[info] [2026-07-25T18:04:30.127Z] : Change(s) is detected in node_modules\lucide-react\dist\esm\icons\lock.mjs.map of the Web-Client.
[info] [2026-07-25T18:04:30.127Z] : Change(s) is detected in node_modules\lucide-react\dist\esm\icons\log-in.mjs.map of the Web-Client.
[info] [2026-07-25T18:04:30.127Z] : Change(s) is detected in node_modules\lucide-react\dist\esm\icons\log-out.mjs.map of the Web-Client.
[info] [2026-07-25T18:04:30.127Z] : Change(s) is detected in node_modules\lucide-react\dist\esm\icons\logs.mjs.map of the Web-Client.
[info] [2026-07-25T18:04:30.127Z] : Change(s) is detected in node_modules\lucide-react\dist\esm\icons\luggage.mjs.map of the Web-Client.
[info] [2026-07-25T18:04:30.127Z] : Change(s) is detected in node_modules\lucide-react\dist\esm\icons\m-square.mjs of the Web-Client.
[info] [2026-07-25T18:04:30.127Z] : Change(s) is detected in node_modules\lucide-react\dist\esm\icons\lollipop.mjs.map of the Web-Client.
[info] [2026-07-25T18:04:30.127Z] : Change(s) is detected in node_modules\lucide-react\dist\esm\icons\m-square.mjs.map of the Web-Client.
[info] [2026-07-25T18:04:30.127Z] : Change(s) is detected in node_modules\lucide-react\dist\esm\icons\magnet.mjs.map of the Web-Client.
[info] [2026-07-25T18:04:30.127Z] : Change(s) is detected in node_modules\lucide-react\dist\esm\icons\mail-minus.mjs.map of the Web-Client.
[info] [2026-07-25T18:04:30.127Z] : Change(s) is detected in node_modules\lucide-react\dist\esm\icons\mail-open.mjs.map of the Web-Client.
[info] [2026-07-25T18:04:30.127Z] : Change(s) is detected in node_modules\lucide-react\dist\esm\icons\mail-check.mjs.map of the Web-Client.
[info] [2026-07-25T18:04:30.127Z] : Change(s) is detected in node_modules\lucide-react\dist\esm\icons\mail-plus.mjs.map of the Web-Client.
[info] [2026-07-25T18:04:30.127Z] : Change(s) is detected in node_modules\lucide-react\dist\esm\icons\mail-question-mark.mjs.map of the Web-Client.
[info] [2026-07-25T18:04:30.127Z] : Change(s) is detected in node_modules\lucide-react\dist\esm\icons\mail-question.mjs.map of the Web-Client.
[info] [2026-07-25T18:04:30.127Z] : Change(s) is detected in node_modules\lucide-react\dist\esm\icons\mail-question.mjs of the Web-Client.
[info] [2026-07-25T18:04:30.127Z] : Change(s) is detected in node_modules\lucide-react\dist\esm\icons\mail-search.mjs.map of the Web-Client.
[info] [2026-07-25T18:04:30.128Z] : Change(s) is detected in node_modules\lucide-react\dist\esm\icons\mail-warning.mjs.map of the Web-Client.
[info] [2026-07-25T18:04:30.128Z] : Change(s) is detected in node_modules\lucide-react\dist\esm\icons\mail.mjs.map of the Web-Client.
[info] [2026-07-25T18:04:30.128Z] : Change(s) is detected in node_modules\lucide-react\dist\esm\icons\mail-x.mjs.map of the Web-Client.
[info] [2026-07-25T18:04:30.128Z] : Change(s) is detected in node_modules\lucide-react\dist\esm\icons\mailbox.mjs.map of the Web-Client.
[info] [2026-07-25T18:04:30.128Z] : Change(s) is detected in node_modules\lucide-react\dist\esm\icons\mails.mjs.map of the Web-Client.
[info] [2026-07-25T18:04:30.128Z] : Change(s) is detected in node_modules\lucide-react\dist\esm\icons\map-minus.mjs.map of the Web-Client.
[info] [2026-07-25T18:04:30.128Z] : Change(s) is detected in node_modules\lucide-react\dist\esm\icons\map-pin-check-inside.mjs.map of the Web-Client.
[info] [2026-07-25T18:04:30.128Z] : Change(s) is detected in node_modules\lucide-react\dist\esm\icons\map-pin-check.mjs.map of the Web-Client.
[info] [2026-07-25T18:04:30.128Z] : Change(s) is detected in node_modules\lucide-react\dist\esm\icons\map-pin-minus.mjs.map of the Web-Client.
[info] [2026-07-25T18:04:30.128Z] : Change(s) is detected in node_modules\lucide-react\dist\esm\icons\map-pin-minus-inside.mjs.map of the Web-Client.
[info] [2026-07-25T18:04:30.130Z] : Change(s) is detected in node_modules\lucide-react\dist\esm\icons\map-pin-house.mjs.map of the Web-Client.
[info] [2026-07-25T18:04:30.130Z] : Change(s) is detected in node_modules\lucide-react\dist\esm\icons\map-pin-off.mjs.map of the Web-Client.
[info] [2026-07-25T18:04:30.130Z] : Change(s) is detected in node_modules\lucide-react\dist\esm\icons\map-pin-pen.mjs.map of the Web-Client.
[info] [2026-07-25T18:04:30.130Z] : Change(s) is detected in node_modules\lucide-react\dist\esm\icons\map-pin-plus-inside.mjs.map of the Web-Client.
[info] [2026-07-25T18:04:30.130Z] : Change(s) is detected in node_modules\lucide-react\dist\esm\icons\map-pin-plus.mjs.map of the Web-Client.
[info] [2026-07-25T18:04:30.130Z] : Change(s) is detected in node_modules\lucide-react\dist\esm\icons\map-pin-search.mjs.map of the Web-Client.
[info] [2026-07-25T18:04:30.130Z] : Change(s) is detected in node_modules\lucide-react\dist\esm\icons\map-pin-x-inside.mjs.map of the Web-Client.
[info] [2026-07-25T18:04:30.130Z] : Change(s) is detected in node_modules\lucide-react\dist\esm\icons\map-pin-x.mjs.map of the Web-Client.
[info] [2026-07-25T18:04:30.130Z] : Change(s) is detected in node_modules\lucide-react\dist\esm\icons\map-pin.mjs.map of the Web-Client.
[info] [2026-07-25T18:04:30.130Z] : Change(s) is detected in node_modules\lucide-react\dist\esm\icons\map-plus.mjs.map of the Web-Client.
[info] [2026-07-25T18:04:30.130Z] : Change(s) is detected in node_modules\lucide-react\dist\esm\icons\map-pinned.mjs.map of the Web-Client.
[info] [2026-07-25T18:04:30.130Z] : Change(s) is detected in node_modules\lucide-react\dist\esm\icons\map.mjs.map of the Web-Client.
[info] [2026-07-25T18:04:30.130Z] : Change(s) is detected in node_modules\lucide-react\dist\esm\icons\mars-stroke.mjs.map of the Web-Client.
[info] [2026-07-25T18:04:30.130Z] : Change(s) is detected in node_modules\lucide-react\dist\esm\icons\mars.mjs.map of the Web-Client.
[info] [2026-07-25T18:04:30.130Z] : Change(s) is detected in node_modules\lucide-react\dist\esm\icons\martini.mjs.map of the Web-Client.
[info] [2026-07-25T18:04:30.130Z] : Change(s) is detected in node_modules\lucide-react\dist\esm\icons\maximize-2.mjs.map of the Web-Client.
[info] [2026-07-25T18:04:30.130Z] : Change(s) is detected in node_modules\lucide-react\dist\esm\icons\maximize.mjs.map of the Web-Client.
[info] [2026-07-25T18:04:30.130Z] : Change(s) is detected in node_modules\lucide-react\dist\esm\icons\medal.mjs.map of the Web-Client.
[info] [2026-07-25T18:04:30.131Z] : Change(s) is detected in node_modules\lucide-react\dist\esm\icons\megaphone-off.mjs.map of the Web-Client.
[info] [2026-07-25T18:04:30.131Z] : Change(s) is detected in node_modules\lucide-react\dist\esm\icons\megaphone.mjs.map of the Web-Client.
[info] [2026-07-25T18:04:30.131Z] : Change(s) is detected in node_modules\lucide-react\dist\esm\icons\memory-stick.mjs.map of the Web-Client.
[info] [2026-07-25T18:04:30.131Z] : Change(s) is detected in node_modules\lucide-react\dist\esm\icons\meh.mjs.map of the Web-Client.
[info] [2026-07-25T18:04:30.131Z] : Change(s) is detected in node_modules\lucide-react\dist\esm\icons\menu-square.mjs of the Web-Client.
[info] [2026-07-25T18:04:30.131Z] : Change(s) is detected in node_modules\lucide-react\dist\esm\icons\menu-square.mjs.map of the Web-Client.
[info] [2026-07-25T18:04:30.131Z] : Change(s) is detected in node_modules\lucide-react\dist\esm\icons\menu.mjs.map of the Web-Client.
[info] [2026-07-25T18:04:30.131Z] : Change(s) is detected in node_modules\lucide-react\dist\esm\icons\merge.mjs.map of the Web-Client.
[info] [2026-07-25T18:04:30.131Z] : Change(s) is detected in node_modules\lucide-react\dist\esm\icons\message-circle-check.mjs.map of the Web-Client.
[info] [2026-07-25T18:04:30.131Z] : Change(s) is detected in node_modules\lucide-react\dist\esm\icons\message-circle-code.mjs.map of the Web-Client.
[info] [2026-07-25T18:04:30.131Z] : Change(s) is detected in node_modules\lucide-react\dist\esm\icons\message-circle-dashed.mjs.map of the Web-Client.
[info] [2026-07-25T18:04:30.131Z] : Change(s) is detected in node_modules\lucide-react\dist\esm\icons\message-circle-heart.mjs.map of the Web-Client.
[info] [2026-07-25T18:04:30.131Z] : Change(s) is detected in node_modules\lucide-react\dist\esm\icons\message-circle-more.mjs.map of the Web-Client.
[info] [2026-07-25T18:04:30.131Z] : Change(s) is detected in node_modules\lucide-react\dist\esm\icons\message-circle-question-mark.mjs.map of the Web-Client.
[info] [2026-07-25T18:04:30.131Z] : Change(s) is detected in node_modules\lucide-react\dist\esm\icons\message-circle-off.mjs.map of the Web-Client.
[info] [2026-07-25T18:04:30.131Z] : Change(s) is detected in node_modules\lucide-react\dist\esm\icons\message-circle-plus.mjs.map of the Web-Client.
[info] [2026-07-25T18:04:30.131Z] : Change(s) is detected in node_modules\lucide-react\dist\esm\icons\message-circle-question.mjs.map of the Web-Client.
[info] [2026-07-25T18:04:30.131Z] : Change(s) is detected in node_modules\lucide-react\dist\esm\icons\message-circle-question.mjs of the Web-Client.
[info] [2026-07-25T18:04:30.131Z] : Change(s) is detected in node_modules\lucide-react\dist\esm\icons\message-circle-reply.mjs.map of the Web-Client.
[info] [2026-07-25T18:04:30.131Z] : Change(s) is detected in node_modules\lucide-react\dist\esm\icons\message-circle-warning.mjs.map of the Web-Client.
[info] [2026-07-25T18:04:30.131Z] : Change(s) is detected in node_modules\lucide-react\dist\esm\icons\message-circle.mjs.map of the Web-Client.
[info] [2026-07-25T18:04:30.131Z] : Change(s) is detected in node_modules\lucide-react\dist\esm\icons\message-circle-x.mjs.map of the Web-Client.
[info] [2026-07-25T18:04:30.131Z] : Change(s) is detected in node_modules\lucide-react\dist\esm\icons\message-square-code.mjs.map of the Web-Client.
[info] [2026-07-25T18:04:30.132Z] : Change(s) is detected in node_modules\lucide-react\dist\esm\icons\message-square-check.mjs.map of the Web-Client.
[info] [2026-07-25T18:04:30.132Z] : Change(s) is detected in node_modules\lucide-react\dist\esm\icons\message-square-dashed.mjs.map of the Web-Client.
[info] [2026-07-25T18:04:30.132Z] : Change(s) is detected in node_modules\lucide-react\dist\esm\icons\message-square-diff.mjs.map of the Web-Client.
[info] [2026-07-25T18:04:30.132Z] : Change(s) is detected in node_modules\lucide-react\dist\esm\icons\message-square-dot.mjs.map of the Web-Client.
[info] [2026-07-25T18:04:30.132Z] : Change(s) is detected in node_modules\lucide-react\dist\esm\icons\message-square-heart.mjs.map of the Web-Client.
[info] [2026-07-25T18:04:30.132Z] : Change(s) is detected in node_modules\lucide-react\dist\esm\icons\message-square-lock.mjs.map of the Web-Client.
[info] [2026-07-25T18:04:30.132Z] : Change(s) is detected in node_modules\lucide-react\dist\esm\icons\message-square-more.mjs.map of the Web-Client.
[info] [2026-07-25T18:04:30.132Z] : Change(s) is detected in node_modules\lucide-react\dist\esm\icons\message-square-off.mjs.map of the Web-Client.
[info] [2026-07-25T18:04:30.132Z] : Change(s) is detected in node_modules\lucide-react\dist\esm\icons\message-square-plus.mjs.map of the Web-Client.
[info] [2026-07-25T18:04:30.132Z] : Change(s) is detected in node_modules\lucide-react\dist\esm\icons\message-square-quote.mjs.map of the Web-Client.
[info] [2026-07-25T18:04:30.132Z] : Change(s) is detected in node_modules\lucide-react\dist\esm\icons\message-square-reply.mjs.map of the Web-Client.
[info] [2026-07-25T18:04:30.132Z] : Change(s) is detected in node_modules\lucide-react\dist\esm\icons\message-square-share.mjs.map of the Web-Client.
[info] [2026-07-25T18:04:30.132Z] : Change(s) is detected in node_modules\lucide-react\dist\esm\icons\message-square-text.mjs.map of the Web-Client.
[info] [2026-07-25T18:04:30.132Z] : Change(s) is detected in node_modules\lucide-react\dist\esm\icons\message-square-warning.mjs.map of the Web-Client.
[info] [2026-07-25T18:04:30.132Z] : Change(s) is detected in node_modules\lucide-react\dist\esm\icons\message-square-x.mjs.map of the Web-Client.
[info] [2026-07-25T18:04:30.132Z] : Change(s) is detected in node_modules\lucide-react\dist\esm\icons\message-square.mjs.map of the Web-Client.
[info] [2026-07-25T18:04:30.132Z] : Change(s) is detected in node_modules\lucide-react\dist\esm\icons\messages-square.mjs.map of the Web-Client.
[info] [2026-07-25T18:04:30.132Z] : Change(s) is detected in node_modules\lucide-react\dist\esm\icons\metronome.mjs.map of the Web-Client.
[info] [2026-07-25T18:04:30.132Z] : Change(s) is detected in node_modules\lucide-react\dist\esm\icons\mic-2.mjs of the Web-Client.
[info] [2026-07-25T18:04:30.132Z] : Change(s) is detected in node_modules\lucide-react\dist\esm\icons\mic-off.mjs.map of the Web-Client.
[info] [2026-07-25T18:04:30.132Z] : Change(s) is detected in node_modules\lucide-react\dist\esm\icons\mic-2.mjs.map of the Web-Client.
[info] [2026-07-25T18:04:30.132Z] : Change(s) is detected in node_modules\lucide-react\dist\esm\icons\mic.mjs.map of the Web-Client.
[info] [2026-07-25T18:04:30.132Z] : Change(s) is detected in node_modules\lucide-react\dist\esm\icons\mic-vocal.mjs.map of the Web-Client.
[info] [2026-07-25T18:04:30.132Z] : Change(s) is detected in node_modules\lucide-react\dist\esm\icons\microchip.mjs.map of the Web-Client.
[info] [2026-07-25T18:04:30.134Z] : Change(s) is detected in node_modules\lucide-react\dist\esm\icons\microscope.mjs.map of the Web-Client.
[info] [2026-07-25T18:04:30.134Z] : Change(s) is detected in node_modules\lucide-react\dist\esm\icons\microwave.mjs.map of the Web-Client.
[info] [2026-07-25T18:04:30.134Z] : Change(s) is detected in node_modules\lucide-react\dist\esm\icons\milestone.mjs.map of the Web-Client.
[info] [2026-07-25T18:04:30.134Z] : Change(s) is detected in node_modules\lucide-react\dist\esm\icons\milk.mjs.map of the Web-Client.
[info] [2026-07-25T18:04:30.134Z] : Change(s) is detected in node_modules\lucide-react\dist\esm\icons\milk-off.mjs.map of the Web-Client.
[info] [2026-07-25T18:04:30.134Z] : Change(s) is detected in node_modules\lucide-react\dist\esm\icons\minimize-2.mjs.map of the Web-Client.
[info] [2026-07-25T18:04:30.134Z] : Change(s) is detected in node_modules\lucide-react\dist\esm\icons\minimize.mjs.map of the Web-Client.
[info] [2026-07-25T18:04:30.134Z] : Change(s) is detected in node_modules\lucide-react\dist\esm\icons\minus-circle.mjs of the Web-Client.
[info] [2026-07-25T18:04:30.134Z] : Change(s) is detected in node_modules\lucide-react\dist\esm\icons\minus-circle.mjs.map of the Web-Client.
[info] [2026-07-25T18:04:30.134Z] : Change(s) is detected in node_modules\lucide-react\dist\esm\icons\minus-square.mjs of the Web-Client.
[info] [2026-07-25T18:04:30.134Z] : Change(s) is detected in node_modules\lucide-react\dist\esm\icons\minus.mjs.map of the Web-Client.
[info] [2026-07-25T18:04:30.134Z] : Change(s) is detected in node_modules\lucide-react\dist\esm\icons\minus-square.mjs.map of the Web-Client.
[info] [2026-07-25T18:04:30.134Z] : Change(s) is detected in node_modules\lucide-react\dist\esm\icons\mirror-rectangular.mjs.map of the Web-Client.
[info] [2026-07-25T18:04:30.134Z] : Change(s) is detected in node_modules\lucide-react\dist\esm\icons\mirror-round.mjs.map of the Web-Client.
[info] [2026-07-25T18:04:30.134Z] : Change(s) is detected in node_modules\lucide-react\dist\esm\icons\monitor-check.mjs.map of the Web-Client.
[info] [2026-07-25T18:04:30.134Z] : Change(s) is detected in node_modules\lucide-react\dist\esm\icons\monitor-cloud.mjs.map of the Web-Client.
[info] [2026-07-25T18:04:30.134Z] : Change(s) is detected in node_modules\lucide-react\dist\esm\icons\monitor-cog.mjs.map of the Web-Client.
[info] [2026-07-25T18:04:30.134Z] : Change(s) is detected in node_modules\lucide-react\dist\esm\icons\monitor-dot.mjs.map of the Web-Client.
[info] [2026-07-25T18:04:30.134Z] : Change(s) is detected in node_modules\lucide-react\dist\esm\icons\monitor-down.mjs.map of the Web-Client.
[info] [2026-07-25T18:04:30.134Z] : Change(s) is detected in node_modules\lucide-react\dist\esm\icons\monitor-off.mjs.map of the Web-Client.
[info] [2026-07-25T18:04:30.134Z] : Change(s) is detected in node_modules\lucide-react\dist\esm\icons\monitor-pause.mjs.map of the Web-Client.
[info] [2026-07-25T18:04:30.134Z] : Change(s) is detected in node_modules\lucide-react\dist\esm\icons\monitor-play.mjs.map of the Web-Client.
[info] [2026-07-25T18:04:30.134Z] : Change(s) is detected in node_modules\lucide-react\dist\esm\icons\monitor-smartphone.mjs.map of the Web-Client.
[info] [2026-07-25T18:04:30.134Z] : Change(s) is detected in node_modules\lucide-react\dist\esm\icons\monitor-stop.mjs.map of the Web-Client.
[info] [2026-07-25T18:04:30.134Z] : Change(s) is detected in node_modules\lucide-react\dist\esm\icons\monitor-speaker.mjs.map of the Web-Client.
[info] [2026-07-25T18:04:30.134Z] : Change(s) is detected in node_modules\lucide-react\dist\esm\icons\monitor-up.mjs.map of the Web-Client.
[info] [2026-07-25T18:04:30.134Z] : Change(s) is detected in node_modules\lucide-react\dist\esm\icons\monitor-x.mjs.map of the Web-Client.
[info] [2026-07-25T18:04:30.134Z] : Change(s) is detected in node_modules\lucide-react\dist\esm\icons\monitor.mjs.map of the Web-Client.
[info] [2026-07-25T18:04:30.134Z] : Change(s) is detected in node_modules\lucide-react\dist\esm\icons\moon-star.mjs.map of the Web-Client.
[info] [2026-07-25T18:04:30.134Z] : Change(s) is detected in node_modules\lucide-react\dist\esm\icons\more-horizontal.mjs of the Web-Client.
[info] [2026-07-25T18:04:30.134Z] : Change(s) is detected in node_modules\lucide-react\dist\esm\icons\moon.mjs.map of the Web-Client.
[info] [2026-07-25T18:04:30.134Z] : Change(s) is detected in node_modules\lucide-react\dist\esm\icons\more-horizontal.mjs.map of the Web-Client.
[info] [2026-07-25T18:04:30.134Z] : Change(s) is detected in node_modules\lucide-react\dist\esm\icons\more-vertical.mjs.map of the Web-Client.
[info] [2026-07-25T18:04:30.134Z] : Change(s) is detected in node_modules\lucide-react\dist\esm\icons\more-vertical.mjs of the Web-Client.
[info] [2026-07-25T18:04:30.134Z] : Change(s) is detected in node_modules\lucide-react\dist\esm\icons\motorbike.mjs.map of the Web-Client.
[info] [2026-07-25T18:04:30.134Z] : Change(s) is detected in node_modules\lucide-react\dist\esm\icons\mountain-snow.mjs.map of the Web-Client.
[info] [2026-07-25T18:04:30.134Z] : Change(s) is detected in node_modules\lucide-react\dist\esm\icons\mountain.mjs.map of the Web-Client.
[info] [2026-07-25T18:04:30.134Z] : Change(s) is detected in node_modules\lucide-react\dist\esm\icons\mouse-left.mjs.map of the Web-Client.
[info] [2026-07-25T18:04:30.134Z] : Change(s) is detected in node_modules\lucide-react\dist\esm\icons\mouse-off.mjs.map of the Web-Client.
[info] [2026-07-25T18:04:30.135Z] : Change(s) is detected in node_modules\lucide-react\dist\esm\icons\mouse-pointer-2-off.mjs.map of the Web-Client.
[info] [2026-07-25T18:04:30.135Z] : Change(s) is detected in node_modules\lucide-react\dist\esm\icons\mouse-pointer-2.mjs.map of the Web-Client.
[info] [2026-07-25T18:04:30.135Z] : Change(s) is detected in node_modules\lucide-react\dist\esm\icons\mouse-pointer-ban.mjs.map of the Web-Client.
[info] [2026-07-25T18:04:30.135Z] : Change(s) is detected in node_modules\lucide-react\dist\esm\icons\mouse-pointer-click.mjs.map of the Web-Client.
[info] [2026-07-25T18:04:30.135Z] : Change(s) is detected in node_modules\lucide-react\dist\esm\icons\mouse-pointer-square-dashed.mjs of the Web-Client.
[info] [2026-07-25T18:04:30.135Z] : Change(s) is detected in node_modules\lucide-react\dist\esm\icons\mouse-pointer-square-dashed.mjs.map of the Web-Client.
[info] [2026-07-25T18:04:30.135Z] : Change(s) is detected in node_modules\lucide-react\dist\esm\icons\mouse-pointer.mjs.map of the Web-Client.
[info] [2026-07-25T18:04:30.135Z] : Change(s) is detected in node_modules\lucide-react\dist\esm\icons\mouse-right.mjs.map of the Web-Client.
[info] [2026-07-25T18:04:30.135Z] : Change(s) is detected in node_modules\lucide-react\dist\esm\icons\move-3-d.mjs.map of the Web-Client.
[info] [2026-07-25T18:04:30.135Z] : Change(s) is detected in node_modules\lucide-react\dist\esm\icons\mouse.mjs.map of the Web-Client.
[info] [2026-07-25T18:04:30.137Z] : Change(s) is detected in node_modules\lucide-react\dist\esm\icons\move-3-d.mjs of the Web-Client.
[info] [2026-07-25T18:04:30.137Z] : Change(s) is detected in node_modules\lucide-react\dist\esm\icons\move-3d.mjs.map of the Web-Client.
[info] [2026-07-25T18:04:30.137Z] : Change(s) is detected in node_modules\lucide-react\dist\esm\icons\move-diagonal-2.mjs.map of the Web-Client.
[info] [2026-07-25T18:04:30.137Z] : Change(s) is detected in node_modules\lucide-react\dist\esm\icons\move-diagonal.mjs.map of the Web-Client.
[info] [2026-07-25T18:04:30.137Z] : Change(s) is detected in node_modules\lucide-react\dist\esm\icons\move-down-left.mjs.map of the Web-Client.
[info] [2026-07-25T18:04:30.137Z] : Change(s) is detected in node_modules\lucide-react\dist\esm\icons\move-down-right.mjs.map of the Web-Client.
[info] [2026-07-25T18:04:30.137Z] : Change(s) is detected in node_modules\lucide-react\dist\esm\icons\move-down.mjs.map of the Web-Client.
[info] [2026-07-25T18:04:30.137Z] : Change(s) is detected in node_modules\lucide-react\dist\esm\icons\move-horizontal.mjs.map of the Web-Client.
[info] [2026-07-25T18:04:30.137Z] : Change(s) is detected in node_modules\lucide-react\dist\esm\icons\move-left.mjs.map of the Web-Client.
[info] [2026-07-25T18:04:30.137Z] : Change(s) is detected in node_modules\lucide-react\dist\esm\icons\move-right.mjs.map of the Web-Client.
[info] [2026-07-25T18:04:30.137Z] : Change(s) is detected in node_modules\lucide-react\dist\esm\icons\move-up-left.mjs.map of the Web-Client.
[info] [2026-07-25T18:04:30.137Z] : Change(s) is detected in node_modules\lucide-react\dist\esm\icons\move-up-right.mjs.map of the Web-Client.
[info] [2026-07-25T18:04:30.137Z] : Change(s) is detected in node_modules\lucide-react\dist\esm\icons\move-up.mjs.map of the Web-Client.
[info] [2026-07-25T18:04:30.137Z] : Change(s) is detected in node_modules\lucide-react\dist\esm\icons\move-vertical.mjs.map of the Web-Client.
[info] [2026-07-25T18:04:30.137Z] : Change(s) is detected in node_modules\lucide-react\dist\esm\icons\move.mjs.map of the Web-Client.
[info] [2026-07-25T18:04:30.137Z] : Change(s) is detected in node_modules\lucide-react\dist\esm\icons\music-2.mjs.map of the Web-Client.
[info] [2026-07-25T18:04:30.137Z] : Change(s) is detected in node_modules\lucide-react\dist\esm\icons\music-3.mjs.map of the Web-Client.
[info] [2026-07-25T18:04:30.137Z] : Change(s) is detected in node_modules\lucide-react\dist\esm\icons\music-4.mjs.map of the Web-Client.
[info] [2026-07-25T18:04:30.137Z] : Change(s) is detected in node_modules\lucide-react\dist\esm\icons\navigation-2-off.mjs.map of the Web-Client.
[info] [2026-07-25T18:04:30.137Z] : Change(s) is detected in node_modules\lucide-react\dist\esm\icons\music.mjs.map of the Web-Client.
[info] [2026-07-25T18:04:30.138Z] : Change(s) is detected in node_modules\lucide-react\dist\esm\icons\navigation-off.mjs.map of the Web-Client.
[info] [2026-07-25T18:04:30.138Z] : Change(s) is detected in node_modules\lucide-react\dist\esm\icons\navigation-2.mjs.map of the Web-Client.
[info] [2026-07-25T18:04:30.138Z] : Change(s) is detected in node_modules\lucide-react\dist\esm\icons\navigation.mjs.map of the Web-Client.
[info] [2026-07-25T18:04:30.138Z] : Change(s) is detected in node_modules\lucide-react\dist\esm\icons\network.mjs.map of the Web-Client.
[info] [2026-07-25T18:04:30.138Z] : Change(s) is detected in node_modules\lucide-react\dist\esm\icons\newspaper.mjs.map of the Web-Client.
[info] [2026-07-25T18:04:30.138Z] : Change(s) is detected in node_modules\lucide-react\dist\esm\icons\nfc.mjs.map of the Web-Client.
[info] [2026-07-25T18:04:30.138Z] : Change(s) is detected in node_modules\lucide-react\dist\esm\icons\non-binary.mjs.map of the Web-Client.
[info] [2026-07-25T18:04:30.138Z] : Change(s) is detected in node_modules\lucide-react\dist\esm\icons\notebook-pen.mjs.map of the Web-Client.
[info] [2026-07-25T18:04:30.138Z] : Change(s) is detected in node_modules\lucide-react\dist\esm\icons\notebook-tabs.mjs.map of the Web-Client.
[info] [2026-07-25T18:04:30.138Z] : Change(s) is detected in node_modules\lucide-react\dist\esm\icons\notebook-text.mjs.map of the Web-Client.
[info] [2026-07-25T18:04:30.138Z] : Change(s) is detected in node_modules\lucide-react\dist\esm\icons\notebook.mjs.map of the Web-Client.
[info] [2026-07-25T18:04:30.138Z] : Change(s) is detected in node_modules\lucide-react\dist\esm\icons\notepad-text-dashed.mjs.map of the Web-Client.
[info] [2026-07-25T18:04:30.138Z] : Change(s) is detected in node_modules\lucide-react\dist\esm\icons\notepad-text.mjs.map of the Web-Client.
[info] [2026-07-25T18:04:30.138Z] : Change(s) is detected in node_modules\lucide-react\dist\esm\icons\nut-off.mjs.map of the Web-Client.
[info] [2026-07-25T18:04:30.138Z] : Change(s) is detected in node_modules\lucide-react\dist\esm\icons\octagon-alert.mjs.map of the Web-Client.
[info] [2026-07-25T18:04:30.138Z] : Change(s) is detected in node_modules\lucide-react\dist\esm\icons\nut.mjs.map of the Web-Client.
[info] [2026-07-25T18:04:30.138Z] : Change(s) is detected in node_modules\lucide-react\dist\esm\icons\octagon-minus.mjs.map of the Web-Client.
[info] [2026-07-25T18:04:30.138Z] : Change(s) is detected in node_modules\lucide-react\dist\esm\icons\octagon-pause.mjs.map of the Web-Client.
[info] [2026-07-25T18:04:30.138Z] : Change(s) is detected in node_modules\lucide-react\dist\esm\icons\octagon-x.mjs.map of the Web-Client.
[info] [2026-07-25T18:04:30.138Z] : Change(s) is detected in node_modules\lucide-react\dist\esm\icons\octagon.mjs.map of the Web-Client.
[info] [2026-07-25T18:04:30.138Z] : Change(s) is detected in node_modules\lucide-react\dist\esm\icons\option.mjs.map of the Web-Client.
[info] [2026-07-25T18:04:30.138Z] : Change(s) is detected in node_modules\lucide-react\dist\esm\icons\omega.mjs.map of the Web-Client.
[info] [2026-07-25T18:04:30.138Z] : Change(s) is detected in node_modules\lucide-react\dist\esm\icons\orbit.mjs.map of the Web-Client.
[info] [2026-07-25T18:04:30.138Z] : Change(s) is detected in node_modules\lucide-react\dist\esm\icons\origami.mjs.map of the Web-Client.
[info] [2026-07-25T18:04:30.138Z] : Change(s) is detected in node_modules\lucide-react\dist\esm\icons\outdent.mjs of the Web-Client.
[info] [2026-07-25T18:04:30.138Z] : Change(s) is detected in node_modules\lucide-react\dist\esm\icons\outdent.mjs.map of the Web-Client.
[info] [2026-07-25T18:04:30.138Z] : Change(s) is detected in node_modules\lucide-react\dist\esm\icons\package-2.mjs.map of the Web-Client.
[info] [2026-07-25T18:04:30.138Z] : Change(s) is detected in node_modules\lucide-react\dist\esm\icons\package-check.mjs.map of the Web-Client.
[info] [2026-07-25T18:04:30.138Z] : Change(s) is detected in node_modules\lucide-react\dist\esm\icons\package-minus.mjs.map of the Web-Client.
[info] [2026-07-25T18:04:30.138Z] : Change(s) is detected in node_modules\lucide-react\dist\esm\icons\package-open.mjs.map of the Web-Client.
[info] [2026-07-25T18:04:30.139Z] : Change(s) is detected in node_modules\lucide-react\dist\esm\icons\package-search.mjs.map of the Web-Client.
[info] [2026-07-25T18:04:30.139Z] : Change(s) is detected in node_modules\lucide-react\dist\esm\icons\package-plus.mjs.map of the Web-Client.
[info] [2026-07-25T18:04:30.139Z] : Change(s) is detected in node_modules\lucide-react\dist\esm\icons\package-x.mjs.map of the Web-Client.
[info] [2026-07-25T18:04:30.139Z] : Change(s) is detected in node_modules\lucide-react\dist\esm\icons\paint-bucket.mjs.map of the Web-Client.
[info] [2026-07-25T18:04:30.139Z] : Change(s) is detected in node_modules\lucide-react\dist\esm\icons\package.mjs.map of the Web-Client.
[info] [2026-07-25T18:04:30.139Z] : Change(s) is detected in node_modules\lucide-react\dist\esm\icons\paintbrush-2.mjs of the Web-Client.
[info] [2026-07-25T18:04:30.139Z] : Change(s) is detected in node_modules\lucide-react\dist\esm\icons\paintbrush-2.mjs.map of the Web-Client.
[info] [2026-07-25T18:04:30.139Z] : Change(s) is detected in node_modules\lucide-react\dist\esm\icons\paint-roller.mjs.map of the Web-Client.
[info] [2026-07-25T18:04:30.139Z] : Change(s) is detected in node_modules\lucide-react\dist\esm\icons\paintbrush.mjs.map of the Web-Client.
[info] [2026-07-25T18:04:30.139Z] : Change(s) is detected in node_modules\lucide-react\dist\esm\icons\paintbrush-vertical.mjs.map of the Web-Client.
[info] [2026-07-25T18:04:30.139Z] : Change(s) is detected in node_modules\lucide-react\dist\esm\icons\palmtree.mjs.map of the Web-Client.
[info] [2026-07-25T18:04:30.139Z] : Change(s) is detected in node_modules\lucide-react\dist\esm\icons\palette.mjs.map of the Web-Client.
[info] [2026-07-25T18:04:30.139Z] : Change(s) is detected in node_modules\lucide-react\dist\esm\icons\palmtree.mjs of the Web-Client.
[info] [2026-07-25T18:04:30.139Z] : Change(s) is detected in node_modules\lucide-react\dist\esm\icons\panel-bottom-close.mjs.map of the Web-Client.
[info] [2026-07-25T18:04:30.139Z] : Change(s) is detected in node_modules\lucide-react\dist\esm\icons\panda.mjs.map of the Web-Client.
[info] [2026-07-25T18:04:30.139Z] : Change(s) is detected in node_modules\lucide-react\dist\esm\icons\panel-bottom-dashed.mjs.map of the Web-Client.
[info] [2026-07-25T18:04:30.139Z] : Change(s) is detected in node_modules\lucide-react\dist\esm\icons\panel-bottom-inactive.mjs of the Web-Client.
[info] [2026-07-25T18:04:30.139Z] : Change(s) is detected in node_modules\lucide-react\dist\esm\icons\panel-bottom-inactive.mjs.map of the Web-Client.
[info] [2026-07-25T18:04:30.139Z] : Change(s) is detected in node_modules\lucide-react\dist\esm\icons\panel-bottom-open.mjs.map of the Web-Client.
[info] [2026-07-25T18:04:30.139Z] : Change(s) is detected in node_modules\lucide-react\dist\esm\icons\panel-bottom.mjs.map of the Web-Client.
[info] [2026-07-25T18:04:30.139Z] : Change(s) is detected in node_modules\lucide-react\dist\esm\icons\panel-left-close.mjs.map of the Web-Client.
[info] [2026-07-25T18:04:30.139Z] : Change(s) is detected in node_modules\lucide-react\dist\esm\icons\panel-left-inactive.mjs of the Web-Client.
[info] [2026-07-25T18:04:30.139Z] : Change(s) is detected in node_modules\lucide-react\dist\esm\icons\panel-left-inactive.mjs.map of the Web-Client.
[info] [2026-07-25T18:04:30.139Z] : Change(s) is detected in node_modules\lucide-react\dist\esm\icons\panel-left-dashed.mjs.map of the Web-Client.
[info] [2026-07-25T18:04:30.139Z] : Change(s) is detected in node_modules\lucide-react\dist\esm\icons\panel-left-open.mjs.map of the Web-Client.
[info] [2026-07-25T18:04:30.139Z] : Change(s) is detected in node_modules\lucide-react\dist\esm\icons\panel-left-right-dashed.mjs.map of the Web-Client.
[info] [2026-07-25T18:04:30.139Z] : Change(s) is detected in node_modules\lucide-react\dist\esm\icons\panel-left.mjs.map of the Web-Client.
[info] [2026-07-25T18:04:30.139Z] : Change(s) is detected in node_modules\lucide-react\dist\esm\icons\panel-right-close.mjs.map of the Web-Client.
[info] [2026-07-25T18:04:30.139Z] : Change(s) is detected in node_modules\lucide-react\dist\esm\icons\panel-right-dashed.mjs.map of the Web-Client.
[info] [2026-07-25T18:04:30.139Z] : Change(s) is detected in node_modules\lucide-react\dist\esm\icons\panel-right-inactive.mjs of the Web-Client.
[info] [2026-07-25T18:04:30.139Z] : Change(s) is detected in node_modules\lucide-react\dist\esm\icons\panel-right-inactive.mjs.map of the Web-Client.
[info] [2026-07-25T18:04:30.139Z] : Change(s) is detected in node_modules\lucide-react\dist\esm\icons\panel-right-open.mjs.map of the Web-Client.
[info] [2026-07-25T18:04:30.140Z] : Change(s) is detected in node_modules\lucide-react\dist\esm\icons\panel-right.mjs.map of the Web-Client.
[info] [2026-07-25T18:04:30.140Z] : Change(s) is detected in node_modules\lucide-react\dist\esm\icons\panel-top-close.mjs.map of the Web-Client.
[info] [2026-07-25T18:04:30.140Z] : Change(s) is detected in node_modules\lucide-react\dist\esm\icons\panel-top-bottom-dashed.mjs.map of the Web-Client.
[info] [2026-07-25T18:04:30.140Z] : Change(s) is detected in node_modules\lucide-react\dist\esm\icons\panel-top-dashed.mjs.map of the Web-Client.
[info] [2026-07-25T18:04:30.140Z] : Change(s) is detected in node_modules\lucide-react\dist\esm\icons\panel-top-inactive.mjs of the Web-Client.
[info] [2026-07-25T18:04:30.140Z] : Change(s) is detected in node_modules\lucide-react\dist\esm\icons\panel-top-inactive.mjs.map of the Web-Client.
[info] [2026-07-25T18:04:30.140Z] : Change(s) is detected in node_modules\lucide-react\dist\esm\icons\panel-top-open.mjs.map of the Web-Client.
[info] [2026-07-25T18:04:30.140Z] : Change(s) is detected in node_modules\lucide-react\dist\esm\icons\panels-left-right.mjs.map of the Web-Client.
[info] [2026-07-25T18:04:30.140Z] : Change(s) is detected in node_modules\lucide-react\dist\esm\icons\panels-left-right.mjs of the Web-Client.
[info] [2026-07-25T18:04:30.140Z] : Change(s) is detected in node_modules\lucide-react\dist\esm\icons\panels-left-bottom.mjs.map of the Web-Client.
[info] [2026-07-25T18:04:30.141Z] : Change(s) is detected in node_modules\lucide-react\dist\esm\icons\panel-top.mjs.map of the Web-Client.
[info] [2026-07-25T18:04:30.141Z] : Change(s) is detected in node_modules\lucide-react\dist\esm\icons\panels-top-bottom.mjs of the Web-Client.
[info] [2026-07-25T18:04:30.141Z] : Change(s) is detected in node_modules\lucide-react\dist\esm\icons\panels-right-bottom.mjs.map of the Web-Client.
[info] [2026-07-25T18:04:30.141Z] : Change(s) is detected in node_modules\lucide-react\dist\esm\icons\panels-top-left.mjs.map of the Web-Client.
[info] [2026-07-25T18:04:30.141Z] : Change(s) is detected in node_modules\lucide-react\dist\esm\icons\panels-top-bottom.mjs.map of the Web-Client.
[info] [2026-07-25T18:04:30.141Z] : Change(s) is detected in node_modules\lucide-react\dist\esm\icons\paper-bag.mjs.map of the Web-Client.
[info] [2026-07-25T18:04:30.141Z] : Change(s) is detected in node_modules\lucide-react\dist\esm\icons\parasol.mjs.map of the Web-Client.
[info] [2026-07-25T18:04:30.141Z] : Change(s) is detected in node_modules\lucide-react\dist\esm\icons\paperclip.mjs.map of the Web-Client.
[info] [2026-07-25T18:04:30.141Z] : Change(s) is detected in node_modules\lucide-react\dist\esm\icons\parentheses.mjs.map of the Web-Client.
[info] [2026-07-25T18:04:30.141Z] : Change(s) is detected in node_modules\lucide-react\dist\esm\icons\parking-circle-off.mjs.map of the Web-Client.
[info] [2026-07-25T18:04:30.141Z] : Change(s) is detected in node_modules\lucide-react\dist\esm\icons\parking-circle-off.mjs of the Web-Client.
[info] [2026-07-25T18:04:30.141Z] : Change(s) is detected in node_modules\lucide-react\dist\esm\icons\parking-circle.mjs.map of the Web-Client.
[info] [2026-07-25T18:04:30.141Z] : Change(s) is detected in node_modules\lucide-react\dist\esm\icons\parking-meter.mjs.map of the Web-Client.
[info] [2026-07-25T18:04:30.141Z] : Change(s) is detected in node_modules\lucide-react\dist\esm\icons\parking-circle.mjs of the Web-Client.
[info] [2026-07-25T18:04:30.141Z] : Change(s) is detected in node_modules\lucide-react\dist\esm\icons\parking-square-off.mjs.map of the Web-Client.
[info] [2026-07-25T18:04:30.141Z] : Change(s) is detected in node_modules\lucide-react\dist\esm\icons\parking-square-off.mjs of the Web-Client.
[info] [2026-07-25T18:04:30.141Z] : Change(s) is detected in node_modules\lucide-react\dist\esm\icons\parking-square.mjs.map of the Web-Client.
[info] [2026-07-25T18:04:30.141Z] : Change(s) is detected in node_modules\lucide-react\dist\esm\icons\parking-square.mjs of the Web-Client.
[info] [2026-07-25T18:04:30.141Z] : Change(s) is detected in node_modules\lucide-react\dist\esm\icons\pause-circle.mjs of the Web-Client.
[info] [2026-07-25T18:04:30.141Z] : Change(s) is detected in node_modules\lucide-react\dist\esm\icons\party-popper.mjs.map of the Web-Client.
[info] [2026-07-25T18:04:30.141Z] : Change(s) is detected in node_modules\lucide-react\dist\esm\icons\pause-octagon.mjs of the Web-Client.
[info] [2026-07-25T18:04:30.142Z] : Change(s) is detected in node_modules\lucide-react\dist\esm\icons\pause-octagon.mjs.map of the Web-Client.
[info] [2026-07-25T18:04:30.142Z] : Change(s) is detected in node_modules\lucide-react\dist\esm\icons\pause.mjs.map of the Web-Client.
[info] [2026-07-25T18:04:30.143Z] : Change(s) is detected in node_modules\lucide-react\dist\esm\icons\pause-circle.mjs.map of the Web-Client.
[info] [2026-07-25T18:04:30.144Z] : Change(s) is detected in node_modules\lucide-react\dist\esm\icons\pc-case.mjs.map of the Web-Client.
[info] [2026-07-25T18:04:30.144Z] : Change(s) is detected in node_modules\lucide-react\dist\esm\icons\paw-print.mjs.map of the Web-Client.
[info] [2026-07-25T18:04:30.144Z] : Change(s) is detected in node_modules\lucide-react\dist\esm\icons\pen-box.mjs of the Web-Client.
[info] [2026-07-25T18:04:30.144Z] : Change(s) is detected in node_modules\lucide-react\dist\esm\icons\pen-line.mjs.map of the Web-Client.
[info] [2026-07-25T18:04:30.144Z] : Change(s) is detected in node_modules\lucide-react\dist\esm\icons\pen-box.mjs.map of the Web-Client.
[info] [2026-07-25T18:04:30.144Z] : Change(s) is detected in node_modules\lucide-react\dist\esm\icons\pen-off.mjs.map of the Web-Client.
[info] [2026-07-25T18:04:30.144Z] : Change(s) is detected in node_modules\lucide-react\dist\esm\icons\pen-square.mjs of the Web-Client.
[info] [2026-07-25T18:04:30.144Z] : Change(s) is detected in node_modules\lucide-react\dist\esm\icons\pen-square.mjs.map of the Web-Client.
[info] [2026-07-25T18:04:30.144Z] : Change(s) is detected in node_modules\lucide-react\dist\esm\icons\pen.mjs.map of the Web-Client.
[info] [2026-07-25T18:04:30.144Z] : Change(s) is detected in node_modules\lucide-react\dist\esm\icons\pencil-line.mjs.map of the Web-Client.
[info] [2026-07-25T18:04:30.144Z] : Change(s) is detected in node_modules\lucide-react\dist\esm\icons\pen-tool.mjs.map of the Web-Client.
[info] [2026-07-25T18:04:30.144Z] : Change(s) is detected in node_modules\lucide-react\dist\esm\icons\pencil-off.mjs.map of the Web-Client.
[info] [2026-07-25T18:04:30.144Z] : Change(s) is detected in node_modules\lucide-react\dist\esm\icons\pencil-sparkles.mjs.map of the Web-Client.
[info] [2026-07-25T18:04:30.144Z] : Change(s) is detected in node_modules\lucide-react\dist\esm\icons\pencil.mjs.map of the Web-Client.
[info] [2026-07-25T18:04:30.144Z] : Change(s) is detected in node_modules\lucide-react\dist\esm\icons\pencil-ruler.mjs.map of the Web-Client.
[info] [2026-07-25T18:04:30.144Z] : Change(s) is detected in node_modules\lucide-react\dist\esm\icons\percent-circle.mjs of the Web-Client.
[info] [2026-07-25T18:04:30.144Z] : Change(s) is detected in node_modules\lucide-react\dist\esm\icons\percent-circle.mjs.map of the Web-Client.
[info] [2026-07-25T18:04:30.144Z] : Change(s) is detected in node_modules\lucide-react\dist\esm\icons\pentagon.mjs.map of the Web-Client.
[info] [2026-07-25T18:04:30.144Z] : Change(s) is detected in node_modules\lucide-react\dist\esm\icons\percent-diamond.mjs.map of the Web-Client.
[info] [2026-07-25T18:04:30.144Z] : Change(s) is detected in node_modules\lucide-react\dist\esm\icons\percent-diamond.mjs of the Web-Client.
[info] [2026-07-25T18:04:30.144Z] : Change(s) is detected in node_modules\lucide-react\dist\esm\icons\percent-square.mjs of the Web-Client.
[info] [2026-07-25T18:04:30.144Z] : Change(s) is detected in node_modules\lucide-react\dist\esm\icons\percent.mjs.map of the Web-Client.
[info] [2026-07-25T18:04:30.144Z] : Change(s) is detected in node_modules\lucide-react\dist\esm\icons\person-standing.mjs.map of the Web-Client.
[info] [2026-07-25T18:04:30.144Z] : Change(s) is detected in node_modules\lucide-react\dist\esm\icons\percent-square.mjs.map of the Web-Client.
[info] [2026-07-25T18:04:30.144Z] : Change(s) is detected in node_modules\lucide-react\dist\esm\icons\phi.mjs.map of the Web-Client.
[info] [2026-07-25T18:04:30.144Z] : Change(s) is detected in node_modules\lucide-react\dist\esm\icons\philippine-peso.mjs.map of the Web-Client.
[info] [2026-07-25T18:04:30.144Z] : Change(s) is detected in node_modules\lucide-react\dist\esm\icons\phone-call.mjs.map of the Web-Client.
[info] [2026-07-25T18:04:30.144Z] : Change(s) is detected in node_modules\lucide-react\dist\esm\icons\phone-forwarded.mjs.map of the Web-Client.
[info] [2026-07-25T18:04:30.144Z] : Change(s) is detected in node_modules\lucide-react\dist\esm\icons\phone-incoming.mjs.map of the Web-Client.
[info] [2026-07-25T18:04:30.144Z] : Change(s) is detected in node_modules\lucide-react\dist\esm\icons\phone-missed.mjs.map of the Web-Client.
[info] [2026-07-25T18:04:30.144Z] : Change(s) is detected in node_modules\lucide-react\dist\esm\icons\phone-off.mjs.map of the Web-Client.
[info] [2026-07-25T18:04:30.144Z] : Change(s) is detected in node_modules\lucide-react\dist\esm\icons\pi-square.mjs of the Web-Client.
[info] [2026-07-25T18:04:30.144Z] : Change(s) is detected in node_modules\lucide-react\dist\esm\icons\phone.mjs.map of the Web-Client.
[info] [2026-07-25T18:04:30.144Z] : Change(s) is detected in node_modules\lucide-react\dist\esm\icons\pi-square.mjs.map of the Web-Client.
[info] [2026-07-25T18:04:30.145Z] : Change(s) is detected in node_modules\lucide-react\dist\esm\icons\phone-outgoing.mjs.map of the Web-Client.
[info] [2026-07-25T18:04:30.145Z] : Change(s) is detected in node_modules\lucide-react\dist\esm\icons\pi.mjs.map of the Web-Client.
[info] [2026-07-25T18:04:30.145Z] : Change(s) is detected in node_modules\lucide-react\dist\esm\icons\pickaxe.mjs.map of the Web-Client.
[info] [2026-07-25T18:04:30.145Z] : Change(s) is detected in node_modules\lucide-react\dist\esm\icons\piano.mjs.map of the Web-Client.
[info] [2026-07-25T18:04:30.145Z] : Change(s) is detected in node_modules\lucide-react\dist\esm\icons\picture-in-picture-2.mjs.map of the Web-Client.
[info] [2026-07-25T18:04:30.145Z] : Change(s) is detected in node_modules\lucide-react\dist\esm\icons\picture-in-picture.mjs.map of the Web-Client.
[info] [2026-07-25T18:04:30.145Z] : Change(s) is detected in node_modules\lucide-react\dist\esm\icons\pie-chart.mjs of the Web-Client.
[info] [2026-07-25T18:04:30.145Z] : Change(s) is detected in node_modules\lucide-react\dist\esm\icons\pie-chart.mjs.map of the Web-Client.
[info] [2026-07-25T18:04:30.145Z] : Change(s) is detected in node_modules\lucide-react\dist\esm\icons\piggy-bank.mjs.map of the Web-Client.
[info] [2026-07-25T18:04:30.145Z] : Change(s) is detected in node_modules\lucide-react\dist\esm\icons\pilcrow-left.mjs.map of the Web-Client.
[info] [2026-07-25T18:04:30.145Z] : Change(s) is detected in node_modules\lucide-react\dist\esm\icons\pilcrow-right.mjs.map of the Web-Client.
[info] [2026-07-25T18:04:30.145Z] : Change(s) is detected in node_modules\lucide-react\dist\esm\icons\pilcrow-square.mjs.map of the Web-Client.
[info] [2026-07-25T18:04:30.145Z] : Change(s) is detected in node_modules\lucide-react\dist\esm\icons\pilcrow-square.mjs of the Web-Client.
[info] [2026-07-25T18:04:30.145Z] : Change(s) is detected in node_modules\lucide-react\dist\esm\icons\pilcrow.mjs.map of the Web-Client.
[info] [2026-07-25T18:04:30.145Z] : Change(s) is detected in node_modules\lucide-react\dist\esm\icons\pill-bottle.mjs.map of the Web-Client.
[info] [2026-07-25T18:04:30.145Z] : Change(s) is detected in node_modules\lucide-react\dist\esm\icons\pill.mjs.map of the Web-Client.
[info] [2026-07-25T18:04:30.145Z] : Change(s) is detected in node_modules\lucide-react\dist\esm\icons\pin-off.mjs.map of the Web-Client.
[info] [2026-07-25T18:04:30.145Z] : Change(s) is detected in node_modules\lucide-react\dist\esm\icons\pipette.mjs.map of the Web-Client.
[info] [2026-07-25T18:04:30.145Z] : Change(s) is detected in node_modules\lucide-react\dist\esm\icons\pin.mjs.map of the Web-Client.
[info] [2026-07-25T18:04:30.145Z] : Change(s) is detected in node_modules\lucide-react\dist\esm\icons\pizza.mjs.map of the Web-Client.
[info] [2026-07-25T18:04:30.145Z] : Change(s) is detected in node_modules\lucide-react\dist\esm\icons\plane-takeoff.mjs.map of the Web-Client.
[info] [2026-07-25T18:04:30.145Z] : Change(s) is detected in node_modules\lucide-react\dist\esm\icons\plane.mjs.map of the Web-Client.
[info] [2026-07-25T18:04:30.145Z] : Change(s) is detected in node_modules\lucide-react\dist\esm\icons\plane-landing.mjs.map of the Web-Client.
[info] [2026-07-25T18:04:30.146Z] : Change(s) is detected in node_modules\lucide-react\dist\esm\icons\play-circle.mjs.map of the Web-Client.
[info] [2026-07-25T18:04:30.146Z] : Change(s) is detected in node_modules\lucide-react\dist\esm\icons\play-circle.mjs of the Web-Client.
[info] [2026-07-25T18:04:30.146Z] : Change(s) is detected in node_modules\lucide-react\dist\esm\icons\play-off.mjs.map of the Web-Client.
[info] [2026-07-25T18:04:30.146Z] : Change(s) is detected in node_modules\lucide-react\dist\esm\icons\play-square.mjs of the Web-Client.
[info] [2026-07-25T18:04:30.146Z] : Change(s) is detected in node_modules\lucide-react\dist\esm\icons\play-square.mjs.map of the Web-Client.
[info] [2026-07-25T18:04:30.146Z] : Change(s) is detected in node_modules\lucide-react\dist\esm\icons\play.mjs.map of the Web-Client.
[info] [2026-07-25T18:04:30.146Z] : Change(s) is detected in node_modules\lucide-react\dist\esm\icons\plug-2.mjs.map of the Web-Client.
[info] [2026-07-25T18:04:30.146Z] : Change(s) is detected in node_modules\lucide-react\dist\esm\icons\plug-zap-2.mjs of the Web-Client.
[info] [2026-07-25T18:04:30.146Z] : Change(s) is detected in node_modules\lucide-react\dist\esm\icons\plug-zap-2.mjs.map of the Web-Client.
[info] [2026-07-25T18:04:30.146Z] : Change(s) is detected in node_modules\lucide-react\dist\esm\icons\plug-zap.mjs.map of the Web-Client.
[info] [2026-07-25T18:04:30.146Z] : Change(s) is detected in node_modules\lucide-react\dist\esm\icons\plug.mjs.map of the Web-Client.
[info] [2026-07-25T18:04:30.146Z] : Change(s) is detected in node_modules\lucide-react\dist\esm\icons\plus-circle.mjs of the Web-Client.
[info] [2026-07-25T18:04:30.146Z] : Change(s) is detected in node_modules\lucide-react\dist\esm\icons\plus-square.mjs of the Web-Client.
[info] [2026-07-25T18:04:30.146Z] : Change(s) is detected in node_modules\lucide-react\dist\esm\icons\plus-circle.mjs.map of the Web-Client.
[info] [2026-07-25T18:04:30.146Z] : Change(s) is detected in node_modules\lucide-react\dist\esm\icons\plus-square.mjs.map of the Web-Client.
[info] [2026-07-25T18:04:30.146Z] : Change(s) is detected in node_modules\lucide-react\dist\esm\icons\plus.mjs.map of the Web-Client.
[info] [2026-07-25T18:04:30.146Z] : Change(s) is detected in node_modules\lucide-react\dist\esm\icons\pocket-knife.mjs.map of the Web-Client.
[info] [2026-07-25T18:04:30.146Z] : Change(s) is detected in node_modules\lucide-react\dist\esm\icons\podcast.mjs.map of the Web-Client.
[info] [2026-07-25T18:04:30.146Z] : Change(s) is detected in node_modules\lucide-react\dist\esm\icons\podium.mjs.map of the Web-Client.
[info] [2026-07-25T18:04:30.146Z] : Change(s) is detected in node_modules\lucide-react\dist\esm\icons\pointer-off.mjs.map of the Web-Client.
[info] [2026-07-25T18:04:30.146Z] : Change(s) is detected in node_modules\lucide-react\dist\esm\icons\pointer.mjs.map of the Web-Client.
[info] [2026-07-25T18:04:30.146Z] : Change(s) is detected in node_modules\lucide-react\dist\esm\icons\popcorn.mjs.map of the Web-Client.
[info] [2026-07-25T18:04:30.146Z] : Change(s) is detected in node_modules\lucide-react\dist\esm\icons\popsicle.mjs.map of the Web-Client.
[info] [2026-07-25T18:04:30.146Z] : Change(s) is detected in node_modules\lucide-react\dist\esm\icons\pound-sterling.mjs.map of the Web-Client.
[info] [2026-07-25T18:04:30.146Z] : Change(s) is detected in node_modules\lucide-react\dist\esm\icons\power-circle.mjs of the Web-Client.
[info] [2026-07-25T18:04:30.146Z] : Change(s) is detected in node_modules\lucide-react\dist\esm\icons\power-circle.mjs.map of the Web-Client.
[info] [2026-07-25T18:04:30.146Z] : Change(s) is detected in node_modules\lucide-react\dist\esm\icons\power-off.mjs.map of the Web-Client.
[info] [2026-07-25T18:04:30.146Z] : Change(s) is detected in node_modules\lucide-react\dist\esm\icons\power-square.mjs.map of the Web-Client.
[info] [2026-07-25T18:04:30.146Z] : Change(s) is detected in node_modules\lucide-react\dist\esm\icons\power-square.mjs of the Web-Client.
[info] [2026-07-25T18:04:30.146Z] : Change(s) is detected in node_modules\lucide-react\dist\esm\icons\power.mjs.map of the Web-Client.
[info] [2026-07-25T18:04:30.146Z] : Change(s) is detected in node_modules\lucide-react\dist\esm\icons\presentation.mjs.map of the Web-Client.
[info] [2026-07-25T18:04:30.146Z] : Change(s) is detected in node_modules\lucide-react\dist\esm\icons\printer-check.mjs.map of the Web-Client.
[info] [2026-07-25T18:04:30.146Z] : Change(s) is detected in node_modules\lucide-react\dist\esm\icons\printer-x.mjs.map of the Web-Client.
[info] [2026-07-25T18:04:30.146Z] : Change(s) is detected in node_modules\lucide-react\dist\esm\icons\printer.mjs.map of the Web-Client.
[info] [2026-07-25T18:04:30.147Z] : Change(s) is detected in node_modules\lucide-react\dist\esm\icons\projector.mjs.map of the Web-Client.
[info] [2026-07-25T18:04:30.147Z] : Change(s) is detected in node_modules\lucide-react\dist\esm\icons\proportions.mjs.map of the Web-Client.
[info] [2026-07-25T18:04:30.147Z] : Change(s) is detected in node_modules\lucide-react\dist\esm\icons\puzzle.mjs.map of the Web-Client.
[info] [2026-07-25T18:04:30.147Z] : Change(s) is detected in node_modules\lucide-react\dist\esm\icons\pyramid.mjs.map of the Web-Client.
[info] [2026-07-25T18:04:30.147Z] : Change(s) is detected in node_modules\lucide-react\dist\esm\icons\qr-code.mjs.map of the Web-Client.
[info] [2026-07-25T18:04:30.147Z] : Change(s) is detected in node_modules\lucide-react\dist\esm\icons\rabbit.mjs.map of the Web-Client.
[info] [2026-07-25T18:04:30.147Z] : Change(s) is detected in node_modules\lucide-react\dist\esm\icons\quote.mjs.map of the Web-Client.
[info] [2026-07-25T18:04:30.147Z] : Change(s) is detected in node_modules\lucide-react\dist\esm\icons\radar.mjs.map of the Web-Client.
[info] [2026-07-25T18:04:30.147Z] : Change(s) is detected in node_modules\lucide-react\dist\esm\icons\radiation.mjs.map of the Web-Client.
[info] [2026-07-25T18:04:30.147Z] : Change(s) is detected in node_modules\lucide-react\dist\esm\icons\radical.mjs.map of the Web-Client.
[info] [2026-07-25T18:04:30.147Z] : Change(s) is detected in node_modules\lucide-react\dist\esm\icons\radio-off.mjs.map of the Web-Client.
[info] [2026-07-25T18:04:30.147Z] : Change(s) is detected in node_modules\lucide-react\dist\esm\icons\radio-receiver.mjs.map of the Web-Client.
[info] [2026-07-25T18:04:30.147Z] : Change(s) is detected in node_modules\lucide-react\dist\esm\icons\radio-tower.mjs.map of the Web-Client.
[info] [2026-07-25T18:04:30.147Z] : Change(s) is detected in node_modules\lucide-react\dist\esm\icons\radio.mjs.map of the Web-Client.
[info] [2026-07-25T18:04:30.147Z] : Change(s) is detected in node_modules\lucide-react\dist\esm\icons\radius.mjs.map of the Web-Client.
[info] [2026-07-25T18:04:30.147Z] : Change(s) is detected in node_modules\lucide-react\dist\esm\icons\rainbow.mjs.map of the Web-Client.
[info] [2026-07-25T18:04:30.147Z] : Change(s) is detected in node_modules\lucide-react\dist\esm\icons\rat.mjs.map of the Web-Client.
[info] [2026-07-25T18:04:30.147Z] : Change(s) is detected in node_modules\lucide-react\dist\esm\icons\ratio.mjs.map of the Web-Client.
[info] [2026-07-25T18:04:30.147Z] : Change(s) is detected in node_modules\lucide-react\dist\esm\icons\receipt-cent.mjs.map of the Web-Client.
[info] [2026-07-25T18:04:30.147Z] : Change(s) is detected in node_modules\lucide-react\dist\esm\icons\receipt-euro.mjs.map of the Web-Client.
[info] [2026-07-25T18:04:30.147Z] : Change(s) is detected in node_modules\lucide-react\dist\esm\icons\receipt-japanese-yen.mjs.map of the Web-Client.
[info] [2026-07-25T18:04:30.147Z] : Change(s) is detected in node_modules\lucide-react\dist\esm\icons\receipt-indian-rupee.mjs.map of the Web-Client.
[info] [2026-07-25T18:04:30.147Z] : Change(s) is detected in node_modules\lucide-react\dist\esm\icons\receipt-pound-sterling.mjs.map of the Web-Client.
[info] [2026-07-25T18:04:30.147Z] : Change(s) is detected in node_modules\lucide-react\dist\esm\icons\receipt-russian-ruble.mjs.map of the Web-Client.
[info] [2026-07-25T18:04:30.147Z] : Change(s) is detected in node_modules\lucide-react\dist\esm\icons\receipt-swiss-franc.mjs.map of the Web-Client.
[info] [2026-07-25T18:04:30.149Z] : Change(s) is detected in node_modules\lucide-react\dist\esm\icons\receipt-text.mjs.map of the Web-Client.
[info] [2026-07-25T18:04:30.149Z] : Change(s) is detected in node_modules\lucide-react\dist\esm\icons\receipt-turkish-lira.mjs.map of the Web-Client.
[info] [2026-07-25T18:04:30.149Z] : Change(s) is detected in node_modules\lucide-react\dist\esm\icons\receipt.mjs.map of the Web-Client.
[info] [2026-07-25T18:04:30.149Z] : Change(s) is detected in node_modules\lucide-react\dist\esm\icons\rectangle-circle.mjs.map of the Web-Client.
[info] [2026-07-25T18:04:30.149Z] : Change(s) is detected in node_modules\lucide-react\dist\esm\icons\rectangle-goggles.mjs.map of the Web-Client.
[info] [2026-07-25T18:04:30.149Z] : Change(s) is detected in node_modules\lucide-react\dist\esm\icons\rectangle-ellipsis.mjs.map of the Web-Client.
[info] [2026-07-25T18:04:30.149Z] : Change(s) is detected in node_modules\lucide-react\dist\esm\icons\rectangle-horizontal.mjs.map of the Web-Client.
[info] [2026-07-25T18:04:30.149Z] : Change(s) is detected in node_modules\lucide-react\dist\esm\icons\rectangle-vertical.mjs.map of the Web-Client.
[info] [2026-07-25T18:04:30.149Z] : Change(s) is detected in node_modules\lucide-react\dist\esm\icons\recycle.mjs.map of the Web-Client.
[info] [2026-07-25T18:04:30.149Z] : Change(s) is detected in node_modules\lucide-react\dist\esm\icons\redo-2.mjs.map of the Web-Client.
[info] [2026-07-25T18:04:30.149Z] : Change(s) is detected in node_modules\lucide-react\dist\esm\icons\redo-dot.mjs.map of the Web-Client.
[info] [2026-07-25T18:04:30.149Z] : Change(s) is detected in node_modules\lucide-react\dist\esm\icons\redo.mjs.map of the Web-Client.
[info] [2026-07-25T18:04:30.149Z] : Change(s) is detected in node_modules\lucide-react\dist\esm\icons\refresh-ccw-dot.mjs.map of the Web-Client.
[info] [2026-07-25T18:04:30.149Z] : Change(s) is detected in node_modules\lucide-react\dist\esm\icons\refresh-ccw.mjs.map of the Web-Client.
[info] [2026-07-25T18:04:30.149Z] : Change(s) is detected in node_modules\lucide-react\dist\esm\icons\refresh-cw-off.mjs.map of the Web-Client.
[info] [2026-07-25T18:04:30.149Z] : Change(s) is detected in node_modules\lucide-react\dist\esm\icons\refrigerator.mjs.map of the Web-Client.
[info] [2026-07-25T18:04:30.149Z] : Change(s) is detected in node_modules\lucide-react\dist\esm\icons\refresh-cw.mjs.map of the Web-Client.
[info] [2026-07-25T18:04:30.149Z] : Change(s) is detected in node_modules\lucide-react\dist\esm\icons\regex.mjs.map of the Web-Client.
[info] [2026-07-25T18:04:30.149Z] : Change(s) is detected in node_modules\lucide-react\dist\esm\icons\repeat-1.mjs.map of the Web-Client.
[info] [2026-07-25T18:04:30.149Z] : Change(s) is detected in node_modules\lucide-react\dist\esm\icons\remove-formatting.mjs.map of the Web-Client.
[info] [2026-07-25T18:04:30.149Z] : Change(s) is detected in node_modules\lucide-react\dist\esm\icons\repeat-2.mjs.map of the Web-Client.
[info] [2026-07-25T18:04:30.149Z] : Change(s) is detected in node_modules\lucide-react\dist\esm\icons\repeat.mjs.map of the Web-Client.
[info] [2026-07-25T18:04:30.149Z] : Change(s) is detected in node_modules\lucide-react\dist\esm\icons\repeat-off.mjs.map of the Web-Client.
[info] [2026-07-25T18:04:30.149Z] : Change(s) is detected in node_modules\lucide-react\dist\esm\icons\replace-all.mjs.map of the Web-Client.
[info] [2026-07-25T18:04:30.149Z] : Change(s) is detected in node_modules\lucide-react\dist\esm\icons\replace.mjs.map of the Web-Client.
[info] [2026-07-25T18:04:30.149Z] : Change(s) is detected in node_modules\lucide-react\dist\esm\icons\reply-all.mjs.map of the Web-Client.
[info] [2026-07-25T18:04:30.149Z] : Change(s) is detected in node_modules\lucide-react\dist\esm\icons\reply.mjs.map of the Web-Client.
[info] [2026-07-25T18:04:30.149Z] : Change(s) is detected in node_modules\lucide-react\dist\esm\icons\rewind.mjs.map of the Web-Client.
[info] [2026-07-25T18:04:30.149Z] : Change(s) is detected in node_modules\lucide-react\dist\esm\icons\ribbon.mjs.map of the Web-Client.
[info] [2026-07-25T18:04:30.149Z] : Change(s) is detected in node_modules\lucide-react\dist\esm\icons\road.mjs.map of the Web-Client.
[info] [2026-07-25T18:04:30.149Z] : Change(s) is detected in node_modules\lucide-react\dist\esm\icons\rocket.mjs.map of the Web-Client.
[info] [2026-07-25T18:04:30.149Z] : Change(s) is detected in node_modules\lucide-react\dist\esm\icons\rocking-chair.mjs.map of the Web-Client.
[info] [2026-07-25T18:04:30.149Z] : Change(s) is detected in node_modules\lucide-react\dist\esm\icons\roller-coaster.mjs.map of the Web-Client.
[info] [2026-07-25T18:04:30.150Z] : Change(s) is detected in node_modules\lucide-react\dist\esm\icons\rose.mjs.map of the Web-Client.
[info] [2026-07-25T18:04:30.150Z] : Change(s) is detected in node_modules\lucide-react\dist\esm\icons\rotate-3-d.mjs of the Web-Client.
[info] [2026-07-25T18:04:30.150Z] : Change(s) is detected in node_modules\lucide-react\dist\esm\icons\rotate-3-d.mjs.map of the Web-Client.
[info] [2026-07-25T18:04:30.150Z] : Change(s) is detected in node_modules\lucide-react\dist\esm\icons\rotate-ccw-key.mjs.map of the Web-Client.
[info] [2026-07-25T18:04:30.150Z] : Change(s) is detected in node_modules\lucide-react\dist\esm\icons\rotate-3d.mjs.map of the Web-Client.
[info] [2026-07-25T18:04:30.150Z] : Change(s) is detected in node_modules\lucide-react\dist\esm\icons\rotate-ccw-square.mjs.map of the Web-Client.
[info] [2026-07-25T18:04:30.150Z] : Change(s) is detected in node_modules\lucide-react\dist\esm\icons\rotate-cw-square.mjs.map of the Web-Client.
[info] [2026-07-25T18:04:30.150Z] : Change(s) is detected in node_modules\lucide-react\dist\esm\icons\rotate-ccw.mjs.map of the Web-Client.
[info] [2026-07-25T18:04:30.150Z] : Change(s) is detected in node_modules\lucide-react\dist\esm\icons\rotate-cw.mjs.map of the Web-Client.
[info] [2026-07-25T18:04:30.150Z] : Change(s) is detected in node_modules\lucide-react\dist\esm\icons\route-off.mjs.map of the Web-Client.
[info] [2026-07-25T18:04:30.150Z] : Change(s) is detected in node_modules\lucide-react\dist\esm\icons\route.mjs.map of the Web-Client.
[info] [2026-07-25T18:04:30.150Z] : Change(s) is detected in node_modules\lucide-react\dist\esm\icons\router.mjs.map of the Web-Client.
[info] [2026-07-25T18:04:30.150Z] : Change(s) is detected in node_modules\lucide-react\dist\esm\icons\rows-2.mjs.map of the Web-Client.
[info] [2026-07-25T18:04:30.150Z] : Change(s) is detected in node_modules\lucide-react\dist\esm\icons\rows-3.mjs.map of the Web-Client.
[info] [2026-07-25T18:04:30.150Z] : Change(s) is detected in node_modules\lucide-react\dist\esm\icons\rows-4.mjs.map of the Web-Client.
[info] [2026-07-25T18:04:30.151Z] : Change(s) is detected in node_modules\lucide-react\dist\esm\icons\rows.mjs of the Web-Client.
[info] [2026-07-25T18:04:30.151Z] : Change(s) is detected in node_modules\lucide-react\dist\esm\icons\rows.mjs.map of the Web-Client.
[info] [2026-07-25T18:04:30.151Z] : Change(s) is detected in node_modules\lucide-react\dist\esm\icons\rss.mjs.map of the Web-Client.
[info] [2026-07-25T18:04:30.151Z] : Change(s) is detected in node_modules\lucide-react\dist\esm\icons\ruler-dimension-line.mjs.map of the Web-Client.
[info] [2026-07-25T18:04:30.151Z] : Change(s) is detected in node_modules\lucide-react\dist\esm\icons\ruler.mjs.map of the Web-Client.
[info] [2026-07-25T18:04:30.151Z] : Change(s) is detected in node_modules\lucide-react\dist\esm\icons\russian-ruble.mjs.map of the Web-Client.
[info] [2026-07-25T18:04:30.151Z] : Change(s) is detected in node_modules\lucide-react\dist\esm\icons\sailboat.mjs.map of the Web-Client.
[info] [2026-07-25T18:04:30.151Z] : Change(s) is detected in node_modules\lucide-react\dist\esm\icons\salad.mjs.map of the Web-Client.
[info] [2026-07-25T18:04:30.151Z] : Change(s) is detected in node_modules\lucide-react\dist\esm\icons\sandwich.mjs.map of the Web-Client.
[info] [2026-07-25T18:04:30.151Z] : Change(s) is detected in node_modules\lucide-react\dist\esm\icons\satellite-dish.mjs.map of the Web-Client.
[info] [2026-07-25T18:04:30.151Z] : Change(s) is detected in node_modules\lucide-react\dist\esm\icons\satellite.mjs.map of the Web-Client.
[info] [2026-07-25T18:04:30.151Z] : Change(s) is detected in node_modules\lucide-react\dist\esm\icons\saudi-riyal.mjs.map of the Web-Client.
[info] [2026-07-25T18:04:30.151Z] : Change(s) is detected in node_modules\lucide-react\dist\esm\icons\save-all.mjs.map of the Web-Client.
[info] [2026-07-25T18:04:30.151Z] : Change(s) is detected in node_modules\lucide-react\dist\esm\icons\save-off.mjs.map of the Web-Client.
[info] [2026-07-25T18:04:30.151Z] : Change(s) is detected in node_modules\lucide-react\dist\esm\icons\save-check.mjs.map of the Web-Client.
[info] [2026-07-25T18:04:30.151Z] : Change(s) is detected in node_modules\lucide-react\dist\esm\icons\save-pen.mjs.map of the Web-Client.
[info] [2026-07-25T18:04:30.151Z] : Change(s) is detected in node_modules\lucide-react\dist\esm\icons\save-plus.mjs.map of the Web-Client.
[info] [2026-07-25T18:04:30.151Z] : Change(s) is detected in node_modules\lucide-react\dist\esm\icons\save.mjs.map of the Web-Client.
[info] [2026-07-25T18:04:30.151Z] : Change(s) is detected in node_modules\lucide-react\dist\esm\icons\scale-3-d.mjs of the Web-Client.
[info] [2026-07-25T18:04:30.151Z] : Change(s) is detected in node_modules\lucide-react\dist\esm\icons\scale-3-d.mjs.map of the Web-Client.
[info] [2026-07-25T18:04:30.152Z] : Change(s) is detected in node_modules\lucide-react\dist\esm\icons\scale-3d.mjs.map of the Web-Client.
[info] [2026-07-25T18:04:30.152Z] : Change(s) is detected in node_modules\lucide-react\dist\esm\icons\scale.mjs.map of the Web-Client.
[info] [2026-07-25T18:04:30.152Z] : Change(s) is detected in node_modules\lucide-react\dist\esm\icons\scaling.mjs.map of the Web-Client.
[info] [2026-07-25T18:04:30.152Z] : Change(s) is detected in node_modules\lucide-react\dist\esm\icons\scan-barcode.mjs.map of the Web-Client.
[info] [2026-07-25T18:04:30.152Z] : Change(s) is detected in node_modules\lucide-react\dist\esm\icons\scan-box.mjs.map of the Web-Client.
[info] [2026-07-25T18:04:30.152Z] : Change(s) is detected in node_modules\lucide-react\dist\esm\icons\scan-eye.mjs.map of the Web-Client.
[info] [2026-07-25T18:04:30.152Z] : Change(s) is detected in node_modules\lucide-react\dist\esm\icons\scan-face.mjs.map of the Web-Client.
[info] [2026-07-25T18:04:30.152Z] : Change(s) is detected in node_modules\lucide-react\dist\esm\icons\scan-heart.mjs.map of the Web-Client.
[info] [2026-07-25T18:04:30.152Z] : Change(s) is detected in node_modules\lucide-react\dist\esm\icons\scan-line.mjs.map of the Web-Client.
[info] [2026-07-25T18:04:30.152Z] : Change(s) is detected in node_modules\lucide-react\dist\esm\icons\scan-qr-code.mjs.map of the Web-Client.
[info] [2026-07-25T18:04:30.152Z] : Change(s) is detected in node_modules\lucide-react\dist\esm\icons\scan-search.mjs.map of the Web-Client.
[info] [2026-07-25T18:04:30.152Z] : Change(s) is detected in node_modules\lucide-react\dist\esm\icons\scan-text.mjs.map of the Web-Client.
[info] [2026-07-25T18:04:30.152Z] : Change(s) is detected in node_modules\lucide-react\dist\esm\icons\scan.mjs.map of the Web-Client.
[info] [2026-07-25T18:04:30.152Z] : Change(s) is detected in node_modules\lucide-react\dist\esm\icons\scatter-chart.mjs of the Web-Client.
[info] [2026-07-25T18:04:30.152Z] : Change(s) is detected in node_modules\lucide-react\dist\esm\icons\scatter-chart.mjs.map of the Web-Client.
[info] [2026-07-25T18:04:30.152Z] : Change(s) is detected in node_modules\lucide-react\dist\esm\icons\school-2.mjs of the Web-Client.
[info] [2026-07-25T18:04:30.152Z] : Change(s) is detected in node_modules\lucide-react\dist\esm\icons\school-2.mjs.map of the Web-Client.
[info] [2026-07-25T18:04:30.152Z] : Change(s) is detected in node_modules\lucide-react\dist\esm\icons\school.mjs.map of the Web-Client.
[info] [2026-07-25T18:04:30.152Z] : Change(s) is detected in node_modules\lucide-react\dist\esm\icons\scissors-line-dashed.mjs.map of the Web-Client.
[info] [2026-07-25T18:04:30.152Z] : Change(s) is detected in node_modules\lucide-react\dist\esm\icons\scissors-square-dashed-bottom.mjs of the Web-Client.
[info] [2026-07-25T18:04:30.152Z] : Change(s) is detected in node_modules\lucide-react\dist\esm\icons\scissors-square-dashed-bottom.mjs.map of the Web-Client.
[info] [2026-07-25T18:04:30.152Z] : Change(s) is detected in node_modules\lucide-react\dist\esm\icons\scissors-square.mjs of the Web-Client.
[info] [2026-07-25T18:04:30.152Z] : Change(s) is detected in node_modules\lucide-react\dist\esm\icons\scissors-square.mjs.map of the Web-Client.
[info] [2026-07-25T18:04:30.152Z] : Change(s) is detected in node_modules\lucide-react\dist\esm\icons\scissors.mjs.map of the Web-Client.
[info] [2026-07-25T18:04:30.152Z] : Change(s) is detected in node_modules\lucide-react\dist\esm\icons\scooter.mjs.map of the Web-Client.
[info] [2026-07-25T18:04:30.152Z] : Change(s) is detected in node_modules\lucide-react\dist\esm\icons\screen-share-off.mjs.map of the Web-Client.
[info] [2026-07-25T18:04:30.152Z] : Change(s) is detected in node_modules\lucide-react\dist\esm\icons\screen-share.mjs.map of the Web-Client.
[info] [2026-07-25T18:04:30.152Z] : Change(s) is detected in node_modules\lucide-react\dist\esm\icons\scroll-text.mjs.map of the Web-Client.
[info] [2026-07-25T18:04:30.152Z] : Change(s) is detected in node_modules\lucide-react\dist\esm\icons\scroll.mjs.map of the Web-Client.
[info] [2026-07-25T18:04:30.152Z] : Change(s) is detected in node_modules\lucide-react\dist\esm\icons\search-alert.mjs.map of the Web-Client.
[info] [2026-07-25T18:04:30.152Z] : Change(s) is detected in node_modules\lucide-react\dist\esm\icons\search-check.mjs.map of the Web-Client.
[info] [2026-07-25T18:04:30.152Z] : Change(s) is detected in node_modules\lucide-react\dist\esm\icons\search-code.mjs.map of the Web-Client.
[info] [2026-07-25T18:04:30.152Z] : Change(s) is detected in node_modules\lucide-react\dist\esm\icons\search-slash.mjs.map of the Web-Client.
[info] [2026-07-25T18:04:30.152Z] : Change(s) is detected in node_modules\lucide-react\dist\esm\icons\search-x.mjs.map of the Web-Client.
[info] [2026-07-25T18:04:30.152Z] : Change(s) is detected in node_modules\lucide-react\dist\esm\icons\search.mjs.map of the Web-Client.
[info] [2026-07-25T18:04:30.152Z] : Change(s) is detected in node_modules\lucide-react\dist\esm\icons\section.mjs.map of the Web-Client.
[info] [2026-07-25T18:04:30.152Z] : Change(s) is detected in node_modules\lucide-react\dist\esm\icons\send-horizonal.mjs of the Web-Client.
[info] [2026-07-25T18:04:30.152Z] : Change(s) is detected in node_modules\lucide-react\dist\esm\icons\send-horizonal.mjs.map of the Web-Client.
[info] [2026-07-25T18:04:30.153Z] : Change(s) is detected in node_modules\lucide-react\dist\esm\icons\send-horizontal.mjs.map of the Web-Client.
[info] [2026-07-25T18:04:30.153Z] : Change(s) is detected in node_modules\lucide-react\dist\esm\icons\send-to-back.mjs.map of the Web-Client.
[info] [2026-07-25T18:04:30.153Z] : Change(s) is detected in node_modules\lucide-react\dist\esm\icons\send.mjs.map of the Web-Client.
[info] [2026-07-25T18:04:30.153Z] : Change(s) is detected in node_modules\lucide-react\dist\esm\icons\separator-horizontal.mjs.map of the Web-Client.
[info] [2026-07-25T18:04:30.153Z] : Change(s) is detected in node_modules\lucide-react\dist\esm\icons\separator-vertical.mjs.map of the Web-Client.
[info] [2026-07-25T18:04:30.153Z] : Change(s) is detected in node_modules\lucide-react\dist\esm\icons\server-cog.mjs.map of the Web-Client.
[info] [2026-07-25T18:04:30.153Z] : Change(s) is detected in node_modules\lucide-react\dist\esm\icons\server-crash.mjs.map of the Web-Client.
[info] [2026-07-25T18:04:30.153Z] : Change(s) is detected in node_modules\lucide-react\dist\esm\icons\server-off.mjs.map of the Web-Client.
[info] [2026-07-25T18:04:30.153Z] : Change(s) is detected in node_modules\lucide-react\dist\esm\icons\server-plus.mjs.map of the Web-Client.
[info] [2026-07-25T18:04:30.153Z] : Change(s) is detected in node_modules\lucide-react\dist\esm\icons\server.mjs.map of the Web-Client.
[info] [2026-07-25T18:04:30.153Z] : Change(s) is detected in node_modules\lucide-react\dist\esm\icons\settings-2.mjs.map of the Web-Client.
[info] [2026-07-25T18:04:30.154Z] : Change(s) is detected in node_modules\lucide-react\dist\esm\icons\settings.mjs.map of the Web-Client.
[info] [2026-07-25T18:04:30.154Z] : Change(s) is detected in node_modules\lucide-react\dist\esm\icons\shapes.mjs.map of the Web-Client.
[info] [2026-07-25T18:04:30.154Z] : Change(s) is detected in node_modules\lucide-react\dist\esm\icons\share-2.mjs.map of the Web-Client.
[info] [2026-07-25T18:04:30.154Z] : Change(s) is detected in node_modules\lucide-react\dist\esm\icons\share.mjs.map of the Web-Client.
[info] [2026-07-25T18:04:30.154Z] : Change(s) is detected in node_modules\lucide-react\dist\esm\icons\sheet.mjs.map of the Web-Client.
[info] [2026-07-25T18:04:30.154Z] : Change(s) is detected in node_modules\lucide-react\dist\esm\icons\shell.mjs.map of the Web-Client.
[info] [2026-07-25T18:04:30.154Z] : Change(s) is detected in node_modules\lucide-react\dist\esm\icons\shield-alert.mjs.map of the Web-Client.
[info] [2026-07-25T18:04:30.154Z] : Change(s) is detected in node_modules\lucide-react\dist\esm\icons\shield-ban.mjs.map of the Web-Client.
[info] [2026-07-25T18:04:30.154Z] : Change(s) is detected in node_modules\lucide-react\dist\esm\icons\shield-check.mjs.map of the Web-Client.
[info] [2026-07-25T18:04:30.154Z] : Change(s) is detected in node_modules\lucide-react\dist\esm\icons\shield-close.mjs of the Web-Client.
[info] [2026-07-25T18:04:30.154Z] : Change(s) is detected in node_modules\lucide-react\dist\esm\icons\shelving-unit.mjs.map of the Web-Client.
[info] [2026-07-25T18:04:30.154Z] : Change(s) is detected in node_modules\lucide-react\dist\esm\icons\shield-close.mjs.map of the Web-Client.
[info] [2026-07-25T18:04:30.154Z] : Change(s) is detected in node_modules\lucide-react\dist\esm\icons\shield-cog-corner.mjs.map of the Web-Client.
[info] [2026-07-25T18:04:30.154Z] : Change(s) is detected in node_modules\lucide-react\dist\esm\icons\shield-cog.mjs.map of the Web-Client.
[info] [2026-07-25T18:04:30.154Z] : Change(s) is detected in node_modules\lucide-react\dist\esm\icons\shield-ellipsis.mjs.map of the Web-Client.
[info] [2026-07-25T18:04:30.154Z] : Change(s) is detected in node_modules\lucide-react\dist\esm\icons\shield-minus.mjs.map of the Web-Client.
[info] [2026-07-25T18:04:30.154Z] : Change(s) is detected in node_modules\lucide-react\dist\esm\icons\shield-half.mjs.map of the Web-Client.
[info] [2026-07-25T18:04:30.154Z] : Change(s) is detected in node_modules\lucide-react\dist\esm\icons\shield-off.mjs.map of the Web-Client.
[info] [2026-07-25T18:04:30.154Z] : Change(s) is detected in node_modules\lucide-react\dist\esm\icons\shield-plus.mjs.map of the Web-Client.
[info] [2026-07-25T18:04:30.155Z] : Change(s) is detected in node_modules\lucide-react\dist\esm\icons\shield-question-mark.mjs.map of the Web-Client.
[info] [2026-07-25T18:04:30.155Z] : Change(s) is detected in node_modules\lucide-react\dist\esm\icons\shield-question.mjs of the Web-Client.
[info] [2026-07-25T18:04:30.155Z] : Change(s) is detected in node_modules\lucide-react\dist\esm\icons\shield-user.mjs.map of the Web-Client.
[info] [2026-07-25T18:04:30.155Z] : Change(s) is detected in node_modules\lucide-react\dist\esm\icons\shield-x.mjs.map of the Web-Client.
[info] [2026-07-25T18:04:30.155Z] : Change(s) is detected in node_modules\lucide-react\dist\esm\icons\shield.mjs.map of the Web-Client.
[info] [2026-07-25T18:04:30.155Z] : Change(s) is detected in node_modules\lucide-react\dist\esm\icons\shield-question.mjs.map of the Web-Client.
[info] [2026-07-25T18:04:30.155Z] : Change(s) is detected in node_modules\lucide-react\dist\esm\icons\ship-wheel.mjs.map of the Web-Client.
[info] [2026-07-25T18:04:30.155Z] : Change(s) is detected in node_modules\lucide-react\dist\esm\icons\ship.mjs.map of the Web-Client.
[info] [2026-07-25T18:04:30.155Z] : Change(s) is detected in node_modules\lucide-react\dist\esm\icons\shirt.mjs.map of the Web-Client.
[info] [2026-07-25T18:04:30.155Z] : Change(s) is detected in node_modules\lucide-react\dist\esm\icons\shopping-bag.mjs.map of the Web-Client.
[info] [2026-07-25T18:04:30.155Z] : Change(s) is detected in node_modules\lucide-react\dist\esm\icons\shopping-basket.mjs.map of the Web-Client.
[info] [2026-07-25T18:04:30.155Z] : Change(s) is detected in node_modules\lucide-react\dist\esm\icons\shopping-cart.mjs.map of the Web-Client.
[info] [2026-07-25T18:04:30.155Z] : Change(s) is detected in node_modules\lucide-react\dist\esm\icons\shovel.mjs.map of the Web-Client.
[info] [2026-07-25T18:04:30.155Z] : Change(s) is detected in node_modules\lucide-react\dist\esm\icons\shower-head.mjs.map of the Web-Client.
[info] [2026-07-25T18:04:30.155Z] : Change(s) is detected in node_modules\lucide-react\dist\esm\icons\shredder.mjs.map of the Web-Client.
[info] [2026-07-25T18:04:30.155Z] : Change(s) is detected in node_modules\lucide-react\dist\esm\icons\shrimp.mjs.map of the Web-Client.
[info] [2026-07-25T18:04:30.155Z] : Change(s) is detected in node_modules\lucide-react\dist\esm\icons\shrub.mjs.map of the Web-Client.
[info] [2026-07-25T18:04:30.155Z] : Change(s) is detected in node_modules\lucide-react\dist\esm\icons\shrink.mjs.map of the Web-Client.
[info] [2026-07-25T18:04:30.155Z] : Change(s) is detected in node_modules\lucide-react\dist\esm\icons\shuffle.mjs.map of the Web-Client.
[info] [2026-07-25T18:04:30.155Z] : Change(s) is detected in node_modules\lucide-react\dist\esm\icons\sidebar-close.mjs of the Web-Client.
[info] [2026-07-25T18:04:30.155Z] : Change(s) is detected in node_modules\lucide-react\dist\esm\icons\sidebar-open.mjs of the Web-Client.
[info] [2026-07-25T18:04:30.155Z] : Change(s) is detected in node_modules\lucide-react\dist\esm\icons\sidebar-open.mjs.map of the Web-Client.
[info] [2026-07-25T18:04:30.155Z] : Change(s) is detected in node_modules\lucide-react\dist\esm\icons\sidebar-close.mjs.map of the Web-Client.
[info] [2026-07-25T18:04:30.156Z] : Change(s) is detected in node_modules\lucide-react\dist\esm\icons\sidebar.mjs of the Web-Client.
[info] [2026-07-25T18:04:30.156Z] : Change(s) is detected in node_modules\lucide-react\dist\esm\icons\sidebar.mjs.map of the Web-Client.
[info] [2026-07-25T18:04:30.156Z] : Change(s) is detected in node_modules\lucide-react\dist\esm\icons\sigma-square.mjs of the Web-Client.
[info] [2026-07-25T18:04:30.156Z] : Change(s) is detected in node_modules\lucide-react\dist\esm\icons\sigma-square.mjs.map of the Web-Client.
[info] [2026-07-25T18:04:30.156Z] : Change(s) is detected in node_modules\lucide-react\dist\esm\icons\sigma.mjs.map of the Web-Client.
[info] [2026-07-25T18:04:30.156Z] : Change(s) is detected in node_modules\lucide-react\dist\esm\icons\signal-high.mjs.map of the Web-Client.
[info] [2026-07-25T18:04:30.156Z] : Change(s) is detected in node_modules\lucide-react\dist\esm\icons\signal-low.mjs.map of the Web-Client.
[info] [2026-07-25T18:04:30.156Z] : Change(s) is detected in node_modules\lucide-react\dist\esm\icons\signal-medium.mjs.map of the Web-Client.
[info] [2026-07-25T18:04:30.156Z] : Change(s) is detected in node_modules\lucide-react\dist\esm\icons\signal-zero.mjs.map of the Web-Client.
[info] [2026-07-25T18:04:30.156Z] : Change(s) is detected in node_modules\lucide-react\dist\esm\icons\signal.mjs.map of the Web-Client.
[info] [2026-07-25T18:04:30.156Z] : Change(s) is detected in node_modules\lucide-react\dist\esm\icons\signpost-big.mjs.map of the Web-Client.
[info] [2026-07-25T18:04:30.156Z] : Change(s) is detected in node_modules\lucide-react\dist\esm\icons\signpost.mjs.map of the Web-Client.
[info] [2026-07-25T18:04:30.156Z] : Change(s) is detected in node_modules\lucide-react\dist\esm\icons\signature.mjs.map of the Web-Client.
[info] [2026-07-25T18:04:30.157Z] : Change(s) is detected in node_modules\lucide-react\dist\esm\icons\siren.mjs.map of the Web-Client.
[info] [2026-07-25T18:04:30.157Z] : Change(s) is detected in node_modules\lucide-react\dist\esm\icons\skip-back.mjs.map of the Web-Client.
[info] [2026-07-25T18:04:30.157Z] : Change(s) is detected in node_modules\lucide-react\dist\esm\icons\skip-forward.mjs.map of the Web-Client.
[info] [2026-07-25T18:04:30.157Z] : Change(s) is detected in node_modules\lucide-react\dist\esm\icons\skull.mjs.map of the Web-Client.
[info] [2026-07-25T18:04:30.157Z] : Change(s) is detected in node_modules\lucide-react\dist\esm\icons\slash-square.mjs of the Web-Client.
[info] [2026-07-25T18:04:30.157Z] : Change(s) is detected in node_modules\lucide-react\dist\esm\icons\slash-square.mjs.map of the Web-Client.
[info] [2026-07-25T18:04:30.157Z] : Change(s) is detected in node_modules\lucide-react\dist\esm\icons\slash.mjs.map of the Web-Client.
[info] [2026-07-25T18:04:30.157Z] : Change(s) is detected in node_modules\lucide-react\dist\esm\icons\slice.mjs.map of the Web-Client.
[info] [2026-07-25T18:04:30.157Z] : Change(s) is detected in node_modules\lucide-react\dist\esm\icons\sliders-horizontal.mjs.map of the Web-Client.
[info] [2026-07-25T18:04:30.157Z] : Change(s) is detected in node_modules\lucide-react\dist\esm\icons\sliders-vertical.mjs.map of the Web-Client.
[info] [2026-07-25T18:04:30.157Z] : Change(s) is detected in node_modules\lucide-react\dist\esm\icons\sliders.mjs of the Web-Client.
[info] [2026-07-25T18:04:30.157Z] : Change(s) is detected in node_modules\lucide-react\dist\esm\icons\sliders.mjs.map of the Web-Client.
[info] [2026-07-25T18:04:30.158Z] : Change(s) is detected in node_modules\lucide-react\dist\esm\icons\smartphone-charging.mjs.map of the Web-Client.
[info] [2026-07-25T18:04:30.158Z] : Change(s) is detected in node_modules\lucide-react\dist\esm\icons\smartphone-nfc.mjs.map of the Web-Client.
[info] [2026-07-25T18:04:30.158Z] : Change(s) is detected in node_modules\lucide-react\dist\esm\icons\smartphone.mjs.map of the Web-Client.
[info] [2026-07-25T18:04:30.158Z] : Change(s) is detected in node_modules\lucide-react\dist\esm\icons\smile-plus.mjs.map of the Web-Client.
[info] [2026-07-25T18:04:30.158Z] : Change(s) is detected in node_modules\lucide-react\dist\esm\icons\smile.mjs.map of the Web-Client.
[info] [2026-07-25T18:04:30.158Z] : Change(s) is detected in node_modules\lucide-react\dist\esm\icons\snail.mjs.map of the Web-Client.
[info] [2026-07-25T18:04:30.158Z] : Change(s) is detected in node_modules\lucide-react\dist\esm\icons\snowflake.mjs.map of the Web-Client.
[info] [2026-07-25T18:04:30.158Z] : Change(s) is detected in node_modules\lucide-react\dist\esm\icons\soap-dispenser-droplet.mjs.map of the Web-Client.
[info] [2026-07-25T18:04:30.158Z] : Change(s) is detected in node_modules\lucide-react\dist\esm\icons\sofa.mjs.map of the Web-Client.
[info] [2026-07-25T18:04:30.158Z] : Change(s) is detected in node_modules\lucide-react\dist\esm\icons\sort-asc.mjs of the Web-Client.
[info] [2026-07-25T18:04:30.158Z] : Change(s) is detected in node_modules\lucide-react\dist\esm\icons\solar-panel.mjs.map of the Web-Client.
[info] [2026-07-25T18:04:30.158Z] : Change(s) is detected in node_modules\lucide-react\dist\esm\icons\sort-asc.mjs.map of the Web-Client.
[info] [2026-07-25T18:04:30.158Z] : Change(s) is detected in node_modules\lucide-react\dist\esm\icons\sort-desc.mjs of the Web-Client.
[info] [2026-07-25T18:04:30.158Z] : Change(s) is detected in node_modules\lucide-react\dist\esm\icons\soup.mjs.map of the Web-Client.
[info] [2026-07-25T18:04:30.158Z] : Change(s) is detected in node_modules\lucide-react\dist\esm\icons\sort-desc.mjs.map of the Web-Client.
[info] [2026-07-25T18:04:30.158Z] : Change(s) is detected in node_modules\lucide-react\dist\esm\icons\space.mjs.map of the Web-Client.
[info] [2026-07-25T18:04:30.158Z] : Change(s) is detected in node_modules\lucide-react\dist\esm\icons\spade.mjs.map of the Web-Client.
[info] [2026-07-25T18:04:30.158Z] : Change(s) is detected in node_modules\lucide-react\dist\esm\icons\sparkle.mjs.map of the Web-Client.
[info] [2026-07-25T18:04:30.158Z] : Change(s) is detected in node_modules\lucide-react\dist\esm\icons\sparkles.mjs.map of the Web-Client.
[info] [2026-07-25T18:04:30.158Z] : Change(s) is detected in node_modules\lucide-react\dist\esm\icons\speaker.mjs.map of the Web-Client.
[info] [2026-07-25T18:04:30.158Z] : Change(s) is detected in node_modules\lucide-react\dist\esm\icons\speech.mjs.map of the Web-Client.
[info] [2026-07-25T18:04:30.158Z] : Change(s) is detected in node_modules\lucide-react\dist\esm\icons\spell-check-2.mjs.map of the Web-Client.
[info] [2026-07-25T18:04:30.158Z] : Change(s) is detected in node_modules\lucide-react\dist\esm\icons\spell-check.mjs.map of the Web-Client.
[info] [2026-07-25T18:04:30.158Z] : Change(s) is detected in node_modules\lucide-react\dist\esm\icons\spline-pointer.mjs.map of the Web-Client.
[info] [2026-07-25T18:04:30.158Z] : Change(s) is detected in node_modules\lucide-react\dist\esm\icons\spline.mjs.map of the Web-Client.
[info] [2026-07-25T18:04:30.158Z] : Change(s) is detected in node_modules\lucide-react\dist\esm\icons\split-square-horizontal.mjs of the Web-Client.
[info] [2026-07-25T18:04:30.158Z] : Change(s) is detected in node_modules\lucide-react\dist\esm\icons\split-square-horizontal.mjs.map of the Web-Client.
[info] [2026-07-25T18:04:30.158Z] : Change(s) is detected in node_modules\lucide-react\dist\esm\icons\split-square-vertical.mjs of the Web-Client.
[info] [2026-07-25T18:04:30.158Z] : Change(s) is detected in node_modules\lucide-react\dist\esm\icons\split-square-vertical.mjs.map of the Web-Client.
[info] [2026-07-25T18:04:30.158Z] : Change(s) is detected in node_modules\lucide-react\dist\esm\icons\split.mjs.map of the Web-Client.
[info] [2026-07-25T18:04:30.158Z] : Change(s) is detected in node_modules\lucide-react\dist\esm\icons\spool.mjs.map of the Web-Client.
[info] [2026-07-25T18:04:30.158Z] : Change(s) is detected in node_modules\lucide-react\dist\esm\icons\sport-shoe.mjs.map of the Web-Client.
[info] [2026-07-25T18:04:30.158Z] : Change(s) is detected in node_modules\lucide-react\dist\esm\icons\spotlight.mjs.map of the Web-Client.
[info] [2026-07-25T18:04:30.159Z] : Change(s) is detected in node_modules\lucide-react\dist\esm\icons\spray-can.mjs.map of the Web-Client.
[info] [2026-07-25T18:04:30.159Z] : Change(s) is detected in node_modules\lucide-react\dist\esm\icons\sprout.mjs.map of the Web-Client.
[info] [2026-07-25T18:04:30.159Z] : Change(s) is detected in node_modules\lucide-react\dist\esm\icons\square-activity.mjs.map of the Web-Client.
[info] [2026-07-25T18:04:30.159Z] : Change(s) is detected in node_modules\lucide-react\dist\esm\icons\square-arrow-down-left.mjs.map of the Web-Client.
[info] [2026-07-25T18:04:30.159Z] : Change(s) is detected in node_modules\lucide-react\dist\esm\icons\square-arrow-down-right.mjs.map of the Web-Client.
[info] [2026-07-25T18:04:30.159Z] : Change(s) is detected in node_modules\lucide-react\dist\esm\icons\square-arrow-down.mjs.map of the Web-Client.
[info] [2026-07-25T18:04:30.159Z] : Change(s) is detected in node_modules\lucide-react\dist\esm\icons\square-arrow-left.mjs.map of the Web-Client.
[info] [2026-07-25T18:04:30.159Z] : Change(s) is detected in node_modules\lucide-react\dist\esm\icons\square-arrow-out-down-left.mjs.map of the Web-Client.
[info] [2026-07-25T18:04:30.159Z] : Change(s) is detected in node_modules\lucide-react\dist\esm\icons\square-arrow-out-down-right.mjs.map of the Web-Client.
[info] [2026-07-25T18:04:30.159Z] : Change(s) is detected in node_modules\lucide-react\dist\esm\icons\square-arrow-out-up-left.mjs.map of the Web-Client.
[info] [2026-07-25T18:04:30.159Z] : Change(s) is detected in node_modules\lucide-react\dist\esm\icons\square-arrow-out-up-right.mjs.map of the Web-Client.
[info] [2026-07-25T18:04:30.159Z] : Change(s) is detected in node_modules\lucide-react\dist\esm\icons\square-arrow-right-enter.mjs.map of the Web-Client.
[info] [2026-07-25T18:04:30.159Z] : Change(s) is detected in node_modules\lucide-react\dist\esm\icons\square-arrow-right-exit.mjs.map of the Web-Client.
[info] [2026-07-25T18:04:30.159Z] : Change(s) is detected in node_modules\lucide-react\dist\esm\icons\square-arrow-right.mjs.map of the Web-Client.
[info] [2026-07-25T18:04:30.159Z] : Change(s) is detected in node_modules\lucide-react\dist\esm\icons\square-arrow-up-right.mjs.map of the Web-Client.
[info] [2026-07-25T18:04:30.159Z] : Change(s) is detected in node_modules\lucide-react\dist\esm\icons\square-arrow-up-left.mjs.map of the Web-Client.
[info] [2026-07-25T18:04:30.160Z] : Change(s) is detected in node_modules\lucide-react\dist\esm\icons\square-arrow-up.mjs.map of the Web-Client.
[info] [2026-07-25T18:04:30.160Z] : Change(s) is detected in node_modules\lucide-react\dist\esm\icons\square-asterisk.mjs.map of the Web-Client.
[info] [2026-07-25T18:04:30.160Z] : Change(s) is detected in node_modules\lucide-react\dist\esm\icons\square-bottom-dashed-scissors.mjs.map of the Web-Client.
[info] [2026-07-25T18:04:30.160Z] : Change(s) is detected in node_modules\lucide-react\dist\esm\icons\square-centerline-dashed-horizontal.mjs.map of the Web-Client.
[info] [2026-07-25T18:04:30.160Z] : Change(s) is detected in node_modules\lucide-react\dist\esm\icons\square-chart-gantt.mjs.map of the Web-Client.
[info] [2026-07-25T18:04:30.160Z] : Change(s) is detected in node_modules\lucide-react\dist\esm\icons\square-centerline-dashed-vertical.mjs.map of the Web-Client.
[info] [2026-07-25T18:04:30.160Z] : Change(s) is detected in node_modules\lucide-react\dist\esm\icons\square-check-big.mjs.map of the Web-Client.
[info] [2026-07-25T18:04:30.160Z] : Change(s) is detected in node_modules\lucide-react\dist\esm\icons\square-check.mjs.map of the Web-Client.
[info] [2026-07-25T18:04:30.160Z] : Change(s) is detected in node_modules\lucide-react\dist\esm\icons\square-chevron-down.mjs.map of the Web-Client.
[info] [2026-07-25T18:04:30.160Z] : Change(s) is detected in node_modules\lucide-react\dist\esm\icons\square-chevron-left.mjs.map of the Web-Client.
[info] [2026-07-25T18:04:30.160Z] : Change(s) is detected in node_modules\lucide-react\dist\esm\icons\square-chevron-right.mjs.map of the Web-Client.
[info] [2026-07-25T18:04:30.160Z] : Change(s) is detected in node_modules\lucide-react\dist\esm\icons\square-chevron-up.mjs.map of the Web-Client.
[info] [2026-07-25T18:04:30.160Z] : Change(s) is detected in node_modules\lucide-react\dist\esm\icons\square-code.mjs.map of the Web-Client.
[info] [2026-07-25T18:04:30.160Z] : Change(s) is detected in node_modules\lucide-react\dist\esm\icons\square-dashed-bottom-code.mjs.map of the Web-Client.
[info] [2026-07-25T18:04:30.160Z] : Change(s) is detected in node_modules\lucide-react\dist\esm\icons\square-dashed-bottom.mjs.map of the Web-Client.
[info] [2026-07-25T18:04:30.160Z] : Change(s) is detected in node_modules\lucide-react\dist\esm\icons\square-dashed-kanban.mjs.map of the Web-Client.
[info] [2026-07-25T18:04:30.160Z] : Change(s) is detected in node_modules\lucide-react\dist\esm\icons\square-dashed-mouse-pointer.mjs.map of the Web-Client.
[info] [2026-07-25T18:04:30.160Z] : Change(s) is detected in node_modules\lucide-react\dist\esm\icons\square-dashed-text.mjs.map of the Web-Client.
[info] [2026-07-25T18:04:30.160Z] : Change(s) is detected in node_modules\lucide-react\dist\esm\icons\square-dashed-top-solid.mjs.map of the Web-Client.
[info] [2026-07-25T18:04:30.160Z] : Change(s) is detected in node_modules\lucide-react\dist\esm\icons\square-dashed.mjs.map of the Web-Client.
[info] [2026-07-25T18:04:30.160Z] : Change(s) is detected in node_modules\lucide-react\dist\esm\icons\square-dot.mjs.map of the Web-Client.
[info] [2026-07-25T18:04:30.160Z] : Change(s) is detected in node_modules\lucide-react\dist\esm\icons\square-divide.mjs.map of the Web-Client.
[info] [2026-07-25T18:04:30.160Z] : Change(s) is detected in node_modules\lucide-react\dist\esm\icons\square-equal.mjs.map of the Web-Client.
[info] [2026-07-25T18:04:30.160Z] : Change(s) is detected in node_modules\lucide-react\dist\esm\icons\square-function.mjs.map of the Web-Client.
[info] [2026-07-25T18:04:30.160Z] : Change(s) is detected in node_modules\lucide-react\dist\esm\icons\square-gantt-chart.mjs of the Web-Client.
[info] [2026-07-25T18:04:30.160Z] : Change(s) is detected in node_modules\lucide-react\dist\esm\icons\square-gantt-chart.mjs.map of the Web-Client.
[info] [2026-07-25T18:04:30.160Z] : Change(s) is detected in node_modules\lucide-react\dist\esm\icons\square-kanban.mjs.map of the Web-Client.
[info] [2026-07-25T18:04:30.160Z] : Change(s) is detected in node_modules\lucide-react\dist\esm\icons\square-library.mjs.map of the Web-Client.
[info] [2026-07-25T18:04:30.160Z] : Change(s) is detected in node_modules\lucide-react\dist\esm\icons\square-m.mjs.map of the Web-Client.
[info] [2026-07-25T18:04:30.160Z] : Change(s) is detected in node_modules\lucide-react\dist\esm\icons\square-menu.mjs.map of the Web-Client.
[info] [2026-07-25T18:04:30.160Z] : Change(s) is detected in node_modules\lucide-react\dist\esm\icons\square-minus.mjs.map of the Web-Client.
[info] [2026-07-25T18:04:30.160Z] : Change(s) is detected in node_modules\lucide-react\dist\esm\icons\square-mouse-pointer.mjs.map of the Web-Client.
[info] [2026-07-25T18:04:30.160Z] : Change(s) is detected in node_modules\lucide-react\dist\esm\icons\square-parking-off.mjs.map of the Web-Client.
[info] [2026-07-25T18:04:30.160Z] : Change(s) is detected in node_modules\lucide-react\dist\esm\icons\square-parking.mjs.map of the Web-Client.
[info] [2026-07-25T18:04:30.160Z] : Change(s) is detected in node_modules\lucide-react\dist\esm\icons\square-pause.mjs.map of the Web-Client.
[info] [2026-07-25T18:04:30.160Z] : Change(s) is detected in node_modules\lucide-react\dist\esm\icons\square-pen.mjs.map of the Web-Client.
[info] [2026-07-25T18:04:30.160Z] : Change(s) is detected in node_modules\lucide-react\dist\esm\icons\square-percent.mjs.map of the Web-Client.
[info] [2026-07-25T18:04:30.160Z] : Change(s) is detected in node_modules\lucide-react\dist\esm\icons\square-pi.mjs.map of the Web-Client.
[info] [2026-07-25T18:04:30.160Z] : Change(s) is detected in node_modules\lucide-react\dist\esm\icons\square-pilcrow.mjs.map of the Web-Client.
[info] [2026-07-25T18:04:30.160Z] : Change(s) is detected in node_modules\lucide-react\dist\esm\icons\square-play.mjs.map of the Web-Client.
[info] [2026-07-25T18:04:30.160Z] : Change(s) is detected in node_modules\lucide-react\dist\esm\icons\square-plus.mjs.map of the Web-Client.
[info] [2026-07-25T18:04:30.160Z] : Change(s) is detected in node_modules\lucide-react\dist\esm\icons\square-power.mjs.map of the Web-Client.
[info] [2026-07-25T18:04:30.160Z] : Change(s) is detected in node_modules\lucide-react\dist\esm\icons\square-radical.mjs.map of the Web-Client.
[info] [2026-07-25T18:04:30.160Z] : Change(s) is detected in node_modules\lucide-react\dist\esm\icons\square-round-corner.mjs.map of the Web-Client.
[info] [2026-07-25T18:04:30.161Z] : Change(s) is detected in node_modules\lucide-react\dist\esm\icons\square-scissors.mjs.map of the Web-Client.
[info] [2026-07-25T18:04:30.161Z] : Change(s) is detected in node_modules\lucide-react\dist\esm\icons\square-sigma.mjs.map of the Web-Client.
[info] [2026-07-25T18:04:30.161Z] : Change(s) is detected in node_modules\lucide-react\dist\esm\icons\square-slash.mjs.map of the Web-Client.
[info] [2026-07-25T18:04:30.161Z] : Change(s) is detected in node_modules\lucide-react\dist\esm\icons\square-split-horizontal.mjs.map of the Web-Client.
[info] [2026-07-25T18:04:30.161Z] : Change(s) is detected in node_modules\lucide-react\dist\esm\icons\square-split-vertical.mjs.map of the Web-Client.
[info] [2026-07-25T18:04:30.161Z] : Change(s) is detected in node_modules\lucide-react\dist\esm\icons\square-square.mjs.map of the Web-Client.
[info] [2026-07-25T18:04:30.161Z] : Change(s) is detected in node_modules\lucide-react\dist\esm\icons\square-stack.mjs.map of the Web-Client.
[info] [2026-07-25T18:04:30.161Z] : Change(s) is detected in node_modules\lucide-react\dist\esm\icons\square-star.mjs.map of the Web-Client.
[info] [2026-07-25T18:04:30.161Z] : Change(s) is detected in node_modules\lucide-react\dist\esm\icons\square-stop.mjs.map of the Web-Client.
[info] [2026-07-25T18:04:30.161Z] : Change(s) is detected in node_modules\lucide-react\dist\esm\icons\square-terminal.mjs.map of the Web-Client.
[info] [2026-07-25T18:04:30.161Z] : Change(s) is detected in node_modules\lucide-react\dist\esm\icons\square-user-round.mjs.map of the Web-Client.
[info] [2026-07-25T18:04:30.161Z] : Change(s) is detected in node_modules\lucide-react\dist\esm\icons\square-user.mjs.map of the Web-Client.
[info] [2026-07-25T18:04:30.161Z] : Change(s) is detected in node_modules\lucide-react\dist\esm\icons\square-x.mjs.map of the Web-Client.
[info] [2026-07-25T18:04:30.161Z] : Change(s) is detected in node_modules\lucide-react\dist\esm\icons\square.mjs.map of the Web-Client.
[info] [2026-07-25T18:04:30.161Z] : Change(s) is detected in node_modules\lucide-react\dist\esm\icons\squares-exclude.mjs.map of the Web-Client.
[info] [2026-07-25T18:04:30.161Z] : Change(s) is detected in node_modules\lucide-react\dist\esm\icons\squares-intersect.mjs.map of the Web-Client.
[info] [2026-07-25T18:04:30.161Z] : Change(s) is detected in node_modules\lucide-react\dist\esm\icons\squares-subtract.mjs.map of the Web-Client.
[info] [2026-07-25T18:04:30.161Z] : Change(s) is detected in node_modules\lucide-react\dist\esm\icons\squares-unite.mjs.map of the Web-Client.
[info] [2026-07-25T18:04:30.161Z] : Change(s) is detected in node_modules\lucide-react\dist\esm\icons\squircle-dashed.mjs.map of the Web-Client.
[info] [2026-07-25T18:04:30.161Z] : Change(s) is detected in node_modules\lucide-react\dist\esm\icons\squirrel.mjs.map of the Web-Client.
[info] [2026-07-25T18:04:30.161Z] : Change(s) is detected in node_modules\lucide-react\dist\esm\icons\squircle.mjs.map of the Web-Client.
[info] [2026-07-25T18:04:30.161Z] : Change(s) is detected in node_modules\lucide-react\dist\esm\icons\stamp.mjs.map of the Web-Client.
[info] [2026-07-25T18:04:30.161Z] : Change(s) is detected in node_modules\lucide-react\dist\esm\icons\star-check.mjs.map of the Web-Client.
[info] [2026-07-25T18:04:30.161Z] : Change(s) is detected in node_modules\lucide-react\dist\esm\icons\star-half.mjs.map of the Web-Client.
[info] [2026-07-25T18:04:30.161Z] : Change(s) is detected in node_modules\lucide-react\dist\esm\icons\star-minus.mjs.map of the Web-Client.
[info] [2026-07-25T18:04:30.161Z] : Change(s) is detected in node_modules\lucide-react\dist\esm\icons\star-off.mjs.map of the Web-Client.
[info] [2026-07-25T18:04:30.161Z] : Change(s) is detected in node_modules\lucide-react\dist\esm\icons\star-plus.mjs.map of the Web-Client.
[info] [2026-07-25T18:04:30.161Z] : Change(s) is detected in node_modules\lucide-react\dist\esm\icons\star-x.mjs.map of the Web-Client.
[info] [2026-07-25T18:04:30.161Z] : Change(s) is detected in node_modules\lucide-react\dist\esm\icons\star.mjs.map of the Web-Client.
[info] [2026-07-25T18:04:30.161Z] : Change(s) is detected in node_modules\lucide-react\dist\esm\icons\stars.mjs.map of the Web-Client.
[info] [2026-07-25T18:04:30.161Z] : Change(s) is detected in node_modules\lucide-react\dist\esm\icons\stars.mjs of the Web-Client.
[info] [2026-07-25T18:04:30.161Z] : Change(s) is detected in node_modules\lucide-react\dist\esm\icons\step-back.mjs.map of the Web-Client.
[info] [2026-07-25T18:04:30.161Z] : Change(s) is detected in node_modules\lucide-react\dist\esm\icons\step-forward.mjs.map of the Web-Client.
[info] [2026-07-25T18:04:30.161Z] : Change(s) is detected in node_modules\lucide-react\dist\esm\icons\stethoscope.mjs.map of the Web-Client.
[info] [2026-07-25T18:04:30.161Z] : Change(s) is detected in node_modules\lucide-react\dist\esm\icons\sticker.mjs.map of the Web-Client.
[info] [2026-07-25T18:04:30.161Z] : Change(s) is detected in node_modules\lucide-react\dist\esm\icons\sticky-note-check.mjs.map of the Web-Client.
[info] [2026-07-25T18:04:30.161Z] : Change(s) is detected in node_modules\lucide-react\dist\esm\icons\sticky-note-minus.mjs.map of the Web-Client.
[info] [2026-07-25T18:04:30.161Z] : Change(s) is detected in node_modules\lucide-react\dist\esm\icons\sticky-note-off.mjs.map of the Web-Client.
[info] [2026-07-25T18:04:30.161Z] : Change(s) is detected in node_modules\lucide-react\dist\esm\icons\sticky-note-plus.mjs.map of the Web-Client.
[info] [2026-07-25T18:04:30.161Z] : Change(s) is detected in node_modules\lucide-react\dist\esm\icons\sticky-note-x.mjs.map of the Web-Client.
[info] [2026-07-25T18:04:30.161Z] : Change(s) is detected in node_modules\lucide-react\dist\esm\icons\sticky-note.mjs.map of the Web-Client.
[info] [2026-07-25T18:04:30.161Z] : Change(s) is detected in node_modules\lucide-react\dist\esm\icons\sticky-notes.mjs.map of the Web-Client.
[info] [2026-07-25T18:04:30.161Z] : Change(s) is detected in node_modules\lucide-react\dist\esm\icons\stone.mjs.map of the Web-Client.
[info] [2026-07-25T18:04:30.161Z] : Change(s) is detected in node_modules\lucide-react\dist\esm\icons\stop-circle.mjs of the Web-Client.
[info] [2026-07-25T18:04:30.161Z] : Change(s) is detected in node_modules\lucide-react\dist\esm\icons\stop-circle.mjs.map of the Web-Client.
[info] [2026-07-25T18:04:30.161Z] : Change(s) is detected in node_modules\lucide-react\dist\esm\icons\store.mjs.map of the Web-Client.
[info] [2026-07-25T18:04:30.161Z] : Change(s) is detected in node_modules\lucide-react\dist\esm\icons\stretch-horizontal.mjs.map of the Web-Client.
[info] [2026-07-25T18:04:30.161Z] : Change(s) is detected in node_modules\lucide-react\dist\esm\icons\stretch-vertical.mjs.map of the Web-Client.
[info] [2026-07-25T18:04:30.161Z] : Change(s) is detected in node_modules\lucide-react\dist\esm\icons\strikethrough.mjs.map of the Web-Client.
[info] [2026-07-25T18:04:30.161Z] : Change(s) is detected in node_modules\lucide-react\dist\esm\icons\subscript.mjs.map of the Web-Client.
[info] [2026-07-25T18:04:30.161Z] : Change(s) is detected in node_modules\lucide-react\dist\esm\icons\subtitles.mjs of the Web-Client.
[info] [2026-07-25T18:04:30.161Z] : Change(s) is detected in node_modules\lucide-react\dist\esm\icons\subtitles.mjs.map of the Web-Client.
[info] [2026-07-25T18:04:30.162Z] : Change(s) is detected in node_modules\lucide-react\dist\esm\icons\summary.mjs.map of the Web-Client.
[info] [2026-07-25T18:04:30.162Z] : Change(s) is detected in node_modules\lucide-react\dist\esm\icons\sun-dim.mjs.map of the Web-Client.
[info] [2026-07-25T18:04:30.162Z] : Change(s) is detected in node_modules\lucide-react\dist\esm\icons\sun-medium.mjs.map of the Web-Client.
[info] [2026-07-25T18:04:30.162Z] : Change(s) is detected in node_modules\lucide-react\dist\esm\icons\sun-moon.mjs.map of the Web-Client.
[info] [2026-07-25T18:04:30.162Z] : Change(s) is detected in node_modules\lucide-react\dist\esm\icons\sun-snow.mjs.map of the Web-Client.
[info] [2026-07-25T18:04:30.162Z] : Change(s) is detected in node_modules\lucide-react\dist\esm\icons\sun.mjs.map of the Web-Client.
[info] [2026-07-25T18:04:30.162Z] : Change(s) is detected in node_modules\lucide-react\dist\esm\icons\sunrise.mjs.map of the Web-Client.
[info] [2026-07-25T18:04:30.162Z] : Change(s) is detected in node_modules\lucide-react\dist\esm\icons\sunset.mjs.map of the Web-Client.
[info] [2026-07-25T18:04:30.162Z] : Change(s) is detected in node_modules\lucide-react\dist\esm\icons\superscript.mjs.map of the Web-Client.
[info] [2026-07-25T18:04:30.162Z] : Change(s) is detected in node_modules\lucide-react\dist\esm\icons\swatch-book.mjs.map of the Web-Client.
[info] [2026-07-25T18:04:30.162Z] : Change(s) is detected in node_modules\lucide-react\dist\esm\icons\swiss-franc.mjs.map of the Web-Client.
[info] [2026-07-25T18:04:30.162Z] : Change(s) is detected in node_modules\lucide-react\dist\esm\icons\switch-camera.mjs.map of the Web-Client.
[info] [2026-07-25T18:04:30.162Z] : Change(s) is detected in node_modules\lucide-react\dist\esm\icons\sword.mjs.map of the Web-Client.
[info] [2026-07-25T18:04:30.162Z] : Change(s) is detected in node_modules\lucide-react\dist\esm\icons\swords.mjs.map of the Web-Client.
[info] [2026-07-25T18:04:30.162Z] : Change(s) is detected in node_modules\lucide-react\dist\esm\icons\syringe.mjs.map of the Web-Client.
[info] [2026-07-25T18:04:30.162Z] : Change(s) is detected in node_modules\lucide-react\dist\esm\icons\table-2.mjs.map of the Web-Client.
[info] [2026-07-25T18:04:30.162Z] : Change(s) is detected in node_modules\lucide-react\dist\esm\icons\table-cells-merge.mjs.map of the Web-Client.
[info] [2026-07-25T18:04:30.162Z] : Change(s) is detected in node_modules\lucide-react\dist\esm\icons\table-cells-split.mjs.map of the Web-Client.
[info] [2026-07-25T18:04:30.163Z] : Change(s) is detected in node_modules\lucide-react\dist\esm\icons\table-columns-split.mjs.map of the Web-Client.
[info] [2026-07-25T18:04:30.163Z] : Change(s) is detected in node_modules\lucide-react\dist\esm\icons\table-config.mjs of the Web-Client.
[info] [2026-07-25T18:04:30.163Z] : Change(s) is detected in node_modules\lucide-react\dist\esm\icons\table-config.mjs.map of the Web-Client.
[info] [2026-07-25T18:04:30.163Z] : Change(s) is detected in node_modules\lucide-react\dist\esm\icons\table-of-contents.mjs.map of the Web-Client.
[info] [2026-07-25T18:04:30.163Z] : Change(s) is detected in node_modules\lucide-react\dist\esm\icons\table-properties.mjs.map of the Web-Client.
[info] [2026-07-25T18:04:30.163Z] : Change(s) is detected in node_modules\lucide-react\dist\esm\icons\table-rows-split.mjs.map of the Web-Client.
[info] [2026-07-25T18:04:30.163Z] : Change(s) is detected in node_modules\lucide-react\dist\esm\icons\table.mjs.map of the Web-Client.
[info] [2026-07-25T18:04:30.163Z] : Change(s) is detected in node_modules\lucide-react\dist\esm\icons\tablet-smartphone.mjs.map of the Web-Client.
[info] [2026-07-25T18:04:30.163Z] : Change(s) is detected in node_modules\lucide-react\dist\esm\icons\tablet.mjs.map of the Web-Client.
[info] [2026-07-25T18:04:30.163Z] : Change(s) is detected in node_modules\lucide-react\dist\esm\icons\tablets.mjs.map of the Web-Client.
[info] [2026-07-25T18:04:30.163Z] : Change(s) is detected in node_modules\lucide-react\dist\esm\icons\tag-plus.mjs.map of the Web-Client.
[info] [2026-07-25T18:04:30.163Z] : Change(s) is detected in node_modules\lucide-react\dist\esm\icons\tag-x.mjs.map of the Web-Client.
[info] [2026-07-25T18:04:30.163Z] : Change(s) is detected in node_modules\lucide-react\dist\esm\icons\tag.mjs.map of the Web-Client.
[info] [2026-07-25T18:04:30.163Z] : Change(s) is detected in node_modules\lucide-react\dist\esm\icons\tags.mjs.map of the Web-Client.
[info] [2026-07-25T18:04:30.163Z] : Change(s) is detected in node_modules\lucide-react\dist\esm\icons\tally-1.mjs.map of the Web-Client.
[info] [2026-07-25T18:04:30.163Z] : Change(s) is detected in node_modules\lucide-react\dist\esm\icons\tally-2.mjs.map of the Web-Client.
[info] [2026-07-25T18:04:30.163Z] : Change(s) is detected in node_modules\lucide-react\dist\esm\icons\tally-3.mjs.map of the Web-Client.
[info] [2026-07-25T18:04:30.163Z] : Change(s) is detected in node_modules\lucide-react\dist\esm\icons\tally-4.mjs.map of the Web-Client.
[info] [2026-07-25T18:04:30.163Z] : Change(s) is detected in node_modules\lucide-react\dist\esm\icons\tally-5.mjs.map of the Web-Client.
[info] [2026-07-25T18:04:30.163Z] : Change(s) is detected in node_modules\lucide-react\dist\esm\icons\tangent.mjs.map of the Web-Client.
[info] [2026-07-25T18:04:30.163Z] : Change(s) is detected in node_modules\lucide-react\dist\esm\icons\target.mjs.map of the Web-Client.
[info] [2026-07-25T18:04:30.163Z] : Change(s) is detected in node_modules\lucide-react\dist\esm\icons\telescope.mjs.map of the Web-Client.
[info] [2026-07-25T18:04:30.163Z] : Change(s) is detected in node_modules\lucide-react\dist\esm\icons\tent-tree.mjs.map of the Web-Client.
[info] [2026-07-25T18:04:30.163Z] : Change(s) is detected in node_modules\lucide-react\dist\esm\icons\tent.mjs.map of the Web-Client.
[info] [2026-07-25T18:04:30.163Z] : Change(s) is detected in node_modules\lucide-react\dist\esm\icons\terminal-square.mjs of the Web-Client.
[info] [2026-07-25T18:04:30.163Z] : Change(s) is detected in node_modules\lucide-react\dist\esm\icons\terminal-square.mjs.map of the Web-Client.
[info] [2026-07-25T18:04:30.163Z] : Change(s) is detected in node_modules\lucide-react\dist\esm\icons\terminal.mjs.map of the Web-Client.
[info] [2026-07-25T18:04:30.163Z] : Change(s) is detected in node_modules\lucide-react\dist\esm\icons\test-tube-2.mjs.map of the Web-Client.
[info] [2026-07-25T18:04:30.163Z] : Change(s) is detected in node_modules\lucide-react\dist\esm\icons\test-tube-diagonal.mjs.map of the Web-Client.
[info] [2026-07-25T18:04:30.163Z] : Change(s) is detected in node_modules\lucide-react\dist\esm\icons\test-tube-2.mjs of the Web-Client.
[info] [2026-07-25T18:04:30.163Z] : Change(s) is detected in node_modules\lucide-react\dist\esm\icons\test-tube.mjs.map of the Web-Client.
[info] [2026-07-25T18:04:30.163Z] : Change(s) is detected in node_modules\lucide-react\dist\esm\icons\test-tubes.mjs.map of the Web-Client.
[info] [2026-07-25T18:04:30.163Z] : Change(s) is detected in node_modules\lucide-react\dist\esm\icons\text-align-center.mjs.map of the Web-Client.
[info] [2026-07-25T18:04:30.163Z] : Change(s) is detected in node_modules\lucide-react\dist\esm\icons\text-align-justify.mjs.map of the Web-Client.
[info] [2026-07-25T18:04:30.163Z] : Change(s) is detected in node_modules\lucide-react\dist\esm\icons\text-align-end.mjs.map of the Web-Client.
[info] [2026-07-25T18:04:30.163Z] : Change(s) is detected in node_modules\lucide-react\dist\esm\icons\text-align-start.mjs.map of the Web-Client.
[info] [2026-07-25T18:04:30.163Z] : Change(s) is detected in node_modules\lucide-react\dist\esm\icons\text-cursor-input.mjs.map of the Web-Client.
[info] [2026-07-25T18:04:30.163Z] : Change(s) is detected in node_modules\lucide-react\dist\esm\icons\text-cursor.mjs.map of the Web-Client.
[info] [2026-07-25T18:04:30.163Z] : Change(s) is detected in node_modules\lucide-react\dist\esm\icons\text-initial.mjs.map of the Web-Client.
[info] [2026-07-25T18:04:30.163Z] : Change(s) is detected in node_modules\lucide-react\dist\esm\icons\text-quote.mjs.map of the Web-Client.
[info] [2026-07-25T18:04:30.163Z] : Change(s) is detected in node_modules\lucide-react\dist\esm\icons\text-search.mjs.map of the Web-Client.
[info] [2026-07-25T18:04:30.163Z] : Change(s) is detected in node_modules\lucide-react\dist\esm\icons\text-select.mjs.map of the Web-Client.
[info] [2026-07-25T18:04:30.164Z] : Change(s) is detected in node_modules\lucide-react\dist\esm\icons\text-select.mjs of the Web-Client.
[info] [2026-07-25T18:04:30.164Z] : Change(s) is detected in node_modules\lucide-react\dist\esm\icons\text-selection.mjs of the Web-Client.
[info] [2026-07-25T18:04:30.164Z] : Change(s) is detected in node_modules\lucide-react\dist\esm\icons\text-selection.mjs.map of the Web-Client.
[info] [2026-07-25T18:04:30.164Z] : Change(s) is detected in node_modules\lucide-react\dist\esm\icons\text-wrap.mjs.map of the Web-Client.
[info] [2026-07-25T18:04:30.164Z] : Change(s) is detected in node_modules\lucide-react\dist\esm\icons\text.mjs of the Web-Client.
[info] [2026-07-25T18:04:30.164Z] : Change(s) is detected in node_modules\lucide-react\dist\esm\icons\theater.mjs.map of the Web-Client.
[info] [2026-07-25T18:04:30.164Z] : Change(s) is detected in node_modules\lucide-react\dist\esm\icons\text.mjs.map of the Web-Client.
[info] [2026-07-25T18:04:30.164Z] : Change(s) is detected in node_modules\lucide-react\dist\esm\icons\thermometer-sun.mjs.map of the Web-Client.
[info] [2026-07-25T18:04:30.164Z] : Change(s) is detected in node_modules\lucide-react\dist\esm\icons\thermometer-snowflake.mjs.map of the Web-Client.
[info] [2026-07-25T18:04:30.164Z] : Change(s) is detected in node_modules\lucide-react\dist\esm\icons\thermometer.mjs.map of the Web-Client.
[info] [2026-07-25T18:04:30.164Z] : Change(s) is detected in node_modules\lucide-react\dist\esm\icons\thumbs-down.mjs.map of the Web-Client.
[info] [2026-07-25T18:04:30.164Z] : Change(s) is detected in node_modules\lucide-react\dist\esm\icons\thumbs-up.mjs.map of the Web-Client.
[info] [2026-07-25T18:04:30.164Z] : Change(s) is detected in node_modules\lucide-react\dist\esm\icons\ticket-check.mjs.map of the Web-Client.
[info] [2026-07-25T18:04:30.164Z] : Change(s) is detected in node_modules\lucide-react\dist\esm\icons\ticket-percent.mjs.map of the Web-Client.
[info] [2026-07-25T18:04:30.164Z] : Change(s) is detected in node_modules\lucide-react\dist\esm\icons\ticket-minus.mjs.map of the Web-Client.
[info] [2026-07-25T18:04:30.164Z] : Change(s) is detected in node_modules\lucide-react\dist\esm\icons\ticket-plus.mjs.map of the Web-Client.
[info] [2026-07-25T18:04:30.164Z] : Change(s) is detected in node_modules\lucide-react\dist\esm\icons\ticket-slash.mjs.map of the Web-Client.
[info] [2026-07-25T18:04:30.164Z] : Change(s) is detected in node_modules\lucide-react\dist\esm\icons\ticket-x.mjs.map of the Web-Client.
[info] [2026-07-25T18:04:30.164Z] : Change(s) is detected in node_modules\lucide-react\dist\esm\icons\ticket.mjs.map of the Web-Client.
[info] [2026-07-25T18:04:30.164Z] : Change(s) is detected in node_modules\lucide-react\dist\esm\icons\tickets-plane.mjs.map of the Web-Client.
[info] [2026-07-25T18:04:30.164Z] : Change(s) is detected in node_modules\lucide-react\dist\esm\icons\tickets.mjs.map of the Web-Client.
[info] [2026-07-25T18:04:30.164Z] : Change(s) is detected in node_modules\lucide-react\dist\esm\icons\timeline.mjs.map of the Web-Client.
[info] [2026-07-25T18:04:30.164Z] : Change(s) is detected in node_modules\lucide-react\dist\esm\icons\timer-off.mjs.map of the Web-Client.
[info] [2026-07-25T18:04:30.164Z] : Change(s) is detected in node_modules\lucide-react\dist\esm\icons\timer-reset.mjs.map of the Web-Client.
[info] [2026-07-25T18:04:30.164Z] : Change(s) is detected in node_modules\lucide-react\dist\esm\icons\timer.mjs.map of the Web-Client.
[info] [2026-07-25T18:04:30.164Z] : Change(s) is detected in node_modules\lucide-react\dist\esm\icons\toggle-left.mjs.map of the Web-Client.
[info] [2026-07-25T18:04:30.164Z] : Change(s) is detected in node_modules\lucide-react\dist\esm\icons\toggle-right.mjs.map of the Web-Client.
[info] [2026-07-25T18:04:30.164Z] : Change(s) is detected in node_modules\lucide-react\dist\esm\icons\toilet.mjs.map of the Web-Client.
[info] [2026-07-25T18:04:30.164Z] : Change(s) is detected in node_modules\lucide-react\dist\esm\icons\tool-case.mjs.map of the Web-Client.
[info] [2026-07-25T18:04:30.164Z] : Change(s) is detected in node_modules\lucide-react\dist\esm\icons\toolbox.mjs.map of the Web-Client.
[info] [2026-07-25T18:04:30.164Z] : Change(s) is detected in node_modules\lucide-react\dist\esm\icons\tornado.mjs.map of the Web-Client.
[info] [2026-07-25T18:04:30.164Z] : Change(s) is detected in node_modules\lucide-react\dist\esm\icons\torus.mjs.map of the Web-Client.
[info] [2026-07-25T18:04:30.164Z] : Change(s) is detected in node_modules\lucide-react\dist\esm\icons\touchpad-off.mjs.map of the Web-Client.
[info] [2026-07-25T18:04:30.164Z] : Change(s) is detected in node_modules\lucide-react\dist\esm\icons\touchpad.mjs.map of the Web-Client.
[info] [2026-07-25T18:04:30.165Z] : Change(s) is detected in node_modules\lucide-react\dist\esm\icons\towel-rack.mjs.map of the Web-Client.
[info] [2026-07-25T18:04:30.165Z] : Change(s) is detected in node_modules\lucide-react\dist\esm\icons\tower-control.mjs.map of the Web-Client.
[info] [2026-07-25T18:04:30.165Z] : Change(s) is detected in node_modules\lucide-react\dist\esm\icons\toy-brick.mjs.map of the Web-Client.
[info] [2026-07-25T18:04:30.165Z] : Change(s) is detected in node_modules\lucide-react\dist\esm\icons\tractor.mjs.map of the Web-Client.
[info] [2026-07-25T18:04:30.165Z] : Change(s) is detected in node_modules\lucide-react\dist\esm\icons\traffic-cone.mjs.map of the Web-Client.
[info] [2026-07-25T18:04:30.165Z] : Change(s) is detected in node_modules\lucide-react\dist\esm\icons\train-front-tunnel.mjs.map of the Web-Client.
[info] [2026-07-25T18:04:30.165Z] : Change(s) is detected in node_modules\lucide-react\dist\esm\icons\train-front.mjs.map of the Web-Client.
[info] [2026-07-25T18:04:30.165Z] : Change(s) is detected in node_modules\lucide-react\dist\esm\icons\train-track.mjs.map of the Web-Client.
[info] [2026-07-25T18:04:30.165Z] : Change(s) is detected in node_modules\lucide-react\dist\esm\icons\train.mjs of the Web-Client.
[info] [2026-07-25T18:04:30.165Z] : Change(s) is detected in node_modules\lucide-react\dist\esm\icons\train.mjs.map of the Web-Client.
[info] [2026-07-25T18:04:30.165Z] : Change(s) is detected in node_modules\lucide-react\dist\esm\icons\tram-front.mjs.map of the Web-Client.
[info] [2026-07-25T18:04:30.165Z] : Change(s) is detected in node_modules\lucide-react\dist\esm\icons\transgender.mjs.map of the Web-Client.
[info] [2026-07-25T18:04:30.165Z] : Change(s) is detected in node_modules\lucide-react\dist\esm\icons\trash-2.mjs.map of the Web-Client.
[info] [2026-07-25T18:04:30.165Z] : Change(s) is detected in node_modules\lucide-react\dist\esm\icons\trash.mjs.map of the Web-Client.
[info] [2026-07-25T18:04:30.165Z] : Change(s) is detected in node_modules\lucide-react\dist\esm\icons\tree-deciduous.mjs.map of the Web-Client.
[info] [2026-07-25T18:04:30.165Z] : Change(s) is detected in node_modules\lucide-react\dist\esm\icons\tree-palm.mjs.map of the Web-Client.
[info] [2026-07-25T18:04:30.165Z] : Change(s) is detected in node_modules\lucide-react\dist\esm\icons\tree-pine.mjs.map of the Web-Client.
[info] [2026-07-25T18:04:30.165Z] : Change(s) is detected in node_modules\lucide-react\dist\esm\icons\trees.mjs.map of the Web-Client.
[info] [2026-07-25T18:04:30.166Z] : Change(s) is detected in node_modules\lucide-react\dist\esm\icons\trending-down.mjs.map of the Web-Client.
[info] [2026-07-25T18:04:30.166Z] : Change(s) is detected in node_modules\lucide-react\dist\esm\icons\trending-up-down.mjs.map of the Web-Client.
[info] [2026-07-25T18:04:30.166Z] : Change(s) is detected in node_modules\lucide-react\dist\esm\icons\trending-up.mjs.map of the Web-Client.
[info] [2026-07-25T18:04:30.166Z] : Change(s) is detected in node_modules\lucide-react\dist\esm\icons\triangle-alert.mjs.map of the Web-Client.
[info] [2026-07-25T18:04:30.166Z] : Change(s) is detected in node_modules\lucide-react\dist\esm\icons\triangle-dashed.mjs.map of the Web-Client.
[info] [2026-07-25T18:04:30.166Z] : Change(s) is detected in node_modules\lucide-react\dist\esm\icons\triangle-right.mjs.map of the Web-Client.
[info] [2026-07-25T18:04:30.166Z] : Change(s) is detected in node_modules\lucide-react\dist\esm\icons\triangle.mjs.map of the Web-Client.
[info] [2026-07-25T18:04:30.166Z] : Change(s) is detected in node_modules\lucide-react\dist\esm\icons\trophy.mjs.map of the Web-Client.
[info] [2026-07-25T18:04:30.166Z] : Change(s) is detected in node_modules\lucide-react\dist\esm\icons\truck-electric.mjs.map of the Web-Client.
[info] [2026-07-25T18:04:30.166Z] : Change(s) is detected in node_modules\lucide-react\dist\esm\icons\truck.mjs.map of the Web-Client.
[info] [2026-07-25T18:04:30.166Z] : Change(s) is detected in node_modules\lucide-react\dist\esm\icons\turkish-lira.mjs.map of the Web-Client.
[info] [2026-07-25T18:04:30.166Z] : Change(s) is detected in node_modules\lucide-react\dist\esm\icons\turntable.mjs.map of the Web-Client.
[info] [2026-07-25T18:04:30.166Z] : Change(s) is detected in node_modules\lucide-react\dist\esm\icons\turtle.mjs.map of the Web-Client.
[info] [2026-07-25T18:04:30.166Z] : Change(s) is detected in node_modules\lucide-react\dist\esm\icons\tv-2.mjs of the Web-Client.
[info] [2026-07-25T18:04:30.166Z] : Change(s) is detected in node_modules\lucide-react\dist\esm\icons\tv-2.mjs.map of the Web-Client.
[info] [2026-07-25T18:04:30.166Z] : Change(s) is detected in node_modules\lucide-react\dist\esm\icons\tv-minimal-play.mjs.map of the Web-Client.
[info] [2026-07-25T18:04:30.166Z] : Change(s) is detected in node_modules\lucide-react\dist\esm\icons\tv-minimal.mjs.map of the Web-Client.
[info] [2026-07-25T18:04:30.166Z] : Change(s) is detected in node_modules\lucide-react\dist\esm\icons\tv.mjs.map of the Web-Client.
[info] [2026-07-25T18:04:30.166Z] : Change(s) is detected in node_modules\lucide-react\dist\esm\icons\type-outline.mjs.map of the Web-Client.
[info] [2026-07-25T18:04:30.166Z] : Change(s) is detected in node_modules\lucide-react\dist\esm\icons\type.mjs.map of the Web-Client.
[info] [2026-07-25T18:04:30.166Z] : Change(s) is detected in node_modules\lucide-react\dist\esm\icons\umbrella-off.mjs.map of the Web-Client.
[info] [2026-07-25T18:04:30.166Z] : Change(s) is detected in node_modules\lucide-react\dist\esm\icons\umbrella.mjs.map of the Web-Client.
[info] [2026-07-25T18:04:30.166Z] : Change(s) is detected in node_modules\lucide-react\dist\esm\icons\undo-2.mjs.map of the Web-Client.
[info] [2026-07-25T18:04:30.167Z] : Change(s) is detected in node_modules\lucide-react\dist\esm\icons\underline.mjs.map of the Web-Client.
[info] [2026-07-25T18:04:30.167Z] : Change(s) is detected in node_modules\lucide-react\dist\esm\icons\undo-dot.mjs.map of the Web-Client.
[info] [2026-07-25T18:04:30.167Z] : Change(s) is detected in node_modules\lucide-react\dist\esm\icons\undo.mjs.map of the Web-Client.
[info] [2026-07-25T18:04:30.167Z] : Change(s) is detected in node_modules\lucide-react\dist\esm\icons\unfold-horizontal.mjs.map of the Web-Client.
[info] [2026-07-25T18:04:30.167Z] : Change(s) is detected in node_modules\lucide-react\dist\esm\icons\unfold-vertical.mjs.map of the Web-Client.
[info] [2026-07-25T18:04:30.167Z] : Change(s) is detected in node_modules\lucide-react\dist\esm\icons\ungroup.mjs.map of the Web-Client.
[info] [2026-07-25T18:04:30.167Z] : Change(s) is detected in node_modules\lucide-react\dist\esm\icons\university.mjs.map of the Web-Client.
[info] [2026-07-25T18:04:30.167Z] : Change(s) is detected in node_modules\lucide-react\dist\esm\icons\unlink-2.mjs.map of the Web-Client.
[info] [2026-07-25T18:04:30.167Z] : Change(s) is detected in node_modules\lucide-react\dist\esm\icons\unlink.mjs.map of the Web-Client.
[info] [2026-07-25T18:04:30.167Z] : Change(s) is detected in node_modules\lucide-react\dist\esm\icons\unlock-keyhole.mjs of the Web-Client.
[info] [2026-07-25T18:04:30.168Z] : Change(s) is detected in node_modules\lucide-react\dist\esm\icons\unlock-keyhole.mjs.map of the Web-Client.
[info] [2026-07-25T18:04:30.168Z] : Change(s) is detected in node_modules\lucide-react\dist\esm\icons\unlock.mjs of the Web-Client.
[info] [2026-07-25T18:04:30.168Z] : Change(s) is detected in node_modules\lucide-react\dist\esm\icons\unlock.mjs.map of the Web-Client.
[info] [2026-07-25T18:04:30.168Z] : Change(s) is detected in node_modules\lucide-react\dist\esm\icons\unplug.mjs.map of the Web-Client.
[info] [2026-07-25T18:04:30.168Z] : Change(s) is detected in node_modules\lucide-react\dist\esm\icons\upload-cloud.mjs of the Web-Client.
[info] [2026-07-25T18:04:30.168Z] : Change(s) is detected in node_modules\lucide-react\dist\esm\icons\upload-cloud.mjs.map of the Web-Client.
[info] [2026-07-25T18:04:30.168Z] : Change(s) is detected in node_modules\lucide-react\dist\esm\icons\upload.mjs.map of the Web-Client.
[info] [2026-07-25T18:04:30.168Z] : Change(s) is detected in node_modules\lucide-react\dist\esm\icons\usb.mjs.map of the Web-Client.
[info] [2026-07-25T18:04:30.168Z] : Change(s) is detected in node_modules\lucide-react\dist\esm\icons\user-2.mjs of the Web-Client.
[info] [2026-07-25T18:04:30.168Z] : Change(s) is detected in node_modules\lucide-react\dist\esm\icons\user-2.mjs.map of the Web-Client.
[info] [2026-07-25T18:04:30.168Z] : Change(s) is detected in node_modules\lucide-react\dist\esm\icons\user-check-2.mjs of the Web-Client.
[info] [2026-07-25T18:04:30.168Z] : Change(s) is detected in node_modules\lucide-react\dist\esm\icons\user-check-2.mjs.map of the Web-Client.
[info] [2026-07-25T18:04:30.168Z] : Change(s) is detected in node_modules\lucide-react\dist\esm\icons\user-check.mjs.map of the Web-Client.
[info] [2026-07-25T18:04:30.168Z] : Change(s) is detected in node_modules\lucide-react\dist\esm\icons\user-circle-2.mjs of the Web-Client.
[info] [2026-07-25T18:04:30.168Z] : Change(s) is detected in node_modules\lucide-react\dist\esm\icons\user-circle-2.mjs.map of the Web-Client.
[info] [2026-07-25T18:04:30.168Z] : Change(s) is detected in node_modules\lucide-react\dist\esm\icons\user-circle.mjs of the Web-Client.
[info] [2026-07-25T18:04:30.168Z] : Change(s) is detected in node_modules\lucide-react\dist\esm\icons\user-cog-2.mjs of the Web-Client.
[info] [2026-07-25T18:04:30.168Z] : Change(s) is detected in node_modules\lucide-react\dist\esm\icons\user-cog-2.mjs.map of the Web-Client.
[info] [2026-07-25T18:04:30.168Z] : Change(s) is detected in node_modules\lucide-react\dist\esm\icons\user-circle.mjs.map of the Web-Client.
[info] [2026-07-25T18:04:30.168Z] : Change(s) is detected in node_modules\lucide-react\dist\esm\icons\user-cog.mjs.map of the Web-Client.
[info] [2026-07-25T18:04:30.168Z] : Change(s) is detected in node_modules\lucide-react\dist\esm\icons\user-key.mjs.map of the Web-Client.
[info] [2026-07-25T18:04:30.168Z] : Change(s) is detected in node_modules\lucide-react\dist\esm\icons\user-lock.mjs.map of the Web-Client.
[info] [2026-07-25T18:04:30.169Z] : Change(s) is detected in node_modules\lucide-react\dist\esm\icons\user-minus-2.mjs of the Web-Client.
[info] [2026-07-25T18:04:30.169Z] : Change(s) is detected in node_modules\lucide-react\dist\esm\icons\user-minus-2.mjs.map of the Web-Client.
[info] [2026-07-25T18:04:30.169Z] : Change(s) is detected in node_modules\lucide-react\dist\esm\icons\user-minus.mjs.map of the Web-Client.
[info] [2026-07-25T18:04:30.169Z] : Change(s) is detected in node_modules\lucide-react\dist\esm\icons\user-pen.mjs.map of the Web-Client.
[info] [2026-07-25T18:04:30.169Z] : Change(s) is detected in node_modules\lucide-react\dist\esm\icons\user-plus-2.mjs of the Web-Client.
[info] [2026-07-25T18:04:30.169Z] : Change(s) is detected in node_modules\lucide-react\dist\esm\icons\user-plus-2.mjs.map of the Web-Client.
[info] [2026-07-25T18:04:30.169Z] : Change(s) is detected in node_modules\lucide-react\dist\esm\icons\user-plus.mjs.map of the Web-Client.
[info] [2026-07-25T18:04:30.169Z] : Change(s) is detected in node_modules\lucide-react\dist\esm\icons\user-round-check.mjs.map of the Web-Client.
[info] [2026-07-25T18:04:30.169Z] : Change(s) is detected in node_modules\lucide-react\dist\esm\icons\user-round-arrow-left.mjs.map of the Web-Client.
[info] [2026-07-25T18:04:30.169Z] : Change(s) is detected in node_modules\lucide-react\dist\esm\icons\user-round-cog.mjs.map of the Web-Client.
[info] [2026-07-25T18:04:30.169Z] : Change(s) is detected in node_modules\lucide-react\dist\esm\icons\user-round-key.mjs.map of the Web-Client.
[info] [2026-07-25T18:04:30.169Z] : Change(s) is detected in node_modules\lucide-react\dist\esm\icons\user-round-minus.mjs.map of the Web-Client.
[info] [2026-07-25T18:04:30.169Z] : Change(s) is detected in node_modules\lucide-react\dist\esm\icons\user-round-pen.mjs.map of the Web-Client.
[info] [2026-07-25T18:04:30.169Z] : Change(s) is detected in node_modules\lucide-react\dist\esm\icons\user-round-plus.mjs.map of the Web-Client.
[info] [2026-07-25T18:04:30.169Z] : Change(s) is detected in node_modules\lucide-react\dist\esm\icons\user-round-search.mjs.map of the Web-Client.
[info] [2026-07-25T18:04:30.169Z] : Change(s) is detected in node_modules\lucide-react\dist\esm\icons\user-round-x.mjs.map of the Web-Client.
[info] [2026-07-25T18:04:30.169Z] : Change(s) is detected in node_modules\lucide-react\dist\esm\icons\user-round.mjs.map of the Web-Client.
[info] [2026-07-25T18:04:30.169Z] : Change(s) is detected in node_modules\lucide-react\dist\esm\icons\user-search.mjs.map of the Web-Client.
[info] [2026-07-25T18:04:30.169Z] : Change(s) is detected in node_modules\lucide-react\dist\esm\icons\user-square-2.mjs of the Web-Client.
[info] [2026-07-25T18:04:30.169Z] : Change(s) is detected in node_modules\lucide-react\dist\esm\icons\user-square-2.mjs.map of the Web-Client.
[info] [2026-07-25T18:04:30.169Z] : Change(s) is detected in node_modules\lucide-react\dist\esm\icons\user-square.mjs of the Web-Client.
[info] [2026-07-25T18:04:30.169Z] : Change(s) is detected in node_modules\lucide-react\dist\esm\icons\user-square.mjs.map of the Web-Client.
[info] [2026-07-25T18:04:30.170Z] : Change(s) is detected in node_modules\lucide-react\dist\esm\icons\user-star.mjs.map of the Web-Client.
[info] [2026-07-25T18:04:30.170Z] : Change(s) is detected in node_modules\lucide-react\dist\esm\icons\user-x-2.mjs of the Web-Client.
[info] [2026-07-25T18:04:30.170Z] : Change(s) is detected in node_modules\lucide-react\dist\esm\icons\user-x.mjs.map of the Web-Client.
[info] [2026-07-25T18:04:30.170Z] : Change(s) is detected in node_modules\lucide-react\dist\esm\icons\user-x-2.mjs.map of the Web-Client.
[info] [2026-07-25T18:04:30.170Z] : Change(s) is detected in node_modules\lucide-react\dist\esm\icons\users-2.mjs of the Web-Client.
[info] [2026-07-25T18:04:30.170Z] : Change(s) is detected in node_modules\lucide-react\dist\esm\icons\users-2.mjs.map of the Web-Client.
[info] [2026-07-25T18:04:30.170Z] : Change(s) is detected in node_modules\lucide-react\dist\esm\icons\user.mjs.map of the Web-Client.
[info] [2026-07-25T18:04:30.170Z] : Change(s) is detected in node_modules\lucide-react\dist\esm\icons\users.mjs.map of the Web-Client.
[info] [2026-07-25T18:04:30.170Z] : Change(s) is detected in node_modules\lucide-react\dist\esm\icons\users-round.mjs.map of the Web-Client.
[info] [2026-07-25T18:04:30.171Z] : Change(s) is detected in node_modules\lucide-react\dist\esm\icons\utensils-crossed.mjs.map of the Web-Client.
[info] [2026-07-25T18:04:30.171Z] : Change(s) is detected in node_modules\lucide-react\dist\esm\icons\utensils.mjs.map of the Web-Client.
[info] [2026-07-25T18:04:30.171Z] : Change(s) is detected in node_modules\lucide-react\dist\esm\icons\utility-pole.mjs.map of the Web-Client.
[info] [2026-07-25T18:04:30.171Z] : Change(s) is detected in node_modules\lucide-react\dist\esm\icons\van.mjs.map of the Web-Client.
[info] [2026-07-25T18:04:30.171Z] : Change(s) is detected in node_modules\lucide-react\dist\esm\icons\vault.mjs.map of the Web-Client.
[info] [2026-07-25T18:04:30.171Z] : Change(s) is detected in node_modules\lucide-react\dist\esm\icons\variable.mjs.map of the Web-Client.
[info] [2026-07-25T18:04:30.171Z] : Change(s) is detected in node_modules\lucide-react\dist\esm\icons\vector-square.mjs.map of the Web-Client.
[info] [2026-07-25T18:04:30.171Z] : Change(s) is detected in node_modules\lucide-react\dist\esm\icons\vegan.mjs.map of the Web-Client.
[info] [2026-07-25T18:04:30.171Z] : Change(s) is detected in node_modules\lucide-react\dist\esm\icons\venus-and-mars.mjs.map of the Web-Client.
[info] [2026-07-25T18:04:30.171Z] : Change(s) is detected in node_modules\lucide-react\dist\esm\icons\venetian-mask.mjs.map of the Web-Client.
[info] [2026-07-25T18:04:30.171Z] : Change(s) is detected in node_modules\lucide-react\dist\esm\icons\venus.mjs.map of the Web-Client.
[info] [2026-07-25T18:04:30.171Z] : Change(s) is detected in node_modules\lucide-react\dist\esm\icons\verified.mjs.map of the Web-Client.
[info] [2026-07-25T18:04:30.171Z] : Change(s) is detected in node_modules\lucide-react\dist\esm\icons\verified.mjs of the Web-Client.
[info] [2026-07-25T18:04:30.172Z] : Change(s) is detected in node_modules\lucide-react\dist\esm\icons\vibrate-off.mjs.map of the Web-Client.
[info] [2026-07-25T18:04:30.172Z] : Change(s) is detected in node_modules\lucide-react\dist\esm\icons\vibrate.mjs.map of the Web-Client.
[info] [2026-07-25T18:04:30.172Z] : Change(s) is detected in node_modules\lucide-react\dist\esm\icons\video-off.mjs.map of the Web-Client.
[info] [2026-07-25T18:04:30.172Z] : Change(s) is detected in node_modules\lucide-react\dist\esm\icons\videotape.mjs.map of the Web-Client.
[info] [2026-07-25T18:04:30.172Z] : Change(s) is detected in node_modules\lucide-react\dist\esm\icons\video.mjs.map of the Web-Client.
[info] [2026-07-25T18:04:30.172Z] : Change(s) is detected in node_modules\lucide-react\dist\esm\icons\view.mjs.map of the Web-Client.
[info] [2026-07-25T18:04:30.172Z] : Change(s) is detected in node_modules\lucide-react\dist\esm\icons\voicemail.mjs.map of the Web-Client.
[info] [2026-07-25T18:04:30.172Z] : Change(s) is detected in node_modules\lucide-react\dist\esm\icons\volleyball.mjs.map of the Web-Client.
[info] [2026-07-25T18:04:30.172Z] : Change(s) is detected in node_modules\lucide-react\dist\esm\icons\volume-1.mjs.map of the Web-Client.
[info] [2026-07-25T18:04:30.172Z] : Change(s) is detected in node_modules\lucide-react\dist\esm\icons\volume-2.mjs.map of the Web-Client.
[info] [2026-07-25T18:04:30.172Z] : Change(s) is detected in node_modules\lucide-react\dist\esm\icons\volume-off.mjs.map of the Web-Client.
[info] [2026-07-25T18:04:30.172Z] : Change(s) is detected in node_modules\lucide-react\dist\esm\icons\volume-x.mjs.map of the Web-Client.
[info] [2026-07-25T18:04:30.172Z] : Change(s) is detected in node_modules\lucide-react\dist\esm\icons\volume.mjs.map of the Web-Client.
[info] [2026-07-25T18:04:30.172Z] : Change(s) is detected in node_modules\lucide-react\dist\esm\icons\vote.mjs.map of the Web-Client.
[info] [2026-07-25T18:04:30.172Z] : Change(s) is detected in node_modules\lucide-react\dist\esm\icons\wallet-2.mjs of the Web-Client.
[info] [2026-07-25T18:04:30.172Z] : Change(s) is detected in node_modules\lucide-react\dist\esm\icons\wallet-2.mjs.map of the Web-Client.
[info] [2026-07-25T18:04:30.172Z] : Change(s) is detected in node_modules\lucide-react\dist\esm\icons\wallet-cards.mjs.map of the Web-Client.
[info] [2026-07-25T18:04:30.172Z] : Change(s) is detected in node_modules\lucide-react\dist\esm\icons\wallet-minimal.mjs.map of the Web-Client.
[info] [2026-07-25T18:04:30.172Z] : Change(s) is detected in node_modules\lucide-react\dist\esm\icons\wallet.mjs.map of the Web-Client.
[info] [2026-07-25T18:04:30.172Z] : Change(s) is detected in node_modules\lucide-react\dist\esm\icons\wallpaper.mjs.map of the Web-Client.
[info] [2026-07-25T18:04:30.172Z] : Change(s) is detected in node_modules\lucide-react\dist\esm\icons\wand-2.mjs of the Web-Client.
[info] [2026-07-25T18:04:30.172Z] : Change(s) is detected in node_modules\lucide-react\dist\esm\icons\wand-2.mjs.map of the Web-Client.
[info] [2026-07-25T18:04:30.172Z] : Change(s) is detected in node_modules\lucide-react\dist\esm\icons\wand-sparkles.mjs.map of the Web-Client.
[info] [2026-07-25T18:04:30.172Z] : Change(s) is detected in node_modules\lucide-react\dist\esm\icons\wand.mjs.map of the Web-Client.
[info] [2026-07-25T18:04:30.172Z] : Change(s) is detected in node_modules\lucide-react\dist\esm\icons\warehouse.mjs.map of the Web-Client.
[info] [2026-07-25T18:04:30.172Z] : Change(s) is detected in node_modules\lucide-react\dist\esm\icons\washing-machine.mjs.map of the Web-Client.
[info] [2026-07-25T18:04:30.173Z] : Change(s) is detected in node_modules\lucide-react\dist\esm\icons\watch.mjs.map of the Web-Client.
[info] [2026-07-25T18:04:30.173Z] : Change(s) is detected in node_modules\lucide-react\dist\esm\icons\waves-arrow-down.mjs.map of the Web-Client.
[info] [2026-07-25T18:04:30.173Z] : Change(s) is detected in node_modules\lucide-react\dist\esm\icons\waves-arrow-up.mjs.map of the Web-Client.
[info] [2026-07-25T18:04:30.173Z] : Change(s) is detected in node_modules\lucide-react\dist\esm\icons\waves-horizontal.mjs.map of the Web-Client.
[info] [2026-07-25T18:04:30.173Z] : Change(s) is detected in node_modules\lucide-react\dist\esm\icons\waves-ladder.mjs.map of the Web-Client.
[info] [2026-07-25T18:04:30.173Z] : Change(s) is detected in node_modules\lucide-react\dist\esm\icons\waves-vertical.mjs.map of the Web-Client.
[info] [2026-07-25T18:04:30.173Z] : Change(s) is detected in node_modules\lucide-react\dist\esm\icons\waves.mjs of the Web-Client.
[info] [2026-07-25T18:04:30.173Z] : Change(s) is detected in node_modules\lucide-react\dist\esm\icons\waves.mjs.map of the Web-Client.
[info] [2026-07-25T18:04:30.173Z] : Change(s) is detected in node_modules\lucide-react\dist\esm\icons\waypoints.mjs.map of the Web-Client.
[info] [2026-07-25T18:04:30.173Z] : Change(s) is detected in node_modules\lucide-react\dist\esm\icons\webcam-off.mjs.map of the Web-Client.
[info] [2026-07-25T18:04:30.173Z] : Change(s) is detected in node_modules\lucide-react\dist\esm\icons\webcam.mjs.map of the Web-Client.
[info] [2026-07-25T18:04:30.173Z] : Change(s) is detected in node_modules\lucide-react\dist\esm\icons\webhook-off.mjs.map of the Web-Client.
[info] [2026-07-25T18:04:30.173Z] : Change(s) is detected in node_modules\lucide-react\dist\esm\icons\webhook.mjs.map of the Web-Client.
[info] [2026-07-25T18:04:30.173Z] : Change(s) is detected in node_modules\lucide-react\dist\esm\icons\weight-tilde.mjs.map of the Web-Client.
[info] [2026-07-25T18:04:30.173Z] : Change(s) is detected in node_modules\lucide-react\dist\esm\icons\weight.mjs.map of the Web-Client.
[info] [2026-07-25T18:04:30.175Z] : Change(s) is detected in node_modules\lucide-react\dist\esm\icons\wheat-off.mjs.map of the Web-Client.
[info] [2026-07-25T18:04:30.175Z] : Change(s) is detected in node_modules\lucide-react\dist\esm\icons\wheat.mjs.map of the Web-Client.
[info] [2026-07-25T18:04:30.175Z] : Change(s) is detected in node_modules\lucide-react\dist\esm\icons\whole-word.mjs.map of the Web-Client.
[info] [2026-07-25T18:04:30.175Z] : Change(s) is detected in node_modules\lucide-react\dist\esm\icons\wifi-cog.mjs.map of the Web-Client.
[info] [2026-07-25T18:04:30.175Z] : Change(s) is detected in node_modules\lucide-react\dist\esm\icons\wifi-high.mjs.map of the Web-Client.
[info] [2026-07-25T18:04:30.175Z] : Change(s) is detected in node_modules\lucide-react\dist\esm\icons\wifi-low.mjs.map of the Web-Client.
[info] [2026-07-25T18:04:30.175Z] : Change(s) is detected in node_modules\lucide-react\dist\esm\icons\wifi-off.mjs.map of the Web-Client.
[info] [2026-07-25T18:04:30.175Z] : Change(s) is detected in node_modules\lucide-react\dist\esm\icons\wifi-pen.mjs.map of the Web-Client.
[info] [2026-07-25T18:04:30.175Z] : Change(s) is detected in node_modules\lucide-react\dist\esm\icons\wifi-sync.mjs.map of the Web-Client.
[info] [2026-07-25T18:04:30.175Z] : Change(s) is detected in node_modules\lucide-react\dist\esm\icons\wifi-zero.mjs.map of the Web-Client.
[info] [2026-07-25T18:04:30.175Z] : Change(s) is detected in node_modules\lucide-react\dist\esm\icons\wind-arrow-down.mjs.map of the Web-Client.
[info] [2026-07-25T18:04:30.175Z] : Change(s) is detected in node_modules\lucide-react\dist\esm\icons\wifi.mjs.map of the Web-Client.
[info] [2026-07-25T18:04:30.175Z] : Change(s) is detected in node_modules\lucide-react\dist\esm\icons\wind.mjs.map of the Web-Client.
[info] [2026-07-25T18:04:30.175Z] : Change(s) is detected in node_modules\lucide-react\dist\esm\icons\wine-off.mjs.map of the Web-Client.
[info] [2026-07-25T18:04:30.175Z] : Change(s) is detected in node_modules\lucide-react\dist\esm\icons\wine.mjs.map of the Web-Client.
[info] [2026-07-25T18:04:30.175Z] : Change(s) is detected in node_modules\lucide-react\dist\esm\icons\workflow.mjs.map of the Web-Client.
[info] [2026-07-25T18:04:30.175Z] : Change(s) is detected in node_modules\lucide-react\dist\esm\icons\worm.mjs.map of the Web-Client.
[info] [2026-07-25T18:04:30.175Z] : Change(s) is detected in node_modules\lucide-react\dist\esm\icons\wrap-text.mjs of the Web-Client.
[info] [2026-07-25T18:04:30.175Z] : Change(s) is detected in node_modules\lucide-react\dist\esm\icons\wrap-text.mjs.map of the Web-Client.
[info] [2026-07-25T18:04:30.175Z] : Change(s) is detected in node_modules\lucide-react\dist\esm\icons\wrench-off.mjs.map of the Web-Client.
[info] [2026-07-25T18:04:30.175Z] : Change(s) is detected in node_modules\lucide-react\dist\esm\icons\wrench.mjs.map of the Web-Client.
[info] [2026-07-25T18:04:30.175Z] : Change(s) is detected in node_modules\lucide-react\dist\esm\icons\x-circle.mjs of the Web-Client.
[info] [2026-07-25T18:04:30.175Z] : Change(s) is detected in node_modules\lucide-react\dist\esm\icons\x-circle.mjs.map of the Web-Client.
[info] [2026-07-25T18:04:30.175Z] : Change(s) is detected in node_modules\lucide-react\dist\esm\icons\x-line-top.mjs.map of the Web-Client.
[info] [2026-07-25T18:04:30.175Z] : Change(s) is detected in node_modules\lucide-react\dist\esm\icons\x-octagon.mjs of the Web-Client.
[info] [2026-07-25T18:04:30.175Z] : Change(s) is detected in node_modules\lucide-react\dist\esm\icons\x-octagon.mjs.map of the Web-Client.
[info] [2026-07-25T18:04:30.175Z] : Change(s) is detected in node_modules\lucide-react\dist\esm\icons\x-square.mjs of the Web-Client.
[info] [2026-07-25T18:04:30.175Z] : Change(s) is detected in node_modules\lucide-react\dist\esm\icons\x-square.mjs.map of the Web-Client.
[info] [2026-07-25T18:04:30.175Z] : Change(s) is detected in node_modules\lucide-react\dist\esm\icons\x.mjs.map of the Web-Client.
[info] [2026-07-25T18:04:30.175Z] : Change(s) is detected in node_modules\lucide-react\dist\esm\icons\zap-off.mjs.map of the Web-Client.
[info] [2026-07-25T18:04:30.175Z] : Change(s) is detected in node_modules\lucide-react\dist\esm\icons\zap.mjs.map of the Web-Client.
[info] [2026-07-25T18:04:30.175Z] : Change(s) is detected in node_modules\lucide-react\dist\esm\icons\zodiac-aquarius.mjs.map of the Web-Client.
[info] [2026-07-25T18:04:30.175Z] : Change(s) is detected in node_modules\lucide-react\dist\esm\icons\zodiac-aries.mjs.map of the Web-Client.
[info] [2026-07-25T18:04:30.175Z] : Change(s) is detected in node_modules\lucide-react\dist\esm\icons\zodiac-cancer.mjs.map of the Web-Client.
[info] [2026-07-25T18:04:30.175Z] : Change(s) is detected in node_modules\lucide-react\dist\esm\icons\zodiac-capricorn.mjs.map of the Web-Client.
[info] [2026-07-25T18:04:30.175Z] : Change(s) is detected in node_modules\lucide-react\dist\esm\icons\zodiac-gemini.mjs.map of the Web-Client.
[info] [2026-07-25T18:04:30.175Z] : Change(s) is detected in node_modules\lucide-react\dist\esm\icons\zodiac-leo.mjs.map of the Web-Client.
[info] [2026-07-25T18:04:30.175Z] : Change(s) is detected in node_modules\lucide-react\dist\esm\icons\zodiac-libra.mjs.map of the Web-Client.
[info] [2026-07-25T18:04:30.175Z] : Change(s) is detected in node_modules\lucide-react\dist\esm\icons\zodiac-ophiuchus.mjs.map of the Web-Client.
[info] [2026-07-25T18:04:30.175Z] : Change(s) is detected in node_modules\lucide-react\dist\esm\icons\zodiac-pisces.mjs.map of the Web-Client.
[info] [2026-07-25T18:04:30.175Z] : Change(s) is detected in node_modules\lucide-react\dist\esm\icons\zodiac-sagittarius.mjs.map of the Web-Client.
[info] [2026-07-25T18:04:30.176Z] : Change(s) is detected in node_modules\lucide-react\dist\esm\icons\zodiac-taurus.mjs.map of the Web-Client.
[info] [2026-07-25T18:04:30.176Z] : Change(s) is detected in node_modules\lucide-react\dist\esm\icons\zodiac-scorpio.mjs.map of the Web-Client.
[info] [2026-07-25T18:04:30.176Z] : Change(s) is detected in node_modules\lucide-react\dist\esm\icons\zodiac-virgo.mjs.map of the Web-Client.
[info] [2026-07-25T18:04:30.176Z] : Change(s) is detected in node_modules\lucide-react\dist\esm\icons\zoom-in.mjs.map of the Web-Client.
[info] [2026-07-25T18:04:30.176Z] : Change(s) is detected in node_modules\lucide-react\dist\esm\icons\zoom-out.mjs.map of the Web-Client.
[info] [2026-07-25T18:04:30.176Z] : Change(s) is detected in node_modules\lucide-react\dist\esm\icons\a-arrow-down.mjs.map of the Web-Client.
[info] [2026-07-25T18:04:30.176Z] : Change(s) is detected in node_modules\lucide-react\dist\esm\icons\a-arrow-up.mjs.map of the Web-Client.
[info] [2026-07-25T18:04:30.176Z] : Change(s) is detected in node_modules\lucide-react\dist\esm\icons\a-large-small.mjs.map of the Web-Client.
[info] [2026-07-25T18:04:30.176Z] : Change(s) is detected in node_modules\lucide-react\dist\esm\icons\accessibility.mjs.map of the Web-Client.
[info] [2026-07-25T18:04:30.177Z] : Change(s) is detected in node_modules\lucide-react\dist\esm\icons\activity-square.mjs.map of the Web-Client.
[info] [2026-07-25T18:04:30.177Z] : Change(s) is detected in node_modules\lucide-react\dist\esm\icons\activity-square.mjs of the Web-Client.
[info] [2026-07-25T18:04:30.177Z] : Change(s) is detected in node_modules\lucide-react\dist\esm\icons\activity.mjs.map of the Web-Client.
[info] [2026-07-25T18:04:30.177Z] : Change(s) is detected in node_modules\lucide-react\dist\esm\icons\ad.mjs.map of the Web-Client.
[info] [2026-07-25T18:04:30.177Z] : Change(s) is detected in node_modules\lucide-react\dist\esm\icons\air-vent.mjs.map of the Web-Client.
[info] [2026-07-25T18:04:30.177Z] : Change(s) is detected in node_modules\lucide-react\dist\esm\icons\airplay.mjs.map of the Web-Client.
[info] [2026-07-25T18:04:30.177Z] : Change(s) is detected in node_modules\lucide-react\dist\esm\icons\alarm-check.mjs.map of the Web-Client.
[info] [2026-07-25T18:04:30.177Z] : Change(s) is detected in node_modules\lucide-react\dist\esm\icons\alarm-check.mjs of the Web-Client.
[info] [2026-07-25T18:04:30.177Z] : Change(s) is detected in node_modules\lucide-react\dist\esm\icons\alarm-clock-check.mjs.map of the Web-Client.
[info] [2026-07-25T18:04:30.177Z] : Change(s) is detected in node_modules\lucide-react\dist\esm\icons\alarm-clock-off.mjs.map of the Web-Client.
[info] [2026-07-25T18:04:30.177Z] : Change(s) is detected in node_modules\lucide-react\dist\esm\icons\alarm-clock-minus.mjs.map of the Web-Client.
[info] [2026-07-25T18:04:30.177Z] : Change(s) is detected in node_modules\lucide-react\dist\esm\icons\alarm-clock-plus.mjs.map of the Web-Client.
[info] [2026-07-25T18:04:30.177Z] : Change(s) is detected in node_modules\lucide-react\dist\esm\icons\alarm-clock.mjs.map of the Web-Client.
[info] [2026-07-25T18:04:30.177Z] : Change(s) is detected in node_modules\lucide-react\dist\esm\icons\alarm-minus.mjs of the Web-Client.
[info] [2026-07-25T18:04:30.177Z] : Change(s) is detected in node_modules\lucide-react\dist\esm\icons\alarm-plus.mjs of the Web-Client.
[info] [2026-07-25T18:04:30.177Z] : Change(s) is detected in node_modules\lucide-react\dist\esm\icons\alarm-minus.mjs.map of the Web-Client.
[info] [2026-07-25T18:04:30.177Z] : Change(s) is detected in node_modules\lucide-react\dist\esm\icons\alarm-smoke.mjs.map of the Web-Client.
[info] [2026-07-25T18:04:30.177Z] : Change(s) is detected in node_modules\lucide-react\dist\esm\icons\alert-circle.mjs of the Web-Client.
[info] [2026-07-25T18:04:30.177Z] : Change(s) is detected in node_modules\lucide-react\dist\esm\icons\alarm-plus.mjs.map of the Web-Client.
[info] [2026-07-25T18:04:30.177Z] : Change(s) is detected in node_modules\lucide-react\dist\esm\icons\album.mjs.map of the Web-Client.
[info] [2026-07-25T18:04:30.177Z] : Change(s) is detected in node_modules\lucide-react\dist\esm\icons\alert-triangle.mjs of the Web-Client.
[info] [2026-07-25T18:04:30.177Z] : Change(s) is detected in node_modules\lucide-react\dist\esm\icons\alert-circle.mjs.map of the Web-Client.
[info] [2026-07-25T18:04:30.178Z] : Change(s) is detected in node_modules\lucide-react\dist\esm\icons\alert-octagon.mjs.map of the Web-Client.
[info] [2026-07-25T18:04:30.178Z] : Change(s) is detected in node_modules\lucide-react\dist\esm\icons\alert-octagon.mjs of the Web-Client.
[info] [2026-07-25T18:04:30.178Z] : Change(s) is detected in node_modules\lucide-react\dist\esm\icons\alert-triangle.mjs.map of the Web-Client.
[info] [2026-07-25T18:04:30.178Z] : Change(s) is detected in node_modules\lucide-react\dist\esm\icons\align-center-horizontal.mjs.map of the Web-Client.
[info] [2026-07-25T18:04:30.178Z] : Change(s) is detected in node_modules\lucide-react\dist\esm\icons\align-center.mjs of the Web-Client.
[info] [2026-07-25T18:04:30.178Z] : Change(s) is detected in node_modules\lucide-react\dist\esm\icons\align-center-vertical.mjs.map of the Web-Client.
[info] [2026-07-25T18:04:30.178Z] : Change(s) is detected in node_modules\lucide-react\dist\esm\icons\align-center.mjs.map of the Web-Client.
[info] [2026-07-25T18:04:30.178Z] : Change(s) is detected in node_modules\lucide-react\dist\esm\icons\align-end-horizontal.mjs.map of the Web-Client.
[info] [2026-07-25T18:04:30.178Z] : Change(s) is detected in node_modules\lucide-react\dist\esm\icons\align-horizontal-distribute-end.mjs.map of the Web-Client.
[info] [2026-07-25T18:04:30.178Z] : Change(s) is detected in node_modules\lucide-react\dist\esm\icons\align-end-vertical.mjs.map of the Web-Client.
[info] [2026-07-25T18:04:30.178Z] : Change(s) is detected in node_modules\lucide-react\dist\esm\icons\align-horizontal-distribute-center.mjs.map of the Web-Client.
[info] [2026-07-25T18:04:30.178Z] : Change(s) is detected in node_modules\lucide-react\dist\esm\icons\align-horizontal-distribute-start.mjs.map of the Web-Client.
[info] [2026-07-25T18:04:30.178Z] : Change(s) is detected in node_modules\lucide-react\dist\esm\icons\align-horizontal-justify-center.mjs.map of the Web-Client.
[info] [2026-07-25T18:04:30.178Z] : Change(s) is detected in node_modules\lucide-react\dist\esm\icons\align-horizontal-justify-end.mjs.map of the Web-Client.
[info] [2026-07-25T18:04:30.178Z] : Change(s) is detected in node_modules\lucide-react\dist\esm\icons\align-horizontal-justify-start.mjs.map of the Web-Client.
[info] [2026-07-25T18:04:30.178Z] : Change(s) is detected in node_modules\lucide-react\dist\esm\icons\align-horizontal-space-around.mjs.map of the Web-Client.
[info] [2026-07-25T18:04:30.178Z] : Change(s) is detected in node_modules\lucide-react\dist\esm\icons\align-justify.mjs.map of the Web-Client.
[info] [2026-07-25T18:04:30.178Z] : Change(s) is detected in node_modules\lucide-react\dist\esm\icons\align-horizontal-space-between.mjs.map of the Web-Client.
[info] [2026-07-25T18:04:30.178Z] : Change(s) is detected in node_modules\lucide-react\dist\esm\icons\align-left.mjs of the Web-Client.
[info] [2026-07-25T18:04:30.178Z] : Change(s) is detected in node_modules\lucide-react\dist\esm\icons\align-justify.mjs of the Web-Client.
[info] [2026-07-25T18:04:30.178Z] : Change(s) is detected in node_modules\lucide-react\dist\esm\icons\align-right.mjs.map of the Web-Client.
[info] [2026-07-25T18:04:30.178Z] : Change(s) is detected in node_modules\lucide-react\dist\esm\icons\align-start-horizontal.mjs.map of the Web-Client.
[info] [2026-07-25T18:04:30.178Z] : Change(s) is detected in node_modules\lucide-react\dist\esm\icons\align-left.mjs.map of the Web-Client.
[info] [2026-07-25T18:04:30.178Z] : Change(s) is detected in node_modules\lucide-react\dist\esm\icons\align-right.mjs of the Web-Client.
[info] [2026-07-25T18:04:30.178Z] : Change(s) is detected in node_modules\lucide-react\dist\esm\icons\align-start-vertical.mjs.map of the Web-Client.
[info] [2026-07-25T18:04:30.178Z] : Change(s) is detected in node_modules\lucide-react\dist\esm\icons\align-vertical-distribute-center.mjs.map of the Web-Client.
[info] [2026-07-25T18:04:30.178Z] : Change(s) is detected in node_modules\lucide-react\dist\esm\icons\align-vertical-distribute-end.mjs.map of the Web-Client.
[info] [2026-07-25T18:04:30.178Z] : Change(s) is detected in node_modules\lucide-react\dist\esm\icons\align-vertical-justify-end.mjs.map of the Web-Client.
[info] [2026-07-25T18:04:30.178Z] : Change(s) is detected in node_modules\lucide-react\dist\esm\icons\align-vertical-justify-center.mjs.map of the Web-Client.
[info] [2026-07-25T18:04:30.178Z] : Change(s) is detected in node_modules\lucide-react\dist\esm\icons\align-vertical-distribute-start.mjs.map of the Web-Client.
[info] [2026-07-25T18:04:30.178Z] : Change(s) is detected in node_modules\lucide-react\dist\esm\icons\align-vertical-justify-start.mjs.map of the Web-Client.
[info] [2026-07-25T18:04:30.179Z] : Change(s) is detected in node_modules\lucide-react\dist\esm\icons\align-vertical-space-around.mjs.map of the Web-Client.
[info] [2026-07-25T18:04:30.179Z] : Change(s) is detected in node_modules\lucide-react\dist\esm\icons\ambulance.mjs.map of the Web-Client.
[info] [2026-07-25T18:04:30.179Z] : Change(s) is detected in node_modules\lucide-react\dist\esm\icons\align-vertical-space-between.mjs.map of the Web-Client.
[info] [2026-07-25T18:04:30.179Z] : Change(s) is detected in node_modules\lucide-react\dist\esm\icons\ampersand.mjs.map of the Web-Client.
[info] [2026-07-25T18:04:30.179Z] : Change(s) is detected in node_modules\lucide-react\dist\esm\icons\amphora.mjs.map of the Web-Client.
[info] [2026-07-25T18:04:30.179Z] : Change(s) is detected in node_modules\lucide-react\dist\esm\icons\ampersands.mjs.map of the Web-Client.
[info] [2026-07-25T18:04:30.179Z] : Change(s) is detected in node_modules\lucide-react\dist\esm\icons\anchor.mjs.map of the Web-Client.
[info] [2026-07-25T18:04:30.179Z] : Change(s) is detected in node_modules\lucide-react\dist\esm\icons\angry.mjs.map of the Web-Client.
[info] [2026-07-25T18:04:30.179Z] : Change(s) is detected in node_modules\lucide-react\dist\esm\icons\annoyed.mjs.map of the Web-Client.
[info] [2026-07-25T18:04:30.179Z] : Change(s) is detected in node_modules\lucide-react\dist\esm\icons\anvil.mjs.map of the Web-Client.
[info] [2026-07-25T18:04:30.179Z] : Change(s) is detected in node_modules\lucide-react\dist\esm\icons\antenna.mjs.map of the Web-Client.
[info] [2026-07-25T18:04:30.180Z] : Change(s) is detected in node_modules\lucide-react\dist\esm\icons\aperture.mjs.map of the Web-Client.
[info] [2026-07-25T18:04:30.180Z] : Change(s) is detected in node_modules\lucide-react\dist\esm\icons\app-window.mjs.map of the Web-Client.
[info] [2026-07-25T18:04:30.180Z] : Change(s) is detected in node_modules\lucide-react\dist\esm\icons\apple.mjs.map of the Web-Client.
[info] [2026-07-25T18:04:30.180Z] : Change(s) is detected in node_modules\lucide-react\dist\esm\icons\app-window-mac.mjs.map of the Web-Client.
[info] [2026-07-25T18:04:30.180Z] : Change(s) is detected in node_modules\lucide-react\dist\esm\icons\archive-restore.mjs.map of the Web-Client.
[info] [2026-07-25T18:04:30.180Z] : Change(s) is detected in node_modules\lucide-react\dist\esm\icons\archive-x.mjs.map of the Web-Client.
[info] [2026-07-25T18:04:30.180Z] : Change(s) is detected in node_modules\lucide-react\dist\esm\icons\archive.mjs.map of the Web-Client.
[info] [2026-07-25T18:04:30.180Z] : Change(s) is detected in node_modules\lucide-react\dist\esm\icons\area-chart.mjs of the Web-Client.
[info] [2026-07-25T18:04:30.180Z] : Change(s) is detected in node_modules\lucide-react\dist\esm\icons\armchair.mjs.map of the Web-Client.
[info] [2026-07-25T18:04:30.180Z] : Change(s) is detected in node_modules\lucide-react\dist\esm\icons\area-chart.mjs.map of the Web-Client.
[info] [2026-07-25T18:04:30.180Z] : Change(s) is detected in node_modules\lucide-react\dist\esm\icons\arrow-big-down-dash.mjs.map of the Web-Client.
[info] [2026-07-25T18:04:30.180Z] : Change(s) is detected in node_modules\lucide-react\dist\esm\icons\arrow-big-left.mjs.map of the Web-Client.
[info] [2026-07-25T18:04:30.180Z] : Change(s) is detected in node_modules\lucide-react\dist\esm\icons\arrow-big-down.mjs.map of the Web-Client.
[info] [2026-07-25T18:04:30.180Z] : Change(s) is detected in node_modules\lucide-react\dist\esm\icons\arrow-big-left-dash.mjs.map of the Web-Client.
[info] [2026-07-25T18:04:30.180Z] : Change(s) is detected in node_modules\lucide-react\dist\esm\icons\arrow-big-right-dash.mjs.map of the Web-Client.
[info] [2026-07-25T18:04:30.180Z] : Change(s) is detected in node_modules\lucide-react\dist\esm\icons\arrow-big-up-dash.mjs.map of the Web-Client.
[info] [2026-07-25T18:04:30.180Z] : Change(s) is detected in node_modules\lucide-react\dist\esm\icons\arrow-big-right.mjs.map of the Web-Client.
[info] [2026-07-25T18:04:30.180Z] : Change(s) is detected in node_modules\lucide-react\dist\esm\icons\arrow-down-0-1.mjs.map of the Web-Client.
[info] [2026-07-25T18:04:30.181Z] : Change(s) is detected in node_modules\lucide-react\dist\esm\icons\arrow-big-up.mjs.map of the Web-Client.
[info] [2026-07-25T18:04:30.181Z] : Change(s) is detected in node_modules\lucide-react\dist\esm\icons\arrow-down-01.mjs of the Web-Client.
[info] [2026-07-25T18:04:30.181Z] : Change(s) is detected in node_modules\lucide-react\dist\esm\icons\arrow-down-1-0.mjs.map of the Web-Client.
[info] [2026-07-25T18:04:30.181Z] : Change(s) is detected in node_modules\lucide-react\dist\esm\icons\arrow-down-01.mjs.map of the Web-Client.
[info] [2026-07-25T18:04:30.181Z] : Change(s) is detected in node_modules\lucide-react\dist\esm\icons\arrow-down-10.mjs.map of the Web-Client.
[info] [2026-07-25T18:04:30.181Z] : Change(s) is detected in node_modules\lucide-react\dist\esm\icons\arrow-down-10.mjs of the Web-Client.
[info] [2026-07-25T18:04:30.181Z] : Change(s) is detected in node_modules\lucide-react\dist\esm\icons\arrow-down-az.mjs of the Web-Client.
[info] [2026-07-25T18:04:30.181Z] : Change(s) is detected in node_modules\lucide-react\dist\esm\icons\arrow-down-circle.mjs of the Web-Client.
[info] [2026-07-25T18:04:30.181Z] : Change(s) is detected in node_modules\lucide-react\dist\esm\icons\arrow-down-az.mjs.map of the Web-Client.
[info] [2026-07-25T18:04:30.181Z] : Change(s) is detected in node_modules\lucide-react\dist\esm\icons\arrow-down-a-z.mjs.map of the Web-Client.
[info] [2026-07-25T18:04:30.181Z] : Change(s) is detected in node_modules\lucide-react\dist\esm\icons\arrow-down-circle.mjs.map of the Web-Client.
[info] [2026-07-25T18:04:30.181Z] : Change(s) is detected in node_modules\lucide-react\dist\esm\icons\arrow-down-from-line.mjs.map of the Web-Client.
[info] [2026-07-25T18:04:30.181Z] : Change(s) is detected in node_modules\lucide-react\dist\esm\icons\arrow-down-left-from-square.mjs of the Web-Client.
[info] [2026-07-25T18:04:30.181Z] : Change(s) is detected in node_modules\lucide-react\dist\esm\icons\arrow-down-left-from-square.mjs.map of the Web-Client.
[info] [2026-07-25T18:04:30.181Z] : Change(s) is detected in node_modules\lucide-react\dist\esm\icons\arrow-down-left-from-circle.mjs of the Web-Client.
[info] [2026-07-25T18:04:30.181Z] : Change(s) is detected in node_modules\lucide-react\dist\esm\icons\arrow-down-left-from-circle.mjs.map of the Web-Client.
[info] [2026-07-25T18:04:30.181Z] : Change(s) is detected in node_modules\lucide-react\dist\esm\icons\arrow-down-left-square.mjs.map of the Web-Client.
[info] [2026-07-25T18:04:30.181Z] : Change(s) is detected in node_modules\lucide-react\dist\esm\icons\arrow-down-left-square.mjs of the Web-Client.
[info] [2026-07-25T18:04:30.181Z] : Change(s) is detected in node_modules\lucide-react\dist\esm\icons\arrow-down-left.mjs.map of the Web-Client.
[info] [2026-07-25T18:04:30.182Z] : Change(s) is detected in node_modules\lucide-react\dist\esm\icons\arrow-down-right-from-square.mjs.map of the Web-Client.
[info] [2026-07-25T18:04:30.182Z] : Change(s) is detected in node_modules\lucide-react\dist\esm\icons\arrow-down-narrow-wide.mjs.map of the Web-Client.
[info] [2026-07-25T18:04:30.182Z] : Change(s) is detected in node_modules\lucide-react\dist\esm\icons\arrow-down-right-from-square.mjs of the Web-Client.
[info] [2026-07-25T18:04:30.182Z] : Change(s) is detected in node_modules\lucide-react\dist\esm\icons\arrow-down-right-square.mjs of the Web-Client.
[info] [2026-07-25T18:04:30.182Z] : Change(s) is detected in node_modules\lucide-react\dist\esm\icons\arrow-down-right-from-circle.mjs of the Web-Client.
[info] [2026-07-25T18:04:30.182Z] : Change(s) is detected in node_modules\lucide-react\dist\esm\icons\arrow-down-right-from-circle.mjs.map of the Web-Client.
[info] [2026-07-25T18:04:30.182Z] : Change(s) is detected in node_modules\lucide-react\dist\esm\icons\arrow-down-right-square.mjs.map of the Web-Client.
[info] [2026-07-25T18:04:30.182Z] : Change(s) is detected in node_modules\lucide-react\dist\esm\icons\arrow-down-right.mjs.map of the Web-Client.
[info] [2026-07-25T18:04:30.182Z] : Change(s) is detected in node_modules\lucide-react\dist\esm\icons\arrow-down-square.mjs of the Web-Client.
[info] [2026-07-25T18:04:30.182Z] : Change(s) is detected in node_modules\lucide-react\dist\esm\icons\arrow-down-to-dot.mjs.map of the Web-Client.
[info] [2026-07-25T18:04:30.182Z] : Change(s) is detected in node_modules\lucide-react\dist\esm\icons\arrow-down-square.mjs.map of the Web-Client.
[info] [2026-07-25T18:04:30.182Z] : Change(s) is detected in node_modules\lucide-react\dist\esm\icons\arrow-down-to-line.mjs.map of the Web-Client.
[info] [2026-07-25T18:04:30.182Z] : Change(s) is detected in node_modules\lucide-react\dist\esm\icons\arrow-down-up.mjs.map of the Web-Client.
[info] [2026-07-25T18:04:30.182Z] : Change(s) is detected in node_modules\lucide-react\dist\esm\icons\arrow-down-wide-narrow.mjs.map of the Web-Client.
[info] [2026-07-25T18:04:30.182Z] : Change(s) is detected in node_modules\lucide-react\dist\esm\icons\arrow-down-z-a.mjs.map of the Web-Client.
[info] [2026-07-25T18:04:30.182Z] : Change(s) is detected in node_modules\lucide-react\dist\esm\icons\arrow-down-za.mjs.map of the Web-Client.
[info] [2026-07-25T18:04:30.182Z] : Change(s) is detected in node_modules\lucide-react\dist\esm\icons\arrow-down-za.mjs of the Web-Client.
[info] [2026-07-25T18:04:30.183Z] : Change(s) is detected in node_modules\lucide-react\dist\esm\icons\arrow-down.mjs.map of the Web-Client.
[info] [2026-07-25T18:04:30.183Z] : Change(s) is detected in node_modules\lucide-react\dist\esm\icons\arrow-left-circle.mjs.map of the Web-Client.
[info] [2026-07-25T18:04:30.183Z] : Change(s) is detected in node_modules\lucide-react\dist\esm\icons\arrow-left-circle.mjs of the Web-Client.
[info] [2026-07-25T18:04:30.225Z] : Change(s) is detected in node_modules\lucide-react\dist\esm\icons\arrow-left-from-line.mjs.map of the Web-Client.
[info] [2026-07-25T18:04:30.225Z] : Change(s) is detected in node_modules\lucide-react\dist\esm\icons\arrow-left-right.mjs.map of the Web-Client.
[info] [2026-07-25T18:04:30.225Z] : Change(s) is detected in node_modules\lucide-react\dist\esm\icons\arrow-left-square.mjs of the Web-Client.
[info] [2026-07-25T18:04:30.225Z] : Change(s) is detected in node_modules\lucide-react\dist\esm\icons\arrow-left-to-line.mjs.map of the Web-Client.
[info] [2026-07-25T18:04:30.225Z] : Change(s) is detected in node_modules\lucide-react\dist\esm\icons\arrow-left-square.mjs.map of the Web-Client.
[info] [2026-07-25T18:04:30.226Z] : Change(s) is detected in node_modules\lucide-react\dist\esm\icons\arrow-right-circle.mjs of the Web-Client.
[info] [2026-07-25T18:04:30.226Z] : Change(s) is detected in node_modules\lucide-react\dist\esm\icons\arrow-left.mjs.map of the Web-Client.
[info] [2026-07-25T18:04:30.226Z] : Change(s) is detected in node_modules\lucide-react\dist\esm\icons\arrow-right-circle.mjs.map of the Web-Client.
[info] [2026-07-25T18:04:30.226Z] : Change(s) is detected in node_modules\lucide-react\dist\esm\icons\arrow-right-from-line.mjs.map of the Web-Client.
[info] [2026-07-25T18:04:30.226Z] : Change(s) is detected in node_modules\lucide-react\dist\esm\icons\arrow-right-left.mjs.map of the Web-Client.
[info] [2026-07-25T18:04:30.226Z] : Change(s) is detected in node_modules\lucide-react\dist\esm\icons\arrow-right-square.mjs of the Web-Client.
[info] [2026-07-25T18:04:30.226Z] : Change(s) is detected in node_modules\lucide-react\dist\esm\icons\arrow-right-to-line.mjs.map of the Web-Client.
[info] [2026-07-25T18:04:30.226Z] : Change(s) is detected in node_modules\lucide-react\dist\esm\icons\arrow-right-square.mjs.map of the Web-Client.
[info] [2026-07-25T18:04:30.226Z] : Change(s) is detected in node_modules\lucide-react\dist\esm\icons\arrow-right.mjs.map of the Web-Client.
[info] [2026-07-25T18:04:30.226Z] : Change(s) is detected in node_modules\lucide-react\dist\esm\icons\arrow-up-0-1.mjs.map of the Web-Client.
[info] [2026-07-25T18:04:30.226Z] : Change(s) is detected in node_modules\lucide-react\dist\esm\icons\arrow-up-01.mjs of the Web-Client.
[info] [2026-07-25T18:04:30.226Z] : Change(s) is detected in node_modules\lucide-react\dist\esm\icons\arrow-up-01.mjs.map of the Web-Client.
[info] [2026-07-25T18:04:30.226Z] : Change(s) is detected in node_modules\lucide-react\dist\esm\icons\arrow-up-1-0.mjs.map of the Web-Client.
[info] [2026-07-25T18:04:30.226Z] : Change(s) is detected in node_modules\lucide-react\dist\esm\icons\arrow-up-10.mjs.map of the Web-Client.
[info] [2026-07-25T18:04:30.226Z] : Change(s) is detected in node_modules\lucide-react\dist\esm\icons\arrow-up-10.mjs of the Web-Client.
[info] [2026-07-25T18:04:30.226Z] : Change(s) is detected in node_modules\lucide-react\dist\esm\icons\arrow-up-a-z.mjs.map of the Web-Client.
[info] [2026-07-25T18:04:30.226Z] : Change(s) is detected in node_modules\lucide-react\dist\esm\icons\arrow-up-az.mjs of the Web-Client.
[info] [2026-07-25T18:04:30.226Z] : Change(s) is detected in node_modules\lucide-react\dist\esm\icons\arrow-up-circle.mjs of the Web-Client.
[info] [2026-07-25T18:04:30.226Z] : Change(s) is detected in node_modules\lucide-react\dist\esm\icons\arrow-up-circle.mjs.map of the Web-Client.
[info] [2026-07-25T18:04:30.226Z] : Change(s) is detected in node_modules\lucide-react\dist\esm\icons\arrow-up-az.mjs.map of the Web-Client.
[info] [2026-07-25T18:04:30.227Z] : Change(s) is detected in node_modules\lucide-react\dist\esm\icons\arrow-up-down.mjs.map of the Web-Client.
[info] [2026-07-25T18:04:30.227Z] : Change(s) is detected in node_modules\lucide-react\dist\esm\icons\arrow-up-from-dot.mjs.map of the Web-Client.
[info] [2026-07-25T18:04:30.227Z] : Change(s) is detected in node_modules\lucide-react\dist\esm\icons\arrow-up-from-line.mjs.map of the Web-Client.
[info] [2026-07-25T18:04:30.227Z] : Change(s) is detected in node_modules\lucide-react\dist\esm\icons\arrow-up-left-from-circle.mjs of the Web-Client.
[info] [2026-07-25T18:04:30.228Z] : Change(s) is detected in node_modules\lucide-react\dist\esm\icons\arrow-up-left-from-circle.mjs.map of the Web-Client.
[info] [2026-07-25T18:04:30.228Z] : Change(s) is detected in node_modules\lucide-react\dist\esm\icons\arrow-up-left-from-square.mjs of the Web-Client.
[info] [2026-07-25T18:04:30.228Z] : Change(s) is detected in node_modules\lucide-react\dist\esm\icons\arrow-up-left-from-square.mjs.map of the Web-Client.
[info] [2026-07-25T18:04:30.228Z] : Change(s) is detected in node_modules\lucide-react\dist\esm\icons\arrow-up-left-square.mjs of the Web-Client.
[info] [2026-07-25T18:04:30.228Z] : Change(s) is detected in node_modules\lucide-react\dist\esm\icons\arrow-up-left.mjs.map of the Web-Client.
[info] [2026-07-25T18:04:30.228Z] : Change(s) is detected in node_modules\lucide-react\dist\esm\icons\arrow-up-left-square.mjs.map of the Web-Client.
[info] [2026-07-25T18:04:30.228Z] : Change(s) is detected in node_modules\lucide-react\dist\esm\icons\arrow-up-right-from-circle.mjs.map of the Web-Client.
[info] [2026-07-25T18:04:30.228Z] : Change(s) is detected in node_modules\lucide-react\dist\esm\icons\arrow-up-right-from-square.mjs of the Web-Client.
[info] [2026-07-25T18:04:30.228Z] : Change(s) is detected in node_modules\lucide-react\dist\esm\icons\arrow-up-right-from-circle.mjs of the Web-Client.
[info] [2026-07-25T18:04:30.228Z] : Change(s) is detected in node_modules\lucide-react\dist\esm\icons\arrow-up-narrow-wide.mjs.map of the Web-Client.
[info] [2026-07-25T18:04:30.228Z] : Change(s) is detected in node_modules\lucide-react\dist\esm\icons\arrow-up-right-from-square.mjs.map of the Web-Client.
[info] [2026-07-25T18:04:30.228Z] : Change(s) is detected in node_modules\lucide-react\dist\esm\icons\arrow-up-right-square.mjs.map of the Web-Client.
[info] [2026-07-25T18:04:30.228Z] : Change(s) is detected in node_modules\lucide-react\dist\esm\icons\arrow-up-right-square.mjs of the Web-Client.
[info] [2026-07-25T18:04:30.228Z] : Change(s) is detected in node_modules\lucide-react\dist\esm\icons\arrow-up-right.mjs.map of the Web-Client.
[info] [2026-07-25T18:04:30.228Z] : Change(s) is detected in node_modules\lucide-react\dist\esm\icons\arrow-up-square.mjs of the Web-Client.
[info] [2026-07-25T18:04:30.228Z] : Change(s) is detected in node_modules\lucide-react\dist\esm\icons\arrow-up-square.mjs.map of the Web-Client.
[info] [2026-07-25T18:04:30.228Z] : Change(s) is detected in node_modules\lucide-react\dist\esm\icons\arrow-up-to-line.mjs.map of the Web-Client.
[info] [2026-07-25T18:04:30.228Z] : Change(s) is detected in node_modules\lucide-react\dist\esm\icons\arrow-up-z-a.mjs.map of the Web-Client.
[info] [2026-07-25T18:04:30.228Z] : Change(s) is detected in node_modules\lucide-react\dist\esm\icons\arrow-up-za.mjs of the Web-Client.
[info] [2026-07-25T18:04:30.228Z] : Change(s) is detected in node_modules\lucide-react\dist\esm\icons\arrow-up-wide-narrow.mjs.map of the Web-Client.
[info] [2026-07-25T18:04:30.228Z] : Change(s) is detected in node_modules\lucide-react\dist\esm\icons\arrow-up-za.mjs.map of the Web-Client.
[info] [2026-07-25T18:04:30.228Z] : Change(s) is detected in node_modules\lucide-react\dist\esm\icons\arrows-up-from-line.mjs.map of the Web-Client.
[info] [2026-07-25T18:04:30.228Z] : Change(s) is detected in node_modules\lucide-react\dist\esm\icons\arrow-up.mjs.map of the Web-Client.
[info] [2026-07-25T18:04:30.228Z] : Change(s) is detected in node_modules\lucide-react\dist\esm\icons\asterisk-square.mjs.map of the Web-Client.
[info] [2026-07-25T18:04:30.228Z] : Change(s) is detected in node_modules\lucide-react\dist\esm\icons\asterisk-square.mjs of the Web-Client.
[info] [2026-07-25T18:04:30.228Z] : Change(s) is detected in node_modules\lucide-react\dist\esm\icons\asterisk.mjs.map of the Web-Client.
[info] [2026-07-25T18:04:30.229Z] : Change(s) is detected in node_modules\lucide-react\dist\esm\icons\astroid.mjs.map of the Web-Client.
[info] [2026-07-25T18:04:30.229Z] : Change(s) is detected in node_modules\lucide-react\dist\esm\icons\at-sign.mjs.map of the Web-Client.
[info] [2026-07-25T18:04:30.229Z] : Change(s) is detected in node_modules\lucide-react\dist\esm\icons\atom.mjs.map of the Web-Client.
[info] [2026-07-25T18:04:30.229Z] : Change(s) is detected in node_modules\lucide-react\dist\esm\icons\audio-lines.mjs.map of the Web-Client.
[info] [2026-07-25T18:04:30.229Z] : Change(s) is detected in node_modules\lucide-react\dist\esm\icons\audio-waveform.mjs.map of the Web-Client.
[info] [2026-07-25T18:04:30.229Z] : Change(s) is detected in node_modules\lucide-react\dist\esm\icons\award.mjs.map of the Web-Client.
[info] [2026-07-25T18:04:30.229Z] : Change(s) is detected in node_modules\lucide-react\dist\esm\icons\axis-3-d.mjs of the Web-Client.
[info] [2026-07-25T18:04:30.229Z] : Change(s) is detected in node_modules\lucide-react\dist\esm\icons\axe.mjs.map of the Web-Client.
[info] [2026-07-25T18:04:30.229Z] : Change(s) is detected in node_modules\lucide-react\dist\esm\icons\axis-3-d.mjs.map of the Web-Client.
[info] [2026-07-25T18:04:30.229Z] : Change(s) is detected in node_modules\lucide-react\dist\esm\icons\axis-3d.mjs.map of the Web-Client.
[info] [2026-07-25T18:04:30.229Z] : Change(s) is detected in node_modules\lucide-react\dist\esm\icons\baby.mjs.map of the Web-Client.
[info] [2026-07-25T18:04:30.229Z] : Change(s) is detected in node_modules\lucide-react\dist\esm\icons\backpack.mjs.map of the Web-Client.
[info] [2026-07-25T18:04:30.229Z] : Change(s) is detected in node_modules\lucide-react\dist\esm\icons\badge-alert.mjs.map of the Web-Client.
[info] [2026-07-25T18:04:30.229Z] : Change(s) is detected in node_modules\lucide-react\dist\esm\icons\badge-cent.mjs.map of the Web-Client.
[info] [2026-07-25T18:04:30.229Z] : Change(s) is detected in node_modules\lucide-react\dist\esm\icons\badge-check.mjs.map of the Web-Client.
[info] [2026-07-25T18:04:30.229Z] : Change(s) is detected in node_modules\lucide-react\dist\esm\icons\badge-dollar-sign.mjs.map of the Web-Client.
[info] [2026-07-25T18:04:30.229Z] : Change(s) is detected in node_modules\lucide-react\dist\esm\icons\badge-help.mjs of the Web-Client.
[info] [2026-07-25T18:04:30.229Z] : Change(s) is detected in node_modules\lucide-react\dist\esm\icons\badge-euro.mjs.map of the Web-Client.
[info] [2026-07-25T18:04:30.229Z] : Change(s) is detected in node_modules\lucide-react\dist\esm\icons\badge-help.mjs.map of the Web-Client.
[info] [2026-07-25T18:04:30.229Z] : Change(s) is detected in node_modules\lucide-react\dist\esm\icons\badge-indian-rupee.mjs.map of the Web-Client.
[info] [2026-07-25T18:04:30.229Z] : Change(s) is detected in node_modules\lucide-react\dist\esm\icons\badge-info.mjs.map of the Web-Client.
[info] [2026-07-25T18:04:30.229Z] : Change(s) is detected in node_modules\lucide-react\dist\esm\icons\badge-minus.mjs.map of the Web-Client.
[info] [2026-07-25T18:04:30.229Z] : Change(s) is detected in node_modules\lucide-react\dist\esm\icons\badge-japanese-yen.mjs.map of the Web-Client.
[info] [2026-07-25T18:04:30.229Z] : Change(s) is detected in node_modules\lucide-react\dist\esm\icons\badge-plus.mjs.map of the Web-Client.
[info] [2026-07-25T18:04:30.230Z] : Change(s) is detected in node_modules\lucide-react\dist\esm\icons\badge-percent.mjs.map of the Web-Client.
[info] [2026-07-25T18:04:30.230Z] : Change(s) is detected in node_modules\lucide-react\dist\esm\icons\badge-pound-sterling.mjs.map of the Web-Client.
[info] [2026-07-25T18:04:30.230Z] : Change(s) is detected in node_modules\lucide-react\dist\esm\icons\badge-russian-ruble.mjs.map of the Web-Client.
[info] [2026-07-25T18:04:30.230Z] : Change(s) is detected in node_modules\lucide-react\dist\esm\icons\badge-question-mark.mjs.map of the Web-Client.
[info] [2026-07-25T18:04:30.230Z] : Change(s) is detected in node_modules\lucide-react\dist\esm\icons\badge-swiss-franc.mjs.map of the Web-Client.
[info] [2026-07-25T18:04:30.230Z] : Change(s) is detected in node_modules\lucide-react\dist\esm\icons\badge-x.mjs.map of the Web-Client.
[info] [2026-07-25T18:04:30.230Z] : Change(s) is detected in node_modules\lucide-react\dist\esm\icons\badge-turkish-lira.mjs.map of the Web-Client.
[info] [2026-07-25T18:04:30.230Z] : Change(s) is detected in node_modules\lucide-react\dist\esm\icons\badge.mjs.map of the Web-Client.
[info] [2026-07-25T18:04:30.230Z] : Change(s) is detected in node_modules\lucide-react\dist\esm\icons\baggage-claim.mjs.map of the Web-Client.
[info] [2026-07-25T18:04:30.230Z] : Change(s) is detected in node_modules\lucide-react\dist\esm\icons\balloon.mjs.map of the Web-Client.
[info] [2026-07-25T18:04:30.230Z] : Change(s) is detected in node_modules\lucide-react\dist\esm\icons\banana.mjs.map of the Web-Client.
[info] [2026-07-25T18:04:30.230Z] : Change(s) is detected in node_modules\lucide-react\dist\esm\icons\ban.mjs.map of the Web-Client.
[info] [2026-07-25T18:04:30.230Z] : Change(s) is detected in node_modules\lucide-react\dist\esm\icons\bandage.mjs.map of the Web-Client.
[info] [2026-07-25T18:04:30.230Z] : Change(s) is detected in node_modules\lucide-react\dist\esm\icons\banknote-arrow-down.mjs.map of the Web-Client.
[info] [2026-07-25T18:04:30.230Z] : Change(s) is detected in node_modules\lucide-react\dist\esm\icons\banknote-x.mjs.map of the Web-Client.
[info] [2026-07-25T18:04:30.230Z] : Change(s) is detected in node_modules\lucide-react\dist\esm\icons\banknote-arrow-up.mjs.map of the Web-Client.
[info] [2026-07-25T18:04:30.230Z] : Change(s) is detected in node_modules\lucide-react\dist\esm\icons\banknote-check.mjs.map of the Web-Client.
[info] [2026-07-25T18:04:30.230Z] : Change(s) is detected in node_modules\lucide-react\dist\esm\icons\banknote.mjs.map of the Web-Client.
[info] [2026-07-25T18:04:30.230Z] : Change(s) is detected in node_modules\lucide-react\dist\esm\icons\bar-chart-2.mjs of the Web-Client.
[info] [2026-07-25T18:04:30.230Z] : Change(s) is detected in node_modules\lucide-react\dist\esm\icons\bar-chart-3.mjs of the Web-Client.
[info] [2026-07-25T18:04:30.230Z] : Change(s) is detected in node_modules\lucide-react\dist\esm\icons\bar-chart-2.mjs.map of the Web-Client.
[info] [2026-07-25T18:04:30.230Z] : Change(s) is detected in node_modules\lucide-react\dist\esm\icons\bar-chart-4.mjs of the Web-Client.
[info] [2026-07-25T18:04:30.230Z] : Change(s) is detected in node_modules\lucide-react\dist\esm\icons\bar-chart-4.mjs.map of the Web-Client.
[info] [2026-07-25T18:04:30.230Z] : Change(s) is detected in node_modules\lucide-react\dist\esm\icons\bar-chart-3.mjs.map of the Web-Client.
[info] [2026-07-25T18:04:30.230Z] : Change(s) is detected in node_modules\lucide-react\dist\esm\icons\bar-chart-big.mjs.map of the Web-Client.
[info] [2026-07-25T18:04:30.230Z] : Change(s) is detected in node_modules\lucide-react\dist\esm\icons\bar-chart-horizontal-big.mjs.map of the Web-Client.
[info] [2026-07-25T18:04:30.230Z] : Change(s) is detected in node_modules\lucide-react\dist\esm\icons\bar-chart-horizontal.mjs of the Web-Client.
[info] [2026-07-25T18:04:30.230Z] : Change(s) is detected in node_modules\lucide-react\dist\esm\icons\bar-chart-big.mjs of the Web-Client.
[info] [2026-07-25T18:04:30.230Z] : Change(s) is detected in node_modules\lucide-react\dist\esm\icons\bar-chart-horizontal-big.mjs of the Web-Client.
[info] [2026-07-25T18:04:30.230Z] : Change(s) is detected in node_modules\lucide-react\dist\esm\icons\bar-chart-horizontal.mjs.map of the Web-Client.
[info] [2026-07-25T18:04:30.230Z] : Change(s) is detected in node_modules\lucide-react\dist\esm\icons\bar-chart.mjs of the Web-Client.
[info] [2026-07-25T18:04:30.230Z] : Change(s) is detected in node_modules\lucide-react\dist\esm\icons\barrel.mjs.map of the Web-Client.
[info] [2026-07-25T18:04:30.230Z] : Change(s) is detected in node_modules\lucide-react\dist\esm\icons\bar-chart.mjs.map of the Web-Client.
[info] [2026-07-25T18:04:30.230Z] : Change(s) is detected in node_modules\lucide-react\dist\esm\icons\barcode.mjs.map of the Web-Client.
[info] [2026-07-25T18:04:30.230Z] : Change(s) is detected in node_modules\lucide-react\dist\esm\icons\baseline.mjs.map of the Web-Client.
[info] [2026-07-25T18:04:30.230Z] : Change(s) is detected in node_modules\lucide-react\dist\esm\icons\bath.mjs.map of the Web-Client.
[info] [2026-07-25T18:04:30.230Z] : Change(s) is detected in node_modules\lucide-react\dist\esm\icons\battery-full.mjs.map of the Web-Client.
[info] [2026-07-25T18:04:30.230Z] : Change(s) is detected in node_modules\lucide-react\dist\esm\icons\battery-charging.mjs.map of the Web-Client.
[info] [2026-07-25T18:04:30.230Z] : Change(s) is detected in node_modules\lucide-react\dist\esm\icons\battery-medium.mjs.map of the Web-Client.
[info] [2026-07-25T18:04:30.230Z] : Change(s) is detected in node_modules\lucide-react\dist\esm\icons\battery-low.mjs.map of the Web-Client.
[info] [2026-07-25T18:04:30.231Z] : Change(s) is detected in node_modules\lucide-react\dist\esm\icons\battery.mjs.map of the Web-Client.
[info] [2026-07-25T18:04:30.231Z] : Change(s) is detected in node_modules\lucide-react\dist\esm\icons\battery-warning.mjs.map of the Web-Client.
[info] [2026-07-25T18:04:30.231Z] : Change(s) is detected in node_modules\lucide-react\dist\esm\icons\battery-plus.mjs.map of the Web-Client.
[info] [2026-07-25T18:04:30.231Z] : Change(s) is detected in node_modules\lucide-react\dist\esm\icons\beaker.mjs.map of the Web-Client.
[info] [2026-07-25T18:04:30.231Z] : Change(s) is detected in node_modules\lucide-react\dist\esm\icons\bean.mjs.map of the Web-Client.
[info] [2026-07-25T18:04:30.231Z] : Change(s) is detected in node_modules\lucide-react\dist\esm\icons\bed-double.mjs.map of the Web-Client.
[info] [2026-07-25T18:04:30.231Z] : Change(s) is detected in node_modules\lucide-react\dist\esm\icons\bean-off.mjs.map of the Web-Client.
[info] [2026-07-25T18:04:30.231Z] : Change(s) is detected in node_modules\lucide-react\dist\esm\icons\bed-single.mjs.map of the Web-Client.
[info] [2026-07-25T18:04:30.231Z] : Change(s) is detected in node_modules\lucide-react\dist\esm\icons\bed.mjs.map of the Web-Client.
[info] [2026-07-25T18:04:30.231Z] : Change(s) is detected in node_modules\lucide-react\dist\esm\icons\beef-off.mjs.map of the Web-Client.
[info] [2026-07-25T18:04:30.231Z] : Change(s) is detected in node_modules\lucide-react\dist\esm\icons\beef.mjs.map of the Web-Client.
[info] [2026-07-25T18:04:30.231Z] : Change(s) is detected in node_modules\lucide-react\dist\esm\icons\beer-off.mjs.map of the Web-Client.
[info] [2026-07-25T18:04:30.231Z] : Change(s) is detected in node_modules\lucide-react\dist\esm\icons\beer.mjs.map of the Web-Client.
[info] [2026-07-25T18:04:30.231Z] : Change(s) is detected in node_modules\lucide-react\dist\esm\icons\bell-check.mjs.map of the Web-Client.
[info] [2026-07-25T18:04:30.231Z] : Change(s) is detected in node_modules\lucide-react\dist\esm\icons\bell-dot.mjs.map of the Web-Client.
[info] [2026-07-25T18:04:30.231Z] : Change(s) is detected in node_modules\lucide-react\dist\esm\icons\bell-minus.mjs.map of the Web-Client.
[info] [2026-07-25T18:04:30.231Z] : Change(s) is detected in node_modules\lucide-react\dist\esm\icons\bell-electric.mjs.map of the Web-Client.
[info] [2026-07-25T18:04:30.231Z] : Change(s) is detected in node_modules\lucide-react\dist\esm\icons\bell-off.mjs.map of the Web-Client.
[info] [2026-07-25T18:04:30.231Z] : Change(s) is detected in node_modules\lucide-react\dist\esm\icons\bell-plus.mjs.map of the Web-Client.
[info] [2026-07-25T18:04:30.231Z] : Change(s) is detected in node_modules\lucide-react\dist\esm\icons\bell-ring.mjs.map of the Web-Client.
[info] [2026-07-25T18:04:30.231Z] : Change(s) is detected in node_modules\lucide-react\dist\esm\icons\between-horizonal-end.mjs of the Web-Client.
[info] [2026-07-25T18:04:30.231Z] : Change(s) is detected in node_modules\lucide-react\dist\esm\icons\between-horizonal-end.mjs.map of the Web-Client.
[info] [2026-07-25T18:04:30.231Z] : Change(s) is detected in node_modules\lucide-react\dist\esm\icons\between-horizonal-start.mjs of the Web-Client.
[info] [2026-07-25T18:04:30.231Z] : Change(s) is detected in node_modules\lucide-react\dist\esm\icons\bell.mjs.map of the Web-Client.
[info] [2026-07-25T18:04:30.231Z] : Change(s) is detected in node_modules\lucide-react\dist\esm\icons\between-horizonal-start.mjs.map of the Web-Client.
[info] [2026-07-25T18:04:30.232Z] : Change(s) is detected in node_modules\lucide-react\dist\esm\icons\between-horizontal-start.mjs.map of the Web-Client.
[info] [2026-07-25T18:04:30.232Z] : Change(s) is detected in node_modules\lucide-react\dist\esm\icons\between-vertical-end.mjs.map of the Web-Client.
[info] [2026-07-25T18:04:30.232Z] : Change(s) is detected in node_modules\lucide-react\dist\esm\icons\between-horizontal-end.mjs.map of the Web-Client.
[info] [2026-07-25T18:04:30.232Z] : Change(s) is detected in node_modules\lucide-react\dist\esm\icons\between-vertical-start.mjs.map of the Web-Client.
[info] [2026-07-25T18:04:30.232Z] : Change(s) is detected in node_modules\lucide-react\dist\esm\icons\biceps-flexed.mjs.map of the Web-Client.
[info] [2026-07-25T18:04:30.232Z] : Change(s) is detected in node_modules\lucide-react\dist\esm\icons\bike.mjs.map of the Web-Client.
[info] [2026-07-25T18:04:30.232Z] : Change(s) is detected in node_modules\lucide-react\dist\esm\icons\binary.mjs.map of the Web-Client.
[info] [2026-07-25T18:04:30.232Z] : Change(s) is detected in node_modules\lucide-react\dist\esm\icons\bird.mjs.map of the Web-Client.
[info] [2026-07-25T18:04:30.232Z] : Change(s) is detected in node_modules\lucide-react\dist\esm\icons\binoculars.mjs.map of the Web-Client.
[info] [2026-07-25T18:04:30.232Z] : Change(s) is detected in node_modules\lucide-react\dist\esm\icons\biohazard.mjs.map of the Web-Client.
[info] [2026-07-25T18:04:30.232Z] : Change(s) is detected in node_modules\lucide-react\dist\esm\icons\birdhouse.mjs.map of the Web-Client.
[info] [2026-07-25T18:04:30.232Z] : Change(s) is detected in node_modules\lucide-react\dist\esm\icons\blend.mjs.map of the Web-Client.
[info] [2026-07-25T18:04:30.232Z] : Change(s) is detected in node_modules\lucide-react\dist\esm\icons\blender.mjs.map of the Web-Client.
[info] [2026-07-25T18:04:30.232Z] : Change(s) is detected in node_modules\lucide-react\dist\esm\icons\blinds.mjs.map of the Web-Client.
[info] [2026-07-25T18:04:30.232Z] : Change(s) is detected in node_modules\lucide-react\dist\esm\icons\blocks.mjs.map of the Web-Client.
[info] [2026-07-25T18:04:30.232Z] : Change(s) is detected in node_modules\lucide-react\dist\esm\icons\bluetooth-connected.mjs.map of the Web-Client.
[info] [2026-07-25T18:04:30.232Z] : Change(s) is detected in node_modules\lucide-react\dist\esm\icons\bitcoin.mjs.map of the Web-Client.
[info] [2026-07-25T18:04:30.232Z] : Change(s) is detected in node_modules\lucide-react\dist\esm\icons\bluetooth-off.mjs.map of the Web-Client.
[info] [2026-07-25T18:04:30.232Z] : Change(s) is detected in node_modules\lucide-react\dist\esm\icons\bluetooth-searching.mjs.map of the Web-Client.
[info] [2026-07-25T18:04:30.233Z] : Change(s) is detected in node_modules\lucide-react\dist\esm\icons\bluetooth.mjs.map of the Web-Client.
[info] [2026-07-25T18:04:30.233Z] : Change(s) is detected in node_modules\lucide-react\dist\esm\icons\bold.mjs.map of the Web-Client.
[info] [2026-07-25T18:04:30.233Z] : Change(s) is detected in node_modules\lucide-react\dist\esm\icons\bolt.mjs.map of the Web-Client.
[info] [2026-07-25T18:04:30.233Z] : Change(s) is detected in node_modules\lucide-react\dist\esm\icons\bomb.mjs.map of the Web-Client.
[info] [2026-07-25T18:04:30.233Z] : Change(s) is detected in node_modules\lucide-react\dist\esm\icons\bone-fracture.mjs.map of the Web-Client.
[info] [2026-07-25T18:04:30.233Z] : Change(s) is detected in node_modules\lucide-react\dist\esm\icons\book-alert.mjs.map of the Web-Client.
[info] [2026-07-25T18:04:30.233Z] : Change(s) is detected in node_modules\lucide-react\dist\esm\icons\book-a.mjs.map of the Web-Client.
[info] [2026-07-25T18:04:30.233Z] : Change(s) is detected in node_modules\lucide-react\dist\esm\icons\book-audio.mjs.map of the Web-Client.
[info] [2026-07-25T18:04:30.234Z] : Change(s) is detected in node_modules\lucide-react\dist\esm\icons\book-copy.mjs.map of the Web-Client.
[info] [2026-07-25T18:04:30.234Z] : Change(s) is detected in node_modules\lucide-react\dist\esm\icons\bone.mjs.map of the Web-Client.
[info] [2026-07-25T18:04:30.234Z] : Change(s) is detected in node_modules\lucide-react\dist\esm\icons\book-check.mjs.map of the Web-Client.
[info] [2026-07-25T18:04:30.234Z] : Change(s) is detected in node_modules\lucide-react\dist\esm\icons\book-dashed.mjs.map of the Web-Client.
[info] [2026-07-25T18:04:30.234Z] : Change(s) is detected in node_modules\lucide-react\dist\esm\icons\book-down.mjs.map of the Web-Client.
[info] [2026-07-25T18:04:30.234Z] : Change(s) is detected in node_modules\lucide-react\dist\esm\icons\book-headphones.mjs.map of the Web-Client.
[info] [2026-07-25T18:04:30.234Z] : Change(s) is detected in node_modules\lucide-react\dist\esm\icons\book-heart.mjs.map of the Web-Client.
[info] [2026-07-25T18:04:30.234Z] : Change(s) is detected in node_modules\lucide-react\dist\esm\icons\book-image.mjs.map of the Web-Client.
[info] [2026-07-25T18:04:30.234Z] : Change(s) is detected in node_modules\lucide-react\dist\esm\icons\book-lock.mjs.map of the Web-Client.
[info] [2026-07-25T18:04:30.234Z] : Change(s) is detected in node_modules\lucide-react\dist\esm\icons\book-marked.mjs.map of the Web-Client.
[info] [2026-07-25T18:04:30.234Z] : Change(s) is detected in node_modules\lucide-react\dist\esm\icons\book-key.mjs.map of the Web-Client.
[info] [2026-07-25T18:04:30.234Z] : Change(s) is detected in node_modules\lucide-react\dist\esm\icons\book-minus.mjs.map of the Web-Client.
[info] [2026-07-25T18:04:30.234Z] : Change(s) is detected in node_modules\lucide-react\dist\esm\icons\book-open-check.mjs.map of the Web-Client.
[info] [2026-07-25T18:04:30.234Z] : Change(s) is detected in node_modules\lucide-react\dist\esm\icons\book-open-text.mjs.map of the Web-Client.
[info] [2026-07-25T18:04:30.234Z] : Change(s) is detected in node_modules\lucide-react\dist\esm\icons\book-open.mjs.map of the Web-Client.
[info] [2026-07-25T18:04:30.235Z] : Change(s) is detected in node_modules\lucide-react\dist\esm\icons\book-plus.mjs.map of the Web-Client.
[info] [2026-07-25T18:04:30.235Z] : Change(s) is detected in node_modules\lucide-react\dist\esm\icons\book-template.mjs of the Web-Client.
[info] [2026-07-25T18:04:30.235Z] : Change(s) is detected in node_modules\lucide-react\dist\esm\icons\book-search.mjs.map of the Web-Client.
[info] [2026-07-25T18:04:30.235Z] : Change(s) is detected in node_modules\lucide-react\dist\esm\icons\book-template.mjs.map of the Web-Client.
[info] [2026-07-25T18:04:30.235Z] : Change(s) is detected in node_modules\lucide-react\dist\esm\icons\book-text.mjs.map of the Web-Client.
[info] [2026-07-25T18:04:30.235Z] : Change(s) is detected in node_modules\lucide-react\dist\esm\icons\book-type.mjs.map of the Web-Client.
[info] [2026-07-25T18:04:30.235Z] : Change(s) is detected in node_modules\lucide-react\dist\esm\icons\book-up-2.mjs.map of the Web-Client.
[info] [2026-07-25T18:04:30.235Z] : Change(s) is detected in node_modules\lucide-react\dist\esm\icons\book-up.mjs.map of the Web-Client.
[info] [2026-07-25T18:04:30.235Z] : Change(s) is detected in node_modules\lucide-react\dist\esm\icons\book-user.mjs.map of the Web-Client.
[info] [2026-07-25T18:04:30.235Z] : Change(s) is detected in node_modules\lucide-react\dist\esm\icons\book-x.mjs.map of the Web-Client.
[info] [2026-07-25T18:04:30.235Z] : Change(s) is detected in node_modules\lucide-react\dist\esm\icons\book.mjs.map of the Web-Client.
[info] [2026-07-25T18:04:30.235Z] : Change(s) is detected in node_modules\lucide-react\dist\esm\icons\bookmark-check.mjs.map of the Web-Client.
[info] [2026-07-25T18:04:30.235Z] : Change(s) is detected in node_modules\lucide-react\dist\esm\icons\bookmark-off.mjs.map of the Web-Client.
[info] [2026-07-25T18:04:30.235Z] : Change(s) is detected in node_modules\lucide-react\dist\esm\icons\bookmark-plus.mjs.map of the Web-Client.
[info] [2026-07-25T18:04:30.235Z] : Change(s) is detected in node_modules\lucide-react\dist\esm\icons\bookmark-minus.mjs.map of the Web-Client.
[info] [2026-07-25T18:04:30.235Z] : Change(s) is detected in node_modules\lucide-react\dist\esm\icons\bookmark.mjs.map of the Web-Client.
[info] [2026-07-25T18:04:30.235Z] : Change(s) is detected in node_modules\lucide-react\dist\esm\icons\bookmark-x.mjs.map of the Web-Client.
[info] [2026-07-25T18:04:30.235Z] : Change(s) is detected in node_modules\lucide-react\dist\esm\icons\boom-box.mjs.map of the Web-Client.
[info] [2026-07-25T18:04:30.235Z] : Change(s) is detected in node_modules\lucide-react\dist\esm\icons\bot-message-square.mjs.map of the Web-Client.
[info] [2026-07-25T18:04:30.235Z] : Change(s) is detected in node_modules\lucide-react\dist\esm\icons\bot.mjs.map of the Web-Client.
[info] [2026-07-25T18:04:30.235Z] : Change(s) is detected in node_modules\lucide-react\dist\esm\icons\bot-off.mjs.map of the Web-Client.
[info] [2026-07-25T18:04:30.235Z] : Change(s) is detected in node_modules\lucide-react\dist\esm\icons\box-select.mjs of the Web-Client.
[info] [2026-07-25T18:04:30.235Z] : Change(s) is detected in node_modules\lucide-react\dist\esm\icons\box-select.mjs.map of the Web-Client.
[info] [2026-07-25T18:04:30.235Z] : Change(s) is detected in node_modules\lucide-react\dist\esm\icons\bow-arrow.mjs.map of the Web-Client.
[info] [2026-07-25T18:04:30.235Z] : Change(s) is detected in node_modules\lucide-react\dist\esm\icons\box.mjs.map of the Web-Client.
[info] [2026-07-25T18:04:30.235Z] : Change(s) is detected in node_modules\lucide-react\dist\esm\icons\bottle-wine.mjs.map of the Web-Client.
[info] [2026-07-25T18:04:30.235Z] : Change(s) is detected in node_modules\lucide-react\dist\esm\icons\braces.mjs.map of the Web-Client.
[info] [2026-07-25T18:04:30.235Z] : Change(s) is detected in node_modules\lucide-react\dist\esm\icons\brackets.mjs.map of the Web-Client.
[info] [2026-07-25T18:04:30.235Z] : Change(s) is detected in node_modules\lucide-react\dist\esm\icons\boxes.mjs.map of the Web-Client.
[info] [2026-07-25T18:04:30.235Z] : Change(s) is detected in node_modules\lucide-react\dist\esm\icons\brain-cog.mjs.map of the Web-Client.
[info] [2026-07-25T18:04:30.235Z] : Change(s) is detected in node_modules\lucide-react\dist\esm\icons\brain-circuit.mjs.map of the Web-Client.
[info] [2026-07-25T18:04:30.235Z] : Change(s) is detected in node_modules\lucide-react\dist\esm\icons\brain.mjs.map of the Web-Client.
[info] [2026-07-25T18:04:30.235Z] : Change(s) is detected in node_modules\lucide-react\dist\esm\icons\brick-wall-fire.mjs.map of the Web-Client.
[info] [2026-07-25T18:04:30.235Z] : Change(s) is detected in node_modules\lucide-react\dist\esm\icons\briefcase-business.mjs.map of the Web-Client.
[info] [2026-07-25T18:04:30.235Z] : Change(s) is detected in node_modules\lucide-react\dist\esm\icons\brick-wall-shield.mjs.map of the Web-Client.
[info] [2026-07-25T18:04:30.236Z] : Change(s) is detected in node_modules\lucide-react\dist\esm\icons\brick-wall.mjs.map of the Web-Client.
[info] [2026-07-25T18:04:30.236Z] : Change(s) is detected in node_modules\lucide-react\dist\esm\icons\briefcase-conveyor-belt.mjs.map of the Web-Client.
[info] [2026-07-25T18:04:30.236Z] : Change(s) is detected in node_modules\lucide-react\dist\esm\icons\briefcase.mjs.map of the Web-Client.
[info] [2026-07-25T18:04:30.236Z] : Change(s) is detected in node_modules\lucide-react\dist\esm\icons\briefcase-medical.mjs.map of the Web-Client.
[info] [2026-07-25T18:04:30.236Z] : Change(s) is detected in node_modules\lucide-react\dist\esm\icons\bring-to-front.mjs.map of the Web-Client.
[info] [2026-07-25T18:04:30.236Z] : Change(s) is detected in node_modules\lucide-react\dist\esm\icons\broccoli.mjs.map of the Web-Client.
[info] [2026-07-25T18:04:30.236Z] : Change(s) is detected in node_modules\lucide-react\dist\esm\icons\brush-cleaning.mjs.map of the Web-Client.
[info] [2026-07-25T18:04:30.236Z] : Change(s) is detected in node_modules\lucide-react\dist\esm\icons\bubbles.mjs.map of the Web-Client.
[info] [2026-07-25T18:04:30.236Z] : Change(s) is detected in node_modules\lucide-react\dist\esm\icons\brush.mjs.map of the Web-Client.
[info] [2026-07-25T18:04:30.236Z] : Change(s) is detected in node_modules\lucide-react\dist\esm\icons\bug-play.mjs.map of the Web-Client.
[info] [2026-07-25T18:04:30.236Z] : Change(s) is detected in node_modules\lucide-react\dist\esm\icons\bug-off.mjs.map of the Web-Client.
[info] [2026-07-25T18:04:30.236Z] : Change(s) is detected in node_modules\lucide-react\dist\esm\icons\bug.mjs.map of the Web-Client.
[info] [2026-07-25T18:04:30.236Z] : Change(s) is detected in node_modules\lucide-react\dist\esm\icons\building-2.mjs.map of the Web-Client.
[info] [2026-07-25T18:04:30.236Z] : Change(s) is detected in node_modules\lucide-react\dist\esm\icons\bus-front.mjs.map of the Web-Client.
[info] [2026-07-25T18:04:30.236Z] : Change(s) is detected in node_modules\lucide-react\dist\esm\icons\building.mjs.map of the Web-Client.
[info] [2026-07-25T18:04:30.236Z] : Change(s) is detected in node_modules\lucide-react\dist\esm\icons\cable-car.mjs.map of the Web-Client.
[info] [2026-07-25T18:04:30.236Z] : Change(s) is detected in node_modules\lucide-react\dist\esm\icons\bus.mjs.map of the Web-Client.
[info] [2026-07-25T18:04:30.236Z] : Change(s) is detected in node_modules\lucide-react\dist\esm\icons\cable.mjs.map of the Web-Client.
[info] [2026-07-25T18:04:30.236Z] : Change(s) is detected in node_modules\lucide-react\dist\esm\icons\cake.mjs.map of the Web-Client.
[info] [2026-07-25T18:04:30.236Z] : Change(s) is detected in node_modules\lucide-react\dist\esm\icons\cake-slice.mjs.map of the Web-Client.
[info] [2026-07-25T18:04:30.236Z] : Change(s) is detected in node_modules\lucide-react\dist\esm\icons\calendar-1.mjs.map of the Web-Client.
[info] [2026-07-25T18:04:30.236Z] : Change(s) is detected in node_modules\lucide-react\dist\esm\icons\calculator.mjs.map of the Web-Client.
[info] [2026-07-25T18:04:30.236Z] : Change(s) is detected in node_modules\lucide-react\dist\esm\icons\calendar-arrow-down.mjs.map of the Web-Client.
[info] [2026-07-25T18:04:30.236Z] : Change(s) is detected in node_modules\lucide-react\dist\esm\icons\calendar-check.mjs.map of the Web-Client.
[info] [2026-07-25T18:04:30.236Z] : Change(s) is detected in node_modules\lucide-react\dist\esm\icons\calendar-arrow-up.mjs.map of the Web-Client.
[info] [2026-07-25T18:04:30.236Z] : Change(s) is detected in node_modules\lucide-react\dist\esm\icons\calendar-check-2.mjs.map of the Web-Client.
[info] [2026-07-25T18:04:30.236Z] : Change(s) is detected in node_modules\lucide-react\dist\esm\icons\calendar-clock.mjs.map of the Web-Client.
[info] [2026-07-25T18:04:30.236Z] : Change(s) is detected in node_modules\lucide-react\dist\esm\icons\calendar-cog.mjs.map of the Web-Client.
[info] [2026-07-25T18:04:30.236Z] : Change(s) is detected in node_modules\lucide-react\dist\esm\icons\calendar-fold.mjs.map of the Web-Client.
[info] [2026-07-25T18:04:30.236Z] : Change(s) is detected in node_modules\lucide-react\dist\esm\icons\calendar-days.mjs.map of the Web-Client.
[info] [2026-07-25T18:04:30.236Z] : Change(s) is detected in node_modules\lucide-react\dist\esm\icons\calendar-heart.mjs.map of the Web-Client.
[info] [2026-07-25T18:04:30.236Z] : Change(s) is detected in node_modules\lucide-react\dist\esm\icons\calendar-minus-2.mjs.map of the Web-Client.
[info] [2026-07-25T18:04:30.236Z] : Change(s) is detected in node_modules\lucide-react\dist\esm\icons\calendar-minus.mjs.map of the Web-Client.
[info] [2026-07-25T18:04:30.236Z] : Change(s) is detected in node_modules\lucide-react\dist\esm\icons\calendar-off.mjs.map of the Web-Client.
[info] [2026-07-25T18:04:30.236Z] : Change(s) is detected in node_modules\lucide-react\dist\esm\icons\calendar-plus-2.mjs.map of the Web-Client.
[info] [2026-07-25T18:04:30.236Z] : Change(s) is detected in node_modules\lucide-react\dist\esm\icons\calendar-plus.mjs.map of the Web-Client.
[info] [2026-07-25T18:04:30.236Z] : Change(s) is detected in node_modules\lucide-react\dist\esm\icons\calendar-range.mjs.map of the Web-Client.
[info] [2026-07-25T18:04:30.236Z] : Change(s) is detected in node_modules\lucide-react\dist\esm\icons\calendar-sync.mjs.map of the Web-Client.
[info] [2026-07-25T18:04:30.236Z] : Change(s) is detected in node_modules\lucide-react\dist\esm\icons\calendar-search.mjs.map of the Web-Client.
[info] [2026-07-25T18:04:30.237Z] : Change(s) is detected in node_modules\lucide-react\dist\esm\icons\calendar-x.mjs.map of the Web-Client.
[info] [2026-07-25T18:04:30.237Z] : Change(s) is detected in node_modules\lucide-react\dist\esm\icons\calendar-x-2.mjs.map of the Web-Client.
[info] [2026-07-25T18:04:30.237Z] : Change(s) is detected in node_modules\lucide-react\dist\esm\icons\calendar.mjs.map of the Web-Client.
[info] [2026-07-25T18:04:30.237Z] : Change(s) is detected in node_modules\lucide-react\dist\esm\icons\calendars.mjs.map of the Web-Client.
[info] [2026-07-25T18:04:30.237Z] : Change(s) is detected in node_modules\lucide-react\dist\esm\icons\camera.mjs.map of the Web-Client.
[info] [2026-07-25T18:04:30.237Z] : Change(s) is detected in node_modules\lucide-react\dist\esm\icons\camera-off.mjs.map of the Web-Client.
[info] [2026-07-25T18:04:30.237Z] : Change(s) is detected in node_modules\lucide-react\dist\esm\icons\candlestick-chart.mjs.map of the Web-Client.
[info] [2026-07-25T18:04:30.237Z] : Change(s) is detected in node_modules\lucide-react\dist\esm\icons\candy-cane.mjs.map of the Web-Client.
[info] [2026-07-25T18:04:30.237Z] : Change(s) is detected in node_modules\lucide-react\dist\esm\icons\candlestick-chart.mjs of the Web-Client.
[info] [2026-07-25T18:04:30.237Z] : Change(s) is detected in node_modules\lucide-react\dist\esm\icons\candy-off.mjs.map of the Web-Client.
[info] [2026-07-25T18:04:30.237Z] : Change(s) is detected in node_modules\lucide-react\dist\esm\icons\candy.mjs.map of the Web-Client.
[info] [2026-07-25T18:04:30.237Z] : Change(s) is detected in node_modules\lucide-react\dist\esm\icons\cannabis-off.mjs.map of the Web-Client.
[info] [2026-07-25T18:04:30.237Z] : Change(s) is detected in node_modules\lucide-react\dist\esm\icons\cannabis.mjs.map of the Web-Client.
[info] [2026-07-25T18:04:30.237Z] : Change(s) is detected in node_modules\lucide-react\dist\esm\icons\captions-off.mjs.map of the Web-Client.
[info] [2026-07-25T18:04:30.237Z] : Change(s) is detected in node_modules\lucide-react\dist\esm\icons\captions.mjs.map of the Web-Client.
[info] [2026-07-25T18:04:30.237Z] : Change(s) is detected in node_modules\lucide-react\dist\esm\icons\car-front.mjs.map of the Web-Client.
[info] [2026-07-25T18:04:30.237Z] : Change(s) is detected in node_modules\lucide-react\dist\esm\icons\car-taxi-front.mjs.map of the Web-Client.
[info] [2026-07-25T18:04:30.237Z] : Change(s) is detected in node_modules\lucide-react\dist\esm\icons\car.mjs.map of the Web-Client.
[info] [2026-07-25T18:04:30.237Z] : Change(s) is detected in node_modules\lucide-react\dist\esm\icons\card-sim.mjs.map of the Web-Client.
[info] [2026-07-25T18:04:30.237Z] : Change(s) is detected in node_modules\lucide-react\dist\esm\icons\caravan.mjs.map of the Web-Client.
[info] [2026-07-25T18:04:30.237Z] : Change(s) is detected in node_modules\lucide-react\dist\esm\icons\carrot.mjs.map of the Web-Client.
[info] [2026-07-25T18:04:30.237Z] : Change(s) is detected in node_modules\lucide-react\dist\esm\icons\case-sensitive.mjs.map of the Web-Client.
[info] [2026-07-25T18:04:30.237Z] : Change(s) is detected in node_modules\lucide-react\dist\esm\icons\case-lower.mjs.map of the Web-Client.
[info] [2026-07-25T18:04:30.237Z] : Change(s) is detected in node_modules\lucide-react\dist\esm\icons\case-upper.mjs.map of the Web-Client.
[info] [2026-07-25T18:04:30.237Z] : Change(s) is detected in node_modules\lucide-react\dist\esm\icons\cassette-tape.mjs.map of the Web-Client.
[info] [2026-07-25T18:04:30.237Z] : Change(s) is detected in node_modules\lucide-react\dist\esm\icons\cast.mjs.map of the Web-Client.
[info] [2026-07-25T18:04:30.237Z] : Change(s) is detected in node_modules\lucide-react\dist\esm\icons\castle.mjs.map of the Web-Client.
[info] [2026-07-25T18:04:30.238Z] : Change(s) is detected in node_modules\lucide-react\dist\esm\icons\cat.mjs.map of the Web-Client.
[info] [2026-07-25T18:04:30.238Z] : Change(s) is detected in node_modules\lucide-react\dist\esm\icons\cctv-off.mjs.map of the Web-Client.
[info] [2026-07-25T18:04:30.238Z] : Change(s) is detected in node_modules\lucide-react\dist\esm\icons\cctv.mjs.map of the Web-Client.
[info] [2026-07-25T18:04:30.238Z] : Change(s) is detected in node_modules\lucide-react\dist\esm\icons\chart-bar-big.mjs.map of the Web-Client.
[info] [2026-07-25T18:04:30.238Z] : Change(s) is detected in node_modules\lucide-react\dist\esm\icons\chart-area.mjs.map of the Web-Client.
[info] [2026-07-25T18:04:30.238Z] : Change(s) is detected in node_modules\lucide-react\dist\esm\icons\chart-bar-decreasing.mjs.map of the Web-Client.
[info] [2026-07-25T18:04:30.238Z] : Change(s) is detected in node_modules\lucide-react\dist\esm\icons\chart-bar-increasing.mjs.map of the Web-Client.
[info] [2026-07-25T18:04:30.238Z] : Change(s) is detected in node_modules\lucide-react\dist\esm\icons\chart-bar-stacked.mjs.map of the Web-Client.
[info] [2026-07-25T18:04:30.238Z] : Change(s) is detected in node_modules\lucide-react\dist\esm\icons\chart-bar.mjs.map of the Web-Client.
[info] [2026-07-25T18:04:30.239Z] : Change(s) is detected in node_modules\lucide-react\dist\esm\icons\chart-column-big.mjs.map of the Web-Client.
[info] [2026-07-25T18:04:30.239Z] : Change(s) is detected in node_modules\lucide-react\dist\esm\icons\chart-candlestick.mjs.map of the Web-Client.
[info] [2026-07-25T18:04:30.239Z] : Change(s) is detected in node_modules\lucide-react\dist\esm\icons\chart-column-decreasing.mjs.map of the Web-Client.
[info] [2026-07-25T18:04:30.239Z] : Change(s) is detected in node_modules\lucide-react\dist\esm\icons\chart-column-increasing.mjs.map of the Web-Client.
[info] [2026-07-25T18:04:30.239Z] : Change(s) is detected in node_modules\lucide-react\dist\esm\icons\chart-column-stacked.mjs.map of the Web-Client.
[info] [2026-07-25T18:04:30.239Z] : Change(s) is detected in node_modules\lucide-react\dist\esm\icons\chart-column.mjs.map of the Web-Client.
[info] [2026-07-25T18:04:30.239Z] : Change(s) is detected in node_modules\lucide-react\dist\esm\icons\chart-gantt.mjs.map of the Web-Client.
[info] [2026-07-25T18:04:30.239Z] : Change(s) is detected in node_modules\lucide-react\dist\esm\icons\chart-line.mjs.map of the Web-Client.
[info] [2026-07-25T18:04:30.239Z] : Change(s) is detected in node_modules\lucide-react\dist\esm\icons\chart-network.mjs.map of the Web-Client.
[info] [2026-07-25T18:04:30.239Z] : Change(s) is detected in node_modules\lucide-react\dist\esm\icons\chart-no-axes-column-decreasing.mjs.map of the Web-Client.
[info] [2026-07-25T18:04:30.239Z] : Change(s) is detected in node_modules\lucide-react\dist\esm\icons\chart-no-axes-combined.mjs.map of the Web-Client.
[info] [2026-07-25T18:04:30.239Z] : Change(s) is detected in node_modules\lucide-react\dist\esm\icons\chart-no-axes-column.mjs.map of the Web-Client.
[info] [2026-07-25T18:04:30.239Z] : Change(s) is detected in node_modules\lucide-react\dist\esm\icons\chart-no-axes-column-increasing.mjs.map of the Web-Client.
[info] [2026-07-25T18:04:30.239Z] : Change(s) is detected in node_modules\lucide-react\dist\esm\icons\chart-pie.mjs.map of the Web-Client.
[info] [2026-07-25T18:04:30.239Z] : Change(s) is detected in node_modules\lucide-react\dist\esm\icons\chart-no-axes-gantt.mjs.map of the Web-Client.
[info] [2026-07-25T18:04:30.239Z] : Change(s) is detected in node_modules\lucide-react\dist\esm\icons\chart-scatter.mjs.map of the Web-Client.
[info] [2026-07-25T18:04:30.239Z] : Change(s) is detected in node_modules\lucide-react\dist\esm\icons\chart-spline.mjs.map of the Web-Client.
[info] [2026-07-25T18:04:30.239Z] : Change(s) is detected in node_modules\lucide-react\dist\esm\icons\check-check.mjs.map of the Web-Client.
[info] [2026-07-25T18:04:30.239Z] : Change(s) is detected in node_modules\lucide-react\dist\esm\icons\check-circle-2.mjs.map of the Web-Client.
[info] [2026-07-25T18:04:30.239Z] : Change(s) is detected in node_modules\lucide-react\dist\esm\icons\check-circle-2.mjs of the Web-Client.
[info] [2026-07-25T18:04:30.239Z] : Change(s) is detected in node_modules\lucide-react\dist\esm\icons\check-circle.mjs.map of the Web-Client.
[info] [2026-07-25T18:04:30.239Z] : Change(s) is detected in node_modules\lucide-react\dist\esm\icons\check-square-2.mjs of the Web-Client.
[info] [2026-07-25T18:04:30.239Z] : Change(s) is detected in node_modules\lucide-react\dist\esm\icons\check-line.mjs.map of the Web-Client.
[info] [2026-07-25T18:04:30.239Z] : Change(s) is detected in node_modules\lucide-react\dist\esm\icons\check-circle.mjs of the Web-Client.
[info] [2026-07-25T18:04:30.239Z] : Change(s) is detected in node_modules\lucide-react\dist\esm\icons\check-square.mjs of the Web-Client.
[info] [2026-07-25T18:04:30.239Z] : Change(s) is detected in node_modules\lucide-react\dist\esm\icons\check-square.mjs.map of the Web-Client.
[info] [2026-07-25T18:04:30.239Z] : Change(s) is detected in node_modules\lucide-react\dist\esm\icons\check-square-2.mjs.map of the Web-Client.
[info] [2026-07-25T18:04:30.239Z] : Change(s) is detected in node_modules\lucide-react\dist\esm\icons\check.mjs.map of the Web-Client.
[info] [2026-07-25T18:04:30.239Z] : Change(s) is detected in node_modules\lucide-react\dist\esm\icons\chef-hat.mjs.map of the Web-Client.
[info] [2026-07-25T18:04:30.239Z] : Change(s) is detected in node_modules\lucide-react\dist\esm\icons\cherry.mjs.map of the Web-Client.
[info] [2026-07-25T18:04:30.239Z] : Change(s) is detected in node_modules\lucide-react\dist\esm\icons\chess-bishop.mjs.map of the Web-Client.
[info] [2026-07-25T18:04:30.239Z] : Change(s) is detected in node_modules\lucide-react\dist\esm\icons\chess-king.mjs.map of the Web-Client.
[info] [2026-07-25T18:04:30.239Z] : Change(s) is detected in node_modules\lucide-react\dist\esm\icons\chess-pawn.mjs.map of the Web-Client.
[info] [2026-07-25T18:04:30.239Z] : Change(s) is detected in node_modules\lucide-react\dist\esm\icons\chess-knight.mjs.map of the Web-Client.
[info] [2026-07-25T18:04:30.239Z] : Change(s) is detected in node_modules\lucide-react\dist\esm\icons\chess-queen.mjs.map of the Web-Client.
[info] [2026-07-25T18:04:30.239Z] : Change(s) is detected in node_modules\lucide-react\dist\esm\icons\chevron-down-circle.mjs of the Web-Client.
[info] [2026-07-25T18:04:30.239Z] : Change(s) is detected in node_modules\lucide-react\dist\esm\icons\chess-rook.mjs.map of the Web-Client.
[info] [2026-07-25T18:04:30.239Z] : Change(s) is detected in node_modules\lucide-react\dist\esm\icons\chevron-down-square.mjs of the Web-Client.
[info] [2026-07-25T18:04:30.239Z] : Change(s) is detected in node_modules\lucide-react\dist\esm\icons\chevron-down-square.mjs.map of the Web-Client.
[info] [2026-07-25T18:04:30.239Z] : Change(s) is detected in node_modules\lucide-react\dist\esm\icons\chevron-down-circle.mjs.map of the Web-Client.
[info] [2026-07-25T18:04:30.239Z] : Change(s) is detected in node_modules\lucide-react\dist\esm\icons\chevron-down.mjs.map of the Web-Client.
[info] [2026-07-25T18:04:30.239Z] : Change(s) is detected in node_modules\lucide-react\dist\esm\icons\chevron-first.mjs.map of the Web-Client.
[info] [2026-07-25T18:04:30.239Z] : Change(s) is detected in node_modules\lucide-react\dist\esm\icons\chevron-left-circle.mjs of the Web-Client.
[info] [2026-07-25T18:04:30.239Z] : Change(s) is detected in node_modules\lucide-react\dist\esm\icons\chevron-last.mjs.map of the Web-Client.
[info] [2026-07-25T18:04:30.239Z] : Change(s) is detected in node_modules\lucide-react\dist\esm\icons\chevron-left-circle.mjs.map of the Web-Client.
[info] [2026-07-25T18:04:30.239Z] : Change(s) is detected in node_modules\lucide-react\dist\esm\icons\chevron-left-square.mjs of the Web-Client.
[info] [2026-07-25T18:04:30.239Z] : Change(s) is detected in node_modules\lucide-react\dist\esm\icons\chevron-left.mjs.map of the Web-Client.
[info] [2026-07-25T18:04:30.239Z] : Change(s) is detected in node_modules\lucide-react\dist\esm\icons\chevron-left-square.mjs.map of the Web-Client.
[info] [2026-07-25T18:04:30.240Z] : Change(s) is detected in node_modules\lucide-react\dist\esm\icons\chevron-right-circle.mjs of the Web-Client.
[info] [2026-07-25T18:04:30.240Z] : Change(s) is detected in node_modules\lucide-react\dist\esm\icons\chevron-right-square.mjs.map of the Web-Client.
[info] [2026-07-25T18:04:30.240Z] : Change(s) is detected in node_modules\lucide-react\dist\esm\icons\chevron-right-circle.mjs.map of the Web-Client.
[info] [2026-07-25T18:04:30.240Z] : Change(s) is detected in node_modules\lucide-react\dist\esm\icons\chevron-right.mjs.map of the Web-Client.
[info] [2026-07-25T18:04:30.240Z] : Change(s) is detected in node_modules\lucide-react\dist\esm\icons\chevron-up-circle.mjs of the Web-Client.
[info] [2026-07-25T18:04:30.240Z] : Change(s) is detected in node_modules\lucide-react\dist\esm\icons\chevron-up-square.mjs of the Web-Client.
[info] [2026-07-25T18:04:30.240Z] : Change(s) is detected in node_modules\lucide-react\dist\esm\icons\chevron-right-square.mjs of the Web-Client.
[info] [2026-07-25T18:04:30.240Z] : Change(s) is detected in node_modules\lucide-react\dist\esm\icons\chevron-up-circle.mjs.map of the Web-Client.
[info] [2026-07-25T18:04:30.240Z] : Change(s) is detected in node_modules\lucide-react\dist\esm\icons\chevron-up-square.mjs.map of the Web-Client.
[info] [2026-07-25T18:04:30.240Z] : Change(s) is detected in node_modules\lucide-react\dist\esm\icons\chevrons-down-up.mjs.map of the Web-Client.
[info] [2026-07-25T18:04:30.240Z] : Change(s) is detected in node_modules\lucide-react\dist\esm\icons\chevron-up.mjs.map of the Web-Client.
[info] [2026-07-25T18:04:30.240Z] : Change(s) is detected in node_modules\lucide-react\dist\esm\icons\chevrons-down.mjs.map of the Web-Client.
[info] [2026-07-25T18:04:30.240Z] : Change(s) is detected in node_modules\lucide-react\dist\esm\icons\chevrons-left-right.mjs.map of the Web-Client.
[info] [2026-07-25T18:04:30.240Z] : Change(s) is detected in node_modules\lucide-react\dist\esm\icons\chevrons-left-right-ellipsis.mjs.map of the Web-Client.
[info] [2026-07-25T18:04:30.240Z] : Change(s) is detected in node_modules\lucide-react\dist\esm\icons\chevrons-left.mjs.map of the Web-Client.
[info] [2026-07-25T18:04:30.240Z] : Change(s) is detected in node_modules\lucide-react\dist\esm\icons\chevrons-right.mjs.map of the Web-Client.
[info] [2026-07-25T18:04:30.240Z] : Change(s) is detected in node_modules\lucide-react\dist\esm\icons\chevrons-right-left.mjs.map of the Web-Client.
[info] [2026-07-25T18:04:30.240Z] : Change(s) is detected in node_modules\lucide-react\dist\esm\icons\chevrons-up-down.mjs.map of the Web-Client.
[info] [2026-07-25T18:04:30.241Z] : Change(s) is detected in node_modules\lucide-react\dist\esm\icons\chevrons-up.mjs.map of the Web-Client.
[info] [2026-07-25T18:04:30.241Z] : Change(s) is detected in node_modules\lucide-react\dist\esm\icons\church.mjs.map of the Web-Client.
[info] [2026-07-25T18:04:30.241Z] : Change(s) is detected in node_modules\lucide-react\dist\esm\icons\cigarette-off.mjs.map of the Web-Client.
[info] [2026-07-25T18:04:30.241Z] : Change(s) is detected in node_modules\lucide-react\dist\esm\icons\cigarette.mjs.map of the Web-Client.
[info] [2026-07-25T18:04:30.241Z] : Change(s) is detected in node_modules\lucide-react\dist\esm\icons\circle-alert.mjs.map of the Web-Client.
[info] [2026-07-25T18:04:30.241Z] : Change(s) is detected in node_modules\lucide-react\dist\esm\icons\circle-arrow-down.mjs.map of the Web-Client.
[info] [2026-07-25T18:04:30.241Z] : Change(s) is detected in node_modules\lucide-react\dist\esm\icons\circle-arrow-out-down-left.mjs.map of the Web-Client.
[info] [2026-07-25T18:04:30.241Z] : Change(s) is detected in node_modules\lucide-react\dist\esm\icons\circle-arrow-left.mjs.map of the Web-Client.
[info] [2026-07-25T18:04:30.241Z] : Change(s) is detected in node_modules\lucide-react\dist\esm\icons\circle-arrow-out-down-right.mjs.map of the Web-Client.
[info] [2026-07-25T18:04:30.241Z] : Change(s) is detected in node_modules\lucide-react\dist\esm\icons\circle-arrow-out-up-left.mjs.map of the Web-Client.
[info] [2026-07-25T18:04:30.241Z] : Change(s) is detected in node_modules\lucide-react\dist\esm\icons\circle-arrow-right.mjs.map of the Web-Client.
[info] [2026-07-25T18:04:30.241Z] : Change(s) is detected in node_modules\lucide-react\dist\esm\icons\circle-arrow-out-up-right.mjs.map of the Web-Client.
[info] [2026-07-25T18:04:30.241Z] : Change(s) is detected in node_modules\lucide-react\dist\esm\icons\circle-arrow-up.mjs.map of the Web-Client.
[info] [2026-07-25T18:04:30.241Z] : Change(s) is detected in node_modules\lucide-react\dist\esm\icons\circle-check-big.mjs.map of the Web-Client.
[info] [2026-07-25T18:04:30.241Z] : Change(s) is detected in node_modules\lucide-react\dist\esm\icons\circle-check.mjs.map of the Web-Client.
[info] [2026-07-25T18:04:30.241Z] : Change(s) is detected in node_modules\lucide-react\dist\esm\icons\circle-chevron-down.mjs.map of the Web-Client.
[info] [2026-07-25T18:04:30.241Z] : Change(s) is detected in node_modules\lucide-react\dist\esm\icons\circle-chevron-left.mjs.map of the Web-Client.
[info] [2026-07-25T18:04:30.241Z] : Change(s) is detected in node_modules\lucide-react\dist\esm\icons\circle-chevron-right.mjs.map of the Web-Client.
[info] [2026-07-25T18:04:30.241Z] : Change(s) is detected in node_modules\lucide-react\dist\esm\icons\circle-dashed.mjs.map of the Web-Client.
[info] [2026-07-25T18:04:30.241Z] : Change(s) is detected in node_modules\lucide-react\dist\esm\icons\circle-chevron-up.mjs.map of the Web-Client.
[info] [2026-07-25T18:04:30.241Z] : Change(s) is detected in node_modules\lucide-react\dist\esm\icons\circle-divide.mjs.map of the Web-Client.
[info] [2026-07-25T18:04:30.241Z] : Change(s) is detected in node_modules\lucide-react\dist\esm\icons\circle-dollar-sign.mjs.map of the Web-Client.
[info] [2026-07-25T18:04:30.241Z] : Change(s) is detected in node_modules\lucide-react\dist\esm\icons\circle-dot-dashed.mjs.map of the Web-Client.
[info] [2026-07-25T18:04:30.241Z] : Change(s) is detected in node_modules\lucide-react\dist\esm\icons\circle-dot.mjs.map of the Web-Client.
[info] [2026-07-25T18:04:30.241Z] : Change(s) is detected in node_modules\lucide-react\dist\esm\icons\circle-ellipsis.mjs.map of the Web-Client.
[info] [2026-07-25T18:04:30.241Z] : Change(s) is detected in node_modules\lucide-react\dist\esm\icons\circle-equal.mjs.map of the Web-Client.
[info] [2026-07-25T18:04:30.241Z] : Change(s) is detected in node_modules\lucide-react\dist\esm\icons\circle-euro.mjs.map of the Web-Client.
[info] [2026-07-25T18:04:30.241Z] : Change(s) is detected in node_modules\lucide-react\dist\esm\icons\circle-fading-arrow-up.mjs.map of the Web-Client.
[info] [2026-07-25T18:04:30.241Z] : Change(s) is detected in node_modules\lucide-react\dist\esm\icons\circle-fading-plus.mjs.map of the Web-Client.
[info] [2026-07-25T18:04:30.241Z] : Change(s) is detected in node_modules\lucide-react\dist\esm\icons\circle-gauge.mjs.map of the Web-Client.
[info] [2026-07-25T18:04:30.241Z] : Change(s) is detected in node_modules\lucide-react\dist\esm\icons\circle-help.mjs of the Web-Client.
[info] [2026-07-25T18:04:30.242Z] : Change(s) is detected in node_modules\lucide-react\dist\esm\icons\circle-help.mjs.map of the Web-Client.
[info] [2026-07-25T18:04:30.242Z] : Change(s) is detected in node_modules\lucide-react\dist\esm\icons\circle-minus.mjs.map of the Web-Client.
[info] [2026-07-25T18:04:30.242Z] : Change(s) is detected in node_modules\lucide-react\dist\esm\icons\circle-parking-off.mjs.map of the Web-Client.
[info] [2026-07-25T18:04:30.242Z] : Change(s) is detected in node_modules\lucide-react\dist\esm\icons\circle-off.mjs.map of the Web-Client.
[info] [2026-07-25T18:04:30.242Z] : Change(s) is detected in node_modules\lucide-react\dist\esm\icons\circle-parking.mjs.map of the Web-Client.
[info] [2026-07-25T18:04:30.242Z] : Change(s) is detected in node_modules\lucide-react\dist\esm\icons\circle-pause.mjs.map of the Web-Client.
[info] [2026-07-25T18:04:30.242Z] : Change(s) is detected in node_modules\lucide-react\dist\esm\icons\circle-percent.mjs.map of the Web-Client.
[info] [2026-07-25T18:04:30.243Z] : Change(s) is detected in node_modules\lucide-react\dist\esm\icons\circle-pile.mjs.map of the Web-Client.
[info] [2026-07-25T18:04:30.243Z] : Change(s) is detected in node_modules\lucide-react\dist\esm\icons\circle-play.mjs.map of the Web-Client.
[info] [2026-07-25T18:04:30.243Z] : Change(s) is detected in node_modules\lucide-react\dist\esm\icons\circle-plus.mjs.map of the Web-Client.
[info] [2026-07-25T18:04:30.243Z] : Change(s) is detected in node_modules\lucide-react\dist\esm\icons\circle-pound-sterling.mjs.map of the Web-Client.
[info] [2026-07-25T18:04:30.243Z] : Change(s) is detected in node_modules\lucide-react\dist\esm\icons\circle-power.mjs.map of the Web-Client.
[info] [2026-07-25T18:04:30.243Z] : Change(s) is detected in node_modules\lucide-react\dist\esm\icons\circle-question-mark.mjs.map of the Web-Client.
[info] [2026-07-25T18:04:30.243Z] : Change(s) is detected in node_modules\lucide-react\dist\esm\icons\circle-slashed.mjs of the Web-Client.
[info] [2026-07-25T18:04:30.243Z] : Change(s) is detected in node_modules\lucide-react\dist\esm\icons\circle-slash-2.mjs.map of the Web-Client.
[info] [2026-07-25T18:04:30.243Z] : Change(s) is detected in node_modules\lucide-react\dist\esm\icons\circle-slash.mjs.map of the Web-Client.
[info] [2026-07-25T18:04:30.243Z] : Change(s) is detected in node_modules\lucide-react\dist\esm\icons\circle-slashed.mjs.map of the Web-Client.
[info] [2026-07-25T18:04:30.243Z] : Change(s) is detected in node_modules\lucide-react\dist\esm\icons\circle-star.mjs.map of the Web-Client.
[info] [2026-07-25T18:04:30.243Z] : Change(s) is detected in node_modules\lucide-react\dist\esm\icons\circle-small.mjs.map of the Web-Client.
[info] [2026-07-25T18:04:30.243Z] : Change(s) is detected in node_modules\lucide-react\dist\esm\icons\circle-stop.mjs.map of the Web-Client.
[info] [2026-07-25T18:04:30.243Z] : Change(s) is detected in node_modules\lucide-react\dist\esm\icons\circle-user.mjs.map of the Web-Client.
[info] [2026-07-25T18:04:30.243Z] : Change(s) is detected in node_modules\lucide-react\dist\esm\icons\circle-user-round.mjs.map of the Web-Client.
[info] [2026-07-25T18:04:30.243Z] : Change(s) is detected in node_modules\lucide-react\dist\esm\icons\circle-x.mjs.map of the Web-Client.
[info] [2026-07-25T18:04:30.243Z] : Change(s) is detected in node_modules\lucide-react\dist\esm\icons\circle.mjs.map of the Web-Client.
[info] [2026-07-25T18:04:30.243Z] : Change(s) is detected in node_modules\lucide-react\dist\esm\icons\citrus.mjs.map of the Web-Client.
[info] [2026-07-25T18:04:30.243Z] : Change(s) is detected in node_modules\lucide-react\dist\esm\icons\circuit-board.mjs.map of the Web-Client.
[info] [2026-07-25T18:04:30.244Z] : Change(s) is detected in node_modules\lucide-react\dist\esm\icons\clapperboard.mjs.map of the Web-Client.
[info] [2026-07-25T18:04:30.244Z] : Change(s) is detected in node_modules\lucide-react\dist\esm\icons\clipboard-clock.mjs.map of the Web-Client.
[info] [2026-07-25T18:04:30.244Z] : Change(s) is detected in node_modules\lucide-react\dist\esm\icons\clipboard-check.mjs.map of the Web-Client.
[info] [2026-07-25T18:04:30.244Z] : Change(s) is detected in node_modules\lucide-react\dist\esm\icons\clipboard-copy.mjs.map of the Web-Client.
[info] [2026-07-25T18:04:30.244Z] : Change(s) is detected in node_modules\lucide-react\dist\esm\icons\clipboard-edit.mjs.map of the Web-Client.
[info] [2026-07-25T18:04:30.244Z] : Change(s) is detected in node_modules\lucide-react\dist\esm\icons\clipboard-edit.mjs of the Web-Client.
[info] [2026-07-25T18:04:30.244Z] : Change(s) is detected in node_modules\lucide-react\dist\esm\icons\clipboard-list.mjs.map of the Web-Client.
[info] [2026-07-25T18:04:30.244Z] : Change(s) is detected in node_modules\lucide-react\dist\esm\icons\clipboard-minus.mjs.map of the Web-Client.
[info] [2026-07-25T18:04:30.244Z] : Change(s) is detected in node_modules\lucide-react\dist\esm\icons\clipboard-pen-line.mjs.map of the Web-Client.
[info] [2026-07-25T18:04:30.244Z] : Change(s) is detected in node_modules\lucide-react\dist\esm\icons\clipboard-paste.mjs.map of the Web-Client.
[info] [2026-07-25T18:04:30.244Z] : Change(s) is detected in node_modules\lucide-react\dist\esm\icons\clipboard-plus.mjs.map of the Web-Client.
[info] [2026-07-25T18:04:30.244Z] : Change(s) is detected in node_modules\lucide-react\dist\esm\icons\clipboard-pen.mjs.map of the Web-Client.
[info] [2026-07-25T18:04:30.244Z] : Change(s) is detected in node_modules\lucide-react\dist\esm\icons\clipboard-signature.mjs of the Web-Client.
[info] [2026-07-25T18:04:30.244Z] : Change(s) is detected in node_modules\lucide-react\dist\esm\icons\clipboard-signature.mjs.map of the Web-Client.
[info] [2026-07-25T18:04:30.244Z] : Change(s) is detected in node_modules\lucide-react\dist\esm\icons\clipboard-type.mjs.map of the Web-Client.
[info] [2026-07-25T18:04:30.244Z] : Change(s) is detected in node_modules\lucide-react\dist\esm\icons\clipboard.mjs.map of the Web-Client.
[info] [2026-07-25T18:04:30.244Z] : Change(s) is detected in node_modules\lucide-react\dist\esm\icons\clipboard-x.mjs.map of the Web-Client.
[info] [2026-07-25T18:04:30.244Z] : Change(s) is detected in node_modules\lucide-react\dist\esm\icons\clock-1.mjs.map of the Web-Client.
[info] [2026-07-25T18:04:30.244Z] : Change(s) is detected in node_modules\lucide-react\dist\esm\icons\clock-10.mjs.map of the Web-Client.
[info] [2026-07-25T18:04:30.244Z] : Change(s) is detected in node_modules\lucide-react\dist\esm\icons\clock-11.mjs.map of the Web-Client.
[info] [2026-07-25T18:04:30.244Z] : Change(s) is detected in node_modules\lucide-react\dist\esm\icons\clock-12.mjs.map of the Web-Client.
[info] [2026-07-25T18:04:30.244Z] : Change(s) is detected in node_modules\lucide-react\dist\esm\icons\clock-2.mjs.map of the Web-Client.
[info] [2026-07-25T18:04:30.244Z] : Change(s) is detected in node_modules\lucide-react\dist\esm\icons\clock-3.mjs.map of the Web-Client.
[info] [2026-07-25T18:04:30.244Z] : Change(s) is detected in node_modules\lucide-react\dist\esm\icons\clock-4.mjs.map of the Web-Client.
[info] [2026-07-25T18:04:30.244Z] : Change(s) is detected in node_modules\lucide-react\dist\esm\icons\clock-5.mjs.map of the Web-Client.
[info] [2026-07-25T18:04:30.244Z] : Change(s) is detected in node_modules\lucide-react\dist\esm\icons\clock-7.mjs.map of the Web-Client.
[info] [2026-07-25T18:04:30.244Z] : Change(s) is detected in node_modules\lucide-react\dist\esm\icons\clock-6.mjs.map of the Web-Client.
[info] [2026-07-25T18:04:30.244Z] : Change(s) is detected in node_modules\lucide-react\dist\esm\icons\clock-8.mjs.map of the Web-Client.
[info] [2026-07-25T18:04:30.244Z] : Change(s) is detected in node_modules\lucide-react\dist\esm\icons\clock-alert.mjs.map of the Web-Client.
[info] [2026-07-25T18:04:30.244Z] : Change(s) is detected in node_modules\lucide-react\dist\esm\icons\clock-9.mjs.map of the Web-Client.
[info] [2026-07-25T18:04:30.244Z] : Change(s) is detected in node_modules\lucide-react\dist\esm\icons\clock-arrow-down.mjs.map of the Web-Client.
[info] [2026-07-25T18:04:30.244Z] : Change(s) is detected in node_modules\lucide-react\dist\esm\icons\clock-arrow-left.mjs.map of the Web-Client.
[info] [2026-07-25T18:04:30.244Z] : Change(s) is detected in node_modules\lucide-react\dist\esm\icons\clock-arrow-right.mjs.map of the Web-Client.
[info] [2026-07-25T18:04:30.244Z] : Change(s) is detected in node_modules\lucide-react\dist\esm\icons\clock-arrow-up.mjs.map of the Web-Client.
[info] [2026-07-25T18:04:30.244Z] : Change(s) is detected in node_modules\lucide-react\dist\esm\icons\clock-fading.mjs.map of the Web-Client.
[info] [2026-07-25T18:04:30.244Z] : Change(s) is detected in node_modules\lucide-react\dist\esm\icons\clock-check.mjs.map of the Web-Client.
[info] [2026-07-25T18:04:30.244Z] : Change(s) is detected in node_modules\lucide-react\dist\esm\icons\clock-plus.mjs.map of the Web-Client.
[info] [2026-07-25T18:04:30.244Z] : Change(s) is detected in node_modules\lucide-react\dist\esm\icons\clock.mjs.map of the Web-Client.
[info] [2026-07-25T18:04:30.244Z] : Change(s) is detected in node_modules\lucide-react\dist\esm\icons\closed-caption.mjs.map of the Web-Client.
[info] [2026-07-25T18:04:30.244Z] : Change(s) is detected in node_modules\lucide-react\dist\esm\icons\cloud-alert.mjs.map of the Web-Client.
[info] [2026-07-25T18:04:30.244Z] : Change(s) is detected in node_modules\lucide-react\dist\esm\icons\cloud-backup.mjs.map of the Web-Client.
[info] [2026-07-25T18:04:30.245Z] : Change(s) is detected in node_modules\lucide-react\dist\esm\icons\cloud-check.mjs.map of the Web-Client.
[info] [2026-07-25T18:04:30.245Z] : Change(s) is detected in node_modules\lucide-react\dist\esm\icons\cloud-cog.mjs.map of the Web-Client.
[info] [2026-07-25T18:04:30.245Z] : Change(s) is detected in node_modules\lucide-react\dist\esm\icons\cloud-download.mjs.map of the Web-Client.
[info] [2026-07-25T18:04:30.245Z] : Change(s) is detected in node_modules\lucide-react\dist\esm\icons\cloud-drizzle.mjs.map of the Web-Client.
[info] [2026-07-25T18:04:30.245Z] : Change(s) is detected in node_modules\lucide-react\dist\esm\icons\cloud-hail.mjs.map of the Web-Client.
[info] [2026-07-25T18:04:30.245Z] : Change(s) is detected in node_modules\lucide-react\dist\esm\icons\cloud-fog.mjs.map of the Web-Client.
[info] [2026-07-25T18:04:30.245Z] : Change(s) is detected in node_modules\lucide-react\dist\esm\icons\cloud-lightning.mjs.map of the Web-Client.
[info] [2026-07-25T18:04:30.245Z] : Change(s) is detected in node_modules\lucide-react\dist\esm\icons\cloud-moon-rain.mjs.map of the Web-Client.
[info] [2026-07-25T18:04:30.245Z] : Change(s) is detected in node_modules\lucide-react\dist\esm\icons\cloud-moon.mjs.map of the Web-Client.
[info] [2026-07-25T18:04:30.245Z] : Change(s) is detected in node_modules\lucide-react\dist\esm\icons\cloud-off.mjs.map of the Web-Client.
[info] [2026-07-25T18:04:30.245Z] : Change(s) is detected in node_modules\lucide-react\dist\esm\icons\cloud-rain-wind.mjs.map of the Web-Client.
[info] [2026-07-25T18:04:30.245Z] : Change(s) is detected in node_modules\lucide-react\dist\esm\icons\cloud-rain.mjs.map of the Web-Client.
[info] [2026-07-25T18:04:30.245Z] : Change(s) is detected in node_modules\lucide-react\dist\esm\icons\cloud-sun-rain.mjs.map of the Web-Client.
[info] [2026-07-25T18:04:30.245Z] : Change(s) is detected in node_modules\lucide-react\dist\esm\icons\cloud-sun.mjs.map of the Web-Client.
[info] [2026-07-25T18:04:30.245Z] : Change(s) is detected in node_modules\lucide-react\dist\esm\icons\cloud-sync.mjs.map of the Web-Client.
[info] [2026-07-25T18:04:30.245Z] : Change(s) is detected in node_modules\lucide-react\dist\esm\icons\cloud-upload.mjs.map of the Web-Client.
[info] [2026-07-25T18:04:30.245Z] : Change(s) is detected in node_modules\lucide-react\dist\esm\icons\cloudy.mjs.map of the Web-Client.
[info] [2026-07-25T18:04:30.245Z] : Change(s) is detected in node_modules\lucide-react\dist\esm\icons\cloud.mjs.map of the Web-Client.
[info] [2026-07-25T18:04:30.245Z] : Change(s) is detected in node_modules\lucide-react\dist\esm\icons\cloud-snow.mjs.map of the Web-Client.
[info] [2026-07-25T18:04:30.245Z] : Change(s) is detected in node_modules\lucide-react\dist\esm\icons\clover.mjs.map of the Web-Client.
[info] [2026-07-25T18:04:30.245Z] : Change(s) is detected in node_modules\lucide-react\dist\esm\icons\code-2.mjs of the Web-Client.
[info] [2026-07-25T18:04:30.245Z] : Change(s) is detected in node_modules\lucide-react\dist\esm\icons\code-2.mjs.map of the Web-Client.
[info] [2026-07-25T18:04:30.245Z] : Change(s) is detected in node_modules\lucide-react\dist\esm\icons\club.mjs.map of the Web-Client.
[info] [2026-07-25T18:04:30.245Z] : Change(s) is detected in node_modules\lucide-react\dist\esm\icons\code-square.mjs of the Web-Client.
[info] [2026-07-25T18:04:30.245Z] : Change(s) is detected in node_modules\lucide-react\dist\esm\icons\code-square.mjs.map of the Web-Client.
[info] [2026-07-25T18:04:30.245Z] : Change(s) is detected in node_modules\lucide-react\dist\esm\icons\code.mjs.map of the Web-Client.
[info] [2026-07-25T18:04:30.245Z] : Change(s) is detected in node_modules\lucide-react\dist\esm\icons\code-xml.mjs.map of the Web-Client.
[info] [2026-07-25T18:04:30.245Z] : Change(s) is detected in node_modules\lucide-react\dist\esm\icons\coffee.mjs.map of the Web-Client.
[info] [2026-07-25T18:04:30.245Z] : Change(s) is detected in node_modules\lucide-react\dist\esm\icons\cog.mjs.map of the Web-Client.
[info] [2026-07-25T18:04:30.245Z] : Change(s) is detected in node_modules\lucide-react\dist\esm\icons\coins.mjs.map of the Web-Client.
[info] [2026-07-25T18:04:30.245Z] : Change(s) is detected in node_modules\lucide-react\dist\esm\icons\columns-2.mjs.map of the Web-Client.
[info] [2026-07-25T18:04:30.245Z] : Change(s) is detected in node_modules\lucide-react\dist\esm\icons\columns-3-cog.mjs.map of the Web-Client.
[info] [2026-07-25T18:04:30.245Z] : Change(s) is detected in node_modules\lucide-react\dist\esm\icons\columns-3.mjs.map of the Web-Client.
[info] [2026-07-25T18:04:30.245Z] : Change(s) is detected in node_modules\lucide-react\dist\esm\icons\columns-4.mjs.map of the Web-Client.
[info] [2026-07-25T18:04:30.245Z] : Change(s) is detected in node_modules\lucide-react\dist\esm\icons\columns-settings.mjs of the Web-Client.
[info] [2026-07-25T18:04:30.245Z] : Change(s) is detected in node_modules\lucide-react\dist\esm\icons\columns-settings.mjs.map of the Web-Client.
[info] [2026-07-25T18:04:30.245Z] : Change(s) is detected in node_modules\lucide-react\dist\esm\icons\columns.mjs of the Web-Client.
[info] [2026-07-25T18:04:30.245Z] : Change(s) is detected in node_modules\lucide-react\dist\esm\icons\columns.mjs.map of the Web-Client.
[info] [2026-07-25T18:04:30.245Z] : Change(s) is detected in node_modules\lucide-react\dist\esm\icons\combine.mjs.map of the Web-Client.
[info] [2026-07-25T18:04:30.245Z] : Change(s) is detected in node_modules\lucide-react\dist\esm\icons\compass.mjs.map of the Web-Client.
[info] [2026-07-25T18:04:30.245Z] : Change(s) is detected in node_modules\lucide-react\dist\esm\icons\command.mjs.map of the Web-Client.
[info] [2026-07-25T18:04:30.245Z] : Change(s) is detected in node_modules\lucide-react\dist\esm\icons\computer.mjs.map of the Web-Client.
[info] [2026-07-25T18:04:30.245Z] : Change(s) is detected in node_modules\lucide-react\dist\esm\icons\component.mjs.map of the Web-Client.
[info] [2026-07-25T18:04:30.245Z] : Change(s) is detected in node_modules\lucide-react\dist\esm\icons\concierge-bell.mjs.map of the Web-Client.
[info] [2026-07-25T18:04:30.245Z] : Change(s) is detected in node_modules\lucide-react\dist\esm\icons\construction.mjs.map of the Web-Client.
[info] [2026-07-25T18:04:30.246Z] : Change(s) is detected in node_modules\lucide-react\dist\esm\icons\contact-2.mjs.map of the Web-Client.
[info] [2026-07-25T18:04:30.246Z] : Change(s) is detected in node_modules\lucide-react\dist\esm\icons\cone.mjs.map of the Web-Client.
[info] [2026-07-25T18:04:30.246Z] : Change(s) is detected in node_modules\lucide-react\dist\esm\icons\contact-2.mjs of the Web-Client.
[info] [2026-07-25T18:04:30.246Z] : Change(s) is detected in node_modules\lucide-react\dist\esm\icons\contact-round.mjs.map of the Web-Client.
[info] [2026-07-25T18:04:30.246Z] : Change(s) is detected in node_modules\lucide-react\dist\esm\icons\contact.mjs.map of the Web-Client.
[info] [2026-07-25T18:04:30.246Z] : Change(s) is detected in node_modules\lucide-react\dist\esm\icons\container.mjs.map of the Web-Client.
[info] [2026-07-25T18:04:30.246Z] : Change(s) is detected in node_modules\lucide-react\dist\esm\icons\cookie.mjs.map of the Web-Client.
[info] [2026-07-25T18:04:30.246Z] : Change(s) is detected in node_modules\lucide-react\dist\esm\icons\contrast.mjs.map of the Web-Client.
[info] [2026-07-25T18:04:30.246Z] : Change(s) is detected in node_modules\lucide-react\dist\esm\icons\cooking-pot.mjs.map of the Web-Client.
[info] [2026-07-25T18:04:30.246Z] : Change(s) is detected in node_modules\lucide-react\dist\esm\icons\copy-check.mjs.map of the Web-Client.
[info] [2026-07-25T18:04:30.246Z] : Change(s) is detected in node_modules\lucide-react\dist\esm\icons\copy-minus.mjs.map of the Web-Client.
[info] [2026-07-25T18:04:30.247Z] : Change(s) is detected in node_modules\lucide-react\dist\esm\icons\copy-plus.mjs.map of the Web-Client.
[info] [2026-07-25T18:04:30.247Z] : Change(s) is detected in node_modules\lucide-react\dist\esm\icons\copy-slash.mjs.map of the Web-Client.
[info] [2026-07-25T18:04:30.247Z] : Change(s) is detected in node_modules\lucide-react\dist\esm\icons\copy-x.mjs.map of the Web-Client.
[info] [2026-07-25T18:04:30.247Z] : Change(s) is detected in node_modules\lucide-react\dist\esm\icons\copy.mjs.map of the Web-Client.
[info] [2026-07-25T18:04:30.247Z] : Change(s) is detected in node_modules\lucide-react\dist\esm\icons\copyleft.mjs.map of the Web-Client.
[info] [2026-07-25T18:04:30.247Z] : Change(s) is detected in node_modules\lucide-react\dist\esm\icons\copyright.mjs.map of the Web-Client.
[info] [2026-07-25T18:04:30.247Z] : Change(s) is detected in node_modules\lucide-react\dist\esm\icons\corner-down-left.mjs.map of the Web-Client.
[info] [2026-07-25T18:04:30.247Z] : Change(s) is detected in node_modules\lucide-react\dist\esm\icons\corner-down-right.mjs.map of the Web-Client.
[info] [2026-07-25T18:04:30.247Z] : Change(s) is detected in node_modules\lucide-react\dist\esm\icons\corner-left-down.mjs.map of the Web-Client.
[info] [2026-07-25T18:04:30.247Z] : Change(s) is detected in node_modules\lucide-react\dist\esm\icons\corner-left-up.mjs.map of the Web-Client.
[info] [2026-07-25T18:04:30.247Z] : Change(s) is detected in node_modules\lucide-react\dist\esm\icons\corner-right-down.mjs.map of the Web-Client.
[info] [2026-07-25T18:04:30.247Z] : Change(s) is detected in node_modules\lucide-react\dist\esm\icons\corner-right-up.mjs.map of the Web-Client.
[info] [2026-07-25T18:04:30.247Z] : Change(s) is detected in node_modules\lucide-react\dist\esm\icons\corner-up-left.mjs.map of the Web-Client.
[info] [2026-07-25T18:04:30.247Z] : Change(s) is detected in node_modules\lucide-react\dist\esm\icons\corner-up-right.mjs.map of the Web-Client.
[info] [2026-07-25T18:04:30.247Z] : Change(s) is detected in node_modules\lucide-react\dist\esm\icons\cpu.mjs.map of the Web-Client.
[info] [2026-07-25T18:04:30.247Z] : Change(s) is detected in node_modules\lucide-react\dist\esm\icons\creative-commons.mjs.map of the Web-Client.
[info] [2026-07-25T18:04:30.247Z] : Change(s) is detected in node_modules\lucide-react\dist\esm\icons\croissant.mjs.map of the Web-Client.
[info] [2026-07-25T18:04:30.248Z] : Change(s) is detected in node_modules\lucide-react\dist\esm\icons\crop.mjs.map of the Web-Client.
[info] [2026-07-25T18:04:30.248Z] : Change(s) is detected in node_modules\lucide-react\dist\esm\icons\credit-card.mjs.map of the Web-Client.
[info] [2026-07-25T18:04:30.248Z] : Change(s) is detected in node_modules\lucide-react\dist\esm\icons\cross.mjs.map of the Web-Client.
[info] [2026-07-25T18:04:30.248Z] : Change(s) is detected in node_modules\lucide-react\dist\esm\icons\crosshair.mjs.map of the Web-Client.
[info] [2026-07-25T18:04:30.248Z] : Change(s) is detected in node_modules\lucide-react\dist\esm\icons\crown.mjs.map of the Web-Client.
[info] [2026-07-25T18:04:30.248Z] : Change(s) is detected in node_modules\lucide-react\dist\esm\icons\cuboid.mjs.map of the Web-Client.
[info] [2026-07-25T18:04:30.248Z] : Change(s) is detected in node_modules\lucide-react\dist\esm\icons\cup-soda.mjs.map of the Web-Client.
[info] [2026-07-25T18:04:30.248Z] : Change(s) is detected in node_modules\lucide-react\dist\esm\icons\curly-braces.mjs of the Web-Client.
[info] [2026-07-25T18:04:30.248Z] : Change(s) is detected in node_modules\lucide-react\dist\esm\icons\curly-braces.mjs.map of the Web-Client.
[info] [2026-07-25T18:04:30.248Z] : Change(s) is detected in node_modules\lucide-react\dist\esm\icons\cylinder.mjs.map of the Web-Client.
[info] [2026-07-25T18:04:30.248Z] : Change(s) is detected in node_modules\lucide-react\dist\esm\icons\dam.mjs.map of the Web-Client.
[info] [2026-07-25T18:04:30.248Z] : Change(s) is detected in node_modules\lucide-react\dist\esm\icons\currency.mjs.map of the Web-Client.
[info] [2026-07-25T18:04:30.248Z] : Change(s) is detected in node_modules\lucide-react\dist\esm\icons\database-arrow-down.mjs.map of the Web-Client.
[info] [2026-07-25T18:04:30.248Z] : Change(s) is detected in node_modules\lucide-react\dist\esm\icons\database-arrow-up.mjs.map of the Web-Client.
[info] [2026-07-25T18:04:30.248Z] : Change(s) is detected in node_modules\lucide-react\dist\esm\icons\database-backup.mjs.map of the Web-Client.
[info] [2026-07-25T18:04:30.248Z] : Change(s) is detected in node_modules\lucide-react\dist\esm\icons\database-check.mjs.map of the Web-Client.
[info] [2026-07-25T18:04:30.248Z] : Change(s) is detected in node_modules\lucide-react\dist\esm\icons\database-minus.mjs.map of the Web-Client.
[info] [2026-07-25T18:04:30.248Z] : Change(s) is detected in node_modules\lucide-react\dist\esm\icons\database-plus.mjs.map of the Web-Client.
[info] [2026-07-25T18:04:30.248Z] : Change(s) is detected in node_modules\lucide-react\dist\esm\icons\database-search.mjs.map of the Web-Client.
[info] [2026-07-25T18:04:30.248Z] : Change(s) is detected in node_modules\lucide-react\dist\esm\icons\database-x.mjs.map of the Web-Client.
[info] [2026-07-25T18:04:30.248Z] : Change(s) is detected in node_modules\lucide-react\dist\esm\icons\database-zap.mjs.map of the Web-Client.
[info] [2026-07-25T18:04:30.248Z] : Change(s) is detected in node_modules\lucide-react\dist\esm\icons\database.mjs.map of the Web-Client.
[info] [2026-07-25T18:04:30.248Z] : Change(s) is detected in node_modules\lucide-react\dist\esm\icons\decimals-arrow-left.mjs.map of the Web-Client.
[info] [2026-07-25T18:04:30.248Z] : Change(s) is detected in node_modules\lucide-react\dist\esm\icons\decimals-arrow-right.mjs.map of the Web-Client.
[info] [2026-07-25T18:04:30.248Z] : Change(s) is detected in node_modules\lucide-react\dist\esm\icons\delete.mjs.map of the Web-Client.
[info] [2026-07-25T18:04:30.248Z] : Change(s) is detected in node_modules\lucide-react\dist\esm\icons\dessert.mjs.map of the Web-Client.
[info] [2026-07-25T18:04:30.248Z] : Change(s) is detected in node_modules\lucide-react\dist\esm\icons\diameter.mjs.map of the Web-Client.
[info] [2026-07-25T18:04:30.248Z] : Change(s) is detected in node_modules\lucide-react\dist\esm\icons\diamond-minus.mjs.map of the Web-Client.
[info] [2026-07-25T18:04:30.248Z] : Change(s) is detected in node_modules\lucide-react\dist\esm\icons\diamond-percent.mjs.map of the Web-Client.
[info] [2026-07-25T18:04:30.248Z] : Change(s) is detected in node_modules\lucide-react\dist\esm\icons\diamond-plus.mjs.map of the Web-Client.
[info] [2026-07-25T18:04:30.248Z] : Change(s) is detected in node_modules\lucide-react\dist\esm\icons\diamond.mjs.map of the Web-Client.
[info] [2026-07-25T18:04:30.248Z] : Change(s) is detected in node_modules\lucide-react\dist\esm\icons\dice-1.mjs.map of the Web-Client.
[info] [2026-07-25T18:04:30.248Z] : Change(s) is detected in node_modules\lucide-react\dist\esm\icons\dice-2.mjs.map of the Web-Client.
[info] [2026-07-25T18:04:30.248Z] : Change(s) is detected in node_modules\lucide-react\dist\esm\icons\dice-3.mjs.map of the Web-Client.
[info] [2026-07-25T18:04:30.248Z] : Change(s) is detected in node_modules\lucide-react\dist\esm\icons\dice-4.mjs.map of the Web-Client.
[info] [2026-07-25T18:04:30.248Z] : Change(s) is detected in node_modules\lucide-react\dist\esm\icons\dice-5.mjs.map of the Web-Client.
[info] [2026-07-25T18:04:30.248Z] : Change(s) is detected in node_modules\lucide-react\dist\esm\icons\dice-6.mjs.map of the Web-Client.
[info] [2026-07-25T18:04:30.248Z] : Change(s) is detected in node_modules\lucide-react\dist\esm\icons\diff.mjs.map of the Web-Client.
[info] [2026-07-25T18:04:30.248Z] : Change(s) is detected in node_modules\lucide-react\dist\esm\icons\disc-2.mjs.map of the Web-Client.
[info] [2026-07-25T18:04:30.248Z] : Change(s) is detected in node_modules\lucide-react\dist\esm\icons\dices.mjs.map of the Web-Client.
[info] [2026-07-25T18:04:30.248Z] : Change(s) is detected in node_modules\lucide-react\dist\esm\icons\disc-3.mjs.map of the Web-Client.
[info] [2026-07-25T18:04:30.248Z] : Change(s) is detected in node_modules\lucide-react\dist\esm\icons\disc-album.mjs.map of the Web-Client.
[info] [2026-07-25T18:04:30.248Z] : Change(s) is detected in node_modules\lucide-react\dist\esm\icons\divide-circle.mjs of the Web-Client.
[info] [2026-07-25T18:04:30.248Z] : Change(s) is detected in node_modules\lucide-react\dist\esm\icons\disc.mjs.map of the Web-Client.
[info] [2026-07-25T18:04:30.248Z] : Change(s) is detected in node_modules\lucide-react\dist\esm\icons\divide-circle.mjs.map of the Web-Client.
[info] [2026-07-25T18:04:30.248Z] : Change(s) is detected in node_modules\lucide-react\dist\esm\icons\divide-square.mjs of the Web-Client.
[info] [2026-07-25T18:04:30.249Z] : Change(s) is detected in node_modules\lucide-react\dist\esm\icons\divide-square.mjs.map of the Web-Client.
[info] [2026-07-25T18:04:30.249Z] : Change(s) is detected in node_modules\lucide-react\dist\esm\icons\divide.mjs.map of the Web-Client.
[info] [2026-07-25T18:04:30.249Z] : Change(s) is detected in node_modules\lucide-react\dist\esm\icons\dna-off.mjs.map of the Web-Client.
[info] [2026-07-25T18:04:30.249Z] : Change(s) is detected in node_modules\lucide-react\dist\esm\icons\dock.mjs.map of the Web-Client.
[info] [2026-07-25T18:04:30.249Z] : Change(s) is detected in node_modules\lucide-react\dist\esm\icons\dna.mjs.map of the Web-Client.
[info] [2026-07-25T18:04:30.249Z] : Change(s) is detected in node_modules\lucide-react\dist\esm\icons\dog.mjs.map of the Web-Client.
[info] [2026-07-25T18:04:30.249Z] : Change(s) is detected in node_modules\lucide-react\dist\esm\icons\dollar-sign.mjs.map of the Web-Client.
[info] [2026-07-25T18:04:30.249Z] : Change(s) is detected in node_modules\lucide-react\dist\esm\icons\donut.mjs.map of the Web-Client.
[info] [2026-07-25T18:04:30.249Z] : Change(s) is detected in node_modules\lucide-react\dist\esm\icons\door-closed-locked.mjs.map of the Web-Client.
[info] [2026-07-25T18:04:30.249Z] : Change(s) is detected in node_modules\lucide-react\dist\esm\icons\door-closed.mjs.map of the Web-Client.
[info] [2026-07-25T18:04:30.249Z] : Change(s) is detected in node_modules\lucide-react\dist\esm\icons\dot-square.mjs.map of the Web-Client.
[info] [2026-07-25T18:04:30.249Z] : Change(s) is detected in node_modules\lucide-react\dist\esm\icons\door-open.mjs.map of the Web-Client.
[info] [2026-07-25T18:04:30.249Z] : Change(s) is detected in node_modules\lucide-react\dist\esm\icons\dot-square.mjs of the Web-Client.
[info] [2026-07-25T18:04:30.249Z] : Change(s) is detected in node_modules\lucide-react\dist\esm\icons\download-cloud.mjs of the Web-Client.
[info] [2026-07-25T18:04:30.249Z] : Change(s) is detected in node_modules\lucide-react\dist\esm\icons\dot.mjs.map of the Web-Client.
[info] [2026-07-25T18:04:30.249Z] : Change(s) is detected in node_modules\lucide-react\dist\esm\icons\download-cloud.mjs.map of the Web-Client.
[info] [2026-07-25T18:04:30.249Z] : Change(s) is detected in node_modules\lucide-react\dist\esm\icons\download.mjs.map of the Web-Client.
[info] [2026-07-25T18:04:30.249Z] : Change(s) is detected in node_modules\lucide-react\dist\esm\icons\drafting-compass.mjs.map of the Web-Client.
[info] [2026-07-25T18:04:30.249Z] : Change(s) is detected in node_modules\lucide-react\dist\esm\icons\drill.mjs.map of the Web-Client.
[info] [2026-07-25T18:04:30.249Z] : Change(s) is detected in node_modules\lucide-react\dist\esm\icons\drama.mjs.map of the Web-Client.
[info] [2026-07-25T18:04:30.249Z] : Change(s) is detected in node_modules\lucide-react\dist\esm\icons\drone.mjs.map of the Web-Client.
[info] [2026-07-25T18:04:30.249Z] : Change(s) is detected in node_modules\lucide-react\dist\esm\icons\droplet.mjs.map of the Web-Client.
[info] [2026-07-25T18:04:30.249Z] : Change(s) is detected in node_modules\lucide-react\dist\esm\icons\droplet-off.mjs.map of the Web-Client.
[info] [2026-07-25T18:04:30.249Z] : Change(s) is detected in node_modules\lucide-react\dist\esm\icons\droplets.mjs.map of the Web-Client.
[info] [2026-07-25T18:04:30.249Z] : Change(s) is detected in node_modules\lucide-react\dist\esm\icons\drum.mjs.map of the Web-Client.
[info] [2026-07-25T18:04:30.249Z] : Change(s) is detected in node_modules\lucide-react\dist\esm\icons\drumstick.mjs.map of the Web-Client.
[info] [2026-07-25T18:04:30.249Z] : Change(s) is detected in node_modules\lucide-react\dist\esm\icons\dumbbell.mjs.map of the Web-Client.
[info] [2026-07-25T18:04:30.249Z] : Change(s) is detected in node_modules\lucide-react\dist\esm\icons\ear.mjs.map of the Web-Client.
[info] [2026-07-25T18:04:30.250Z] : Change(s) is detected in node_modules\lucide-react\dist\esm\icons\ear-off.mjs.map of the Web-Client.
[info] [2026-07-25T18:04:30.250Z] : Change(s) is detected in node_modules\lucide-react\dist\esm\icons\earth-lock.mjs.map of the Web-Client.
[info] [2026-07-25T18:04:30.250Z] : Change(s) is detected in node_modules\lucide-react\dist\esm\icons\earth.mjs.map of the Web-Client.
[info] [2026-07-25T18:04:30.250Z] : Change(s) is detected in node_modules\lucide-react\dist\esm\icons\eclipse.mjs.map of the Web-Client.
[info] [2026-07-25T18:04:30.250Z] : Change(s) is detected in node_modules\lucide-react\dist\esm\icons\edit-2.mjs of the Web-Client.
[info] [2026-07-25T18:04:30.250Z] : Change(s) is detected in node_modules\lucide-react\dist\esm\icons\edit-2.mjs.map of the Web-Client.
[info] [2026-07-25T18:04:30.250Z] : Change(s) is detected in node_modules\lucide-react\dist\esm\icons\edit-3.mjs.map of the Web-Client.
[info] [2026-07-25T18:04:30.250Z] : Change(s) is detected in node_modules\lucide-react\dist\esm\icons\edit-3.mjs of the Web-Client.
[info] [2026-07-25T18:04:30.250Z] : Change(s) is detected in node_modules\lucide-react\dist\esm\icons\edit.mjs.map of the Web-Client.
[info] [2026-07-25T18:04:30.250Z] : Change(s) is detected in node_modules\lucide-react\dist\esm\icons\edit.mjs of the Web-Client.
[info] [2026-07-25T18:04:30.250Z] : Change(s) is detected in node_modules\lucide-react\dist\esm\icons\egg-fried.mjs.map of the Web-Client.
[info] [2026-07-25T18:04:30.250Z] : Change(s) is detected in node_modules\lucide-react\dist\esm\icons\egg-off.mjs.map of the Web-Client.
[info] [2026-07-25T18:04:30.250Z] : Change(s) is detected in node_modules\lucide-react\dist\esm\icons\egg.mjs.map of the Web-Client.
[info] [2026-07-25T18:04:30.250Z] : Change(s) is detected in node_modules\lucide-react\dist\esm\icons\ellipsis-vertical.mjs.map of the Web-Client.
[info] [2026-07-25T18:04:30.250Z] : Change(s) is detected in node_modules\lucide-react\dist\esm\icons\ellipse.mjs.map of the Web-Client.
[info] [2026-07-25T18:04:30.250Z] : Change(s) is detected in node_modules\lucide-react\dist\esm\icons\ellipsis.mjs.map of the Web-Client.
[info] [2026-07-25T18:04:30.250Z] : Change(s) is detected in node_modules\lucide-react\dist\esm\icons\equal-approximately.mjs.map of the Web-Client.
[info] [2026-07-25T18:04:30.250Z] : Change(s) is detected in node_modules\lucide-react\dist\esm\icons\equal-not.mjs.map of the Web-Client.
[info] [2026-07-25T18:04:30.250Z] : Change(s) is detected in node_modules\lucide-react\dist\esm\icons\equal-square.mjs of the Web-Client.
[info] [2026-07-25T18:04:30.250Z] : Change(s) is detected in node_modules\lucide-react\dist\esm\icons\equal-square.mjs.map of the Web-Client.
[info] [2026-07-25T18:04:30.250Z] : Change(s) is detected in node_modules\lucide-react\dist\esm\icons\equal.mjs.map of the Web-Client.
[info] [2026-07-25T18:04:30.250Z] : Change(s) is detected in node_modules\lucide-react\dist\esm\icons\eraser.mjs.map of the Web-Client.
[info] [2026-07-25T18:04:30.250Z] : Change(s) is detected in node_modules\lucide-react\dist\esm\icons\ethernet-port.mjs.map of the Web-Client.
[info] [2026-07-25T18:04:30.250Z] : Change(s) is detected in node_modules\lucide-react\dist\esm\icons\euro.mjs.map of the Web-Client.
[info] [2026-07-25T18:04:30.250Z] : Change(s) is detected in node_modules\lucide-react\dist\esm\icons\ev-charger.mjs.map of the Web-Client.
[info] [2026-07-25T18:04:30.250Z] : Change(s) is detected in node_modules\lucide-react\dist\esm\icons\external-link.mjs.map of the Web-Client.
[info] [2026-07-25T18:04:30.250Z] : Change(s) is detected in node_modules\lucide-react\dist\esm\icons\expand.mjs.map of the Web-Client.
[info] [2026-07-25T18:04:30.251Z] : Change(s) is detected in node_modules\lucide-react\dist\esm\icons\eye-closed.mjs.map of the Web-Client.
[info] [2026-07-25T18:04:30.251Z] : Change(s) is detected in node_modules\lucide-react\dist\esm\icons\eye-dashed.mjs.map of the Web-Client.
[info] [2026-07-25T18:04:30.251Z] : Change(s) is detected in node_modules\lucide-react\dist\esm\icons\eye-off.mjs.map of the Web-Client.
[info] [2026-07-25T18:04:30.251Z] : Change(s) is detected in node_modules\lucide-react\dist\esm\icons\eye.mjs.map of the Web-Client.
[info] [2026-07-25T18:04:30.251Z] : Change(s) is detected in node_modules\lucide-react\dist\esm\icons\factory.mjs.map of the Web-Client.
[info] [2026-07-25T18:04:30.251Z] : Change(s) is detected in node_modules\lucide-react\dist\esm\icons\fan.mjs.map of the Web-Client.
[info] [2026-07-25T18:04:30.251Z] : Change(s) is detected in node_modules\lucide-react\dist\esm\icons\fast-forward.mjs.map of the Web-Client.
[info] [2026-07-25T18:04:30.251Z] : Change(s) is detected in node_modules\lucide-react\dist\esm\icons\feather.mjs.map of the Web-Client.
[info] [2026-07-25T18:04:30.251Z] : Change(s) is detected in node_modules\lucide-react\dist\esm\icons\ferris-wheel.mjs.map of the Web-Client.
[info] [2026-07-25T18:04:30.251Z] : Change(s) is detected in node_modules\lucide-react\dist\esm\icons\fence.mjs.map of the Web-Client.
[info] [2026-07-25T18:04:30.251Z] : Change(s) is detected in node_modules\lucide-react\dist\esm\icons\file-audio-2.mjs of the Web-Client.
[info] [2026-07-25T18:04:30.251Z] : Change(s) is detected in node_modules\lucide-react\dist\esm\icons\file-audio.mjs of the Web-Client.
[info] [2026-07-25T18:04:30.251Z] : Change(s) is detected in node_modules\lucide-react\dist\esm\icons\file-archive.mjs.map of the Web-Client.
[info] [2026-07-25T18:04:30.251Z] : Change(s) is detected in node_modules\lucide-react\dist\esm\icons\file-audio-2.mjs.map of the Web-Client.
[info] [2026-07-25T18:04:30.251Z] : Change(s) is detected in node_modules\lucide-react\dist\esm\icons\file-axis-3-d.mjs of the Web-Client.
[info] [2026-07-25T18:04:30.251Z] : Change(s) is detected in node_modules\lucide-react\dist\esm\icons\file-audio.mjs.map of the Web-Client.
[info] [2026-07-25T18:04:30.251Z] : Change(s) is detected in node_modules\lucide-react\dist\esm\icons\file-axis-3-d.mjs.map of the Web-Client.
[info] [2026-07-25T18:04:30.251Z] : Change(s) is detected in node_modules\lucide-react\dist\esm\icons\file-axis-3d.mjs.map of the Web-Client.
[info] [2026-07-25T18:04:30.252Z] : Change(s) is detected in node_modules\lucide-react\dist\esm\icons\file-badge-2.mjs.map of the Web-Client.
[info] [2026-07-25T18:04:30.252Z] : Change(s) is detected in node_modules\lucide-react\dist\esm\icons\file-badge-2.mjs of the Web-Client.
[info] [2026-07-25T18:04:30.252Z] : Change(s) is detected in node_modules\lucide-react\dist\esm\icons\file-badge.mjs.map of the Web-Client.
[info] [2026-07-25T18:04:30.252Z] : Change(s) is detected in node_modules\lucide-react\dist\esm\icons\file-bar-chart-2.mjs of the Web-Client.
[info] [2026-07-25T18:04:30.252Z] : Change(s) is detected in node_modules\lucide-react\dist\esm\icons\file-bar-chart-2.mjs.map of the Web-Client.
[info] [2026-07-25T18:04:30.252Z] : Change(s) is detected in node_modules\lucide-react\dist\esm\icons\file-bar-chart.mjs of the Web-Client.
[info] [2026-07-25T18:04:30.252Z] : Change(s) is detected in node_modules\lucide-react\dist\esm\icons\file-bar-chart.mjs.map of the Web-Client.
[info] [2026-07-25T18:04:30.252Z] : Change(s) is detected in node_modules\lucide-react\dist\esm\icons\file-box.mjs.map of the Web-Client.
[info] [2026-07-25T18:04:30.252Z] : Change(s) is detected in node_modules\lucide-react\dist\esm\icons\file-braces-corner.mjs.map of the Web-Client.
[info] [2026-07-25T18:04:30.252Z] : Change(s) is detected in node_modules\lucide-react\dist\esm\icons\file-braces.mjs.map of the Web-Client.
[info] [2026-07-25T18:04:30.252Z] : Change(s) is detected in node_modules\lucide-react\dist\esm\icons\file-chart-column-increasing.mjs.map of the Web-Client.
[info] [2026-07-25T18:04:30.252Z] : Change(s) is detected in node_modules\lucide-react\dist\esm\icons\file-chart-column.mjs.map of the Web-Client.
[info] [2026-07-25T18:04:30.252Z] : Change(s) is detected in node_modules\lucide-react\dist\esm\icons\file-chart-pie.mjs.map of the Web-Client.
[info] [2026-07-25T18:04:30.252Z] : Change(s) is detected in node_modules\lucide-react\dist\esm\icons\file-chart-line.mjs.map of the Web-Client.
[info] [2026-07-25T18:04:30.252Z] : Change(s) is detected in node_modules\lucide-react\dist\esm\icons\file-check-2.mjs of the Web-Client.
[info] [2026-07-25T18:04:30.252Z] : Change(s) is detected in node_modules\lucide-react\dist\esm\icons\file-check-2.mjs.map of the Web-Client.
[info] [2026-07-25T18:04:30.252Z] : Change(s) is detected in node_modules\lucide-react\dist\esm\icons\file-check-corner.mjs.map of the Web-Client.
[info] [2026-07-25T18:04:30.252Z] : Change(s) is detected in node_modules\lucide-react\dist\esm\icons\file-check.mjs.map of the Web-Client.
[info] [2026-07-25T18:04:30.252Z] : Change(s) is detected in node_modules\lucide-react\dist\esm\icons\file-clock.mjs.map of the Web-Client.
[info] [2026-07-25T18:04:30.252Z] : Change(s) is detected in node_modules\lucide-react\dist\esm\icons\file-code-2.mjs.map of the Web-Client.
[info] [2026-07-25T18:04:30.252Z] : Change(s) is detected in node_modules\lucide-react\dist\esm\icons\file-code-2.mjs of the Web-Client.
[info] [2026-07-25T18:04:30.252Z] : Change(s) is detected in node_modules\lucide-react\dist\esm\icons\file-code-corner.mjs.map of the Web-Client.
[info] [2026-07-25T18:04:30.253Z] : Change(s) is detected in node_modules\lucide-react\dist\esm\icons\file-cog-2.mjs of the Web-Client.
[info] [2026-07-25T18:04:30.253Z] : Change(s) is detected in node_modules\lucide-react\dist\esm\icons\file-code.mjs.map of the Web-Client.
[info] [2026-07-25T18:04:30.253Z] : Change(s) is detected in node_modules\lucide-react\dist\esm\icons\file-cog-2.mjs.map of the Web-Client.
[info] [2026-07-25T18:04:30.253Z] : Change(s) is detected in node_modules\lucide-react\dist\esm\icons\file-cog.mjs.map of the Web-Client.
[info] [2026-07-25T18:04:30.253Z] : Change(s) is detected in node_modules\lucide-react\dist\esm\icons\file-diff.mjs.map of the Web-Client.
[info] [2026-07-25T18:04:30.253Z] : Change(s) is detected in node_modules\lucide-react\dist\esm\icons\file-digit.mjs.map of the Web-Client.
[info] [2026-07-25T18:04:30.253Z] : Change(s) is detected in node_modules\lucide-react\dist\esm\icons\file-down.mjs.map of the Web-Client.
[info] [2026-07-25T18:04:30.253Z] : Change(s) is detected in node_modules\lucide-react\dist\esm\icons\file-edit.mjs of the Web-Client.
[info] [2026-07-25T18:04:30.253Z] : Change(s) is detected in node_modules\lucide-react\dist\esm\icons\file-edit.mjs.map of the Web-Client.
[info] [2026-07-25T18:04:30.253Z] : Change(s) is detected in node_modules\lucide-react\dist\esm\icons\file-exclamation-point.mjs.map of the Web-Client.
[info] [2026-07-25T18:04:30.253Z] : Change(s) is detected in node_modules\lucide-react\dist\esm\icons\file-headphone.mjs.map of the Web-Client.
[info] [2026-07-25T18:04:30.253Z] : Change(s) is detected in node_modules\lucide-react\dist\esm\icons\file-image.mjs.map of the Web-Client.
[info] [2026-07-25T18:04:30.253Z] : Change(s) is detected in node_modules\lucide-react\dist\esm\icons\file-heart.mjs.map of the Web-Client.
[info] [2026-07-25T18:04:30.253Z] : Change(s) is detected in node_modules\lucide-react\dist\esm\icons\file-input.mjs.map of the Web-Client.
[info] [2026-07-25T18:04:30.253Z] : Change(s) is detected in node_modules\lucide-react\dist\esm\icons\file-json-2.mjs of the Web-Client.
[info] [2026-07-25T18:04:30.254Z] : Change(s) is detected in node_modules\lucide-react\dist\esm\icons\file-json-2.mjs.map of the Web-Client.
[info] [2026-07-25T18:04:30.254Z] : Change(s) is detected in node_modules\lucide-react\dist\esm\icons\file-json.mjs.map of the Web-Client.
[info] [2026-07-25T18:04:30.254Z] : Change(s) is detected in node_modules\lucide-react\dist\esm\icons\file-key-2.mjs of the Web-Client.
[info] [2026-07-25T18:04:30.254Z] : Change(s) is detected in node_modules\lucide-react\dist\esm\icons\file-json.mjs of the Web-Client.
[info] [2026-07-25T18:04:30.254Z] : Change(s) is detected in node_modules\lucide-react\dist\esm\icons\file-key-2.mjs.map of the Web-Client.
[info] [2026-07-25T18:04:30.254Z] : Change(s) is detected in node_modules\lucide-react\dist\esm\icons\file-key.mjs.map of the Web-Client.
[info] [2026-07-25T18:04:30.254Z] : Change(s) is detected in node_modules\lucide-react\dist\esm\icons\file-line-chart.mjs of the Web-Client.
[info] [2026-07-25T18:04:30.254Z] : Change(s) is detected in node_modules\lucide-react\dist\esm\icons\file-line-chart.mjs.map of the Web-Client.
[info] [2026-07-25T18:04:30.254Z] : Change(s) is detected in node_modules\lucide-react\dist\esm\icons\file-lock-2.mjs of the Web-Client.
[info] [2026-07-25T18:04:30.254Z] : Change(s) is detected in node_modules\lucide-react\dist\esm\icons\file-lock-2.mjs.map of the Web-Client.
[info] [2026-07-25T18:04:30.254Z] : Change(s) is detected in node_modules\lucide-react\dist\esm\icons\file-lock.mjs.map of the Web-Client.
[info] [2026-07-25T18:04:30.254Z] : Change(s) is detected in node_modules\lucide-react\dist\esm\icons\file-minus-2.mjs.map of the Web-Client.
[info] [2026-07-25T18:04:30.254Z] : Change(s) is detected in node_modules\lucide-react\dist\esm\icons\file-minus-corner.mjs.map of the Web-Client.
[info] [2026-07-25T18:04:30.255Z] : Change(s) is detected in node_modules\lucide-react\dist\esm\icons\file-minus-2.mjs of the Web-Client.
[info] [2026-07-25T18:04:30.255Z] : Change(s) is detected in node_modules\lucide-react\dist\esm\icons\file-minus.mjs.map of the Web-Client.
[info] [2026-07-25T18:04:30.255Z] : Change(s) is detected in node_modules\lucide-react\dist\esm\icons\file-music.mjs.map of the Web-Client.
[info] [2026-07-25T18:04:30.255Z] : Change(s) is detected in node_modules\lucide-react\dist\esm\icons\file-output.mjs.map of the Web-Client.
[info] [2026-07-25T18:04:30.255Z] : Change(s) is detected in node_modules\lucide-react\dist\esm\icons\file-pen-line.mjs.map of the Web-Client.
[info] [2026-07-25T18:04:30.255Z] : Change(s) is detected in node_modules\lucide-react\dist\esm\icons\file-pen.mjs.map of the Web-Client.
[info] [2026-07-25T18:04:30.255Z] : Change(s) is detected in node_modules\lucide-react\dist\esm\icons\file-pie-chart.mjs of the Web-Client.
[info] [2026-07-25T18:04:30.255Z] : Change(s) is detected in node_modules\lucide-react\dist\esm\icons\file-pie-chart.mjs.map of the Web-Client.
[info] [2026-07-25T18:04:30.256Z] : Change(s) is detected in node_modules\lucide-react\dist\esm\icons\file-plus-2.mjs of the Web-Client.
[info] [2026-07-25T18:04:30.256Z] : Change(s) is detected in node_modules\lucide-react\dist\esm\icons\file-play.mjs.map of the Web-Client.
[info] [2026-07-25T18:04:30.256Z] : Change(s) is detected in node_modules\lucide-react\dist\esm\icons\file-plus-2.mjs.map of the Web-Client.
[info] [2026-07-25T18:04:30.256Z] : Change(s) is detected in node_modules\lucide-react\dist\esm\icons\file-plus-corner.mjs.map of the Web-Client.
[info] [2026-07-25T18:04:30.256Z] : Change(s) is detected in node_modules\lucide-react\dist\esm\icons\file-question-mark.mjs.map of the Web-Client.
[info] [2026-07-25T18:04:30.256Z] : Change(s) is detected in node_modules\lucide-react\dist\esm\icons\file-plus.mjs.map of the Web-Client.
[info] [2026-07-25T18:04:30.256Z] : Change(s) is detected in node_modules\lucide-react\dist\esm\icons\file-question.mjs of the Web-Client.
[info] [2026-07-25T18:04:30.256Z] : Change(s) is detected in node_modules\lucide-react\dist\esm\icons\file-search-2.mjs.map of the Web-Client.
[info] [2026-07-25T18:04:30.256Z] : Change(s) is detected in node_modules\lucide-react\dist\esm\icons\file-question.mjs.map of the Web-Client.
[info] [2026-07-25T18:04:30.256Z] : Change(s) is detected in node_modules\lucide-react\dist\esm\icons\file-search-2.mjs of the Web-Client.
[info] [2026-07-25T18:04:30.256Z] : Change(s) is detected in node_modules\lucide-react\dist\esm\icons\file-search-corner.mjs.map of the Web-Client.
[info] [2026-07-25T18:04:30.256Z] : Change(s) is detected in node_modules\lucide-react\dist\esm\icons\file-scan.mjs.map of the Web-Client.
[info] [2026-07-25T18:04:30.256Z] : Change(s) is detected in node_modules\lucide-react\dist\esm\icons\file-search.mjs.map of the Web-Client.
[info] [2026-07-25T18:04:30.256Z] : Change(s) is detected in node_modules\lucide-react\dist\esm\icons\file-signal.mjs.map of the Web-Client.
[info] [2026-07-25T18:04:30.256Z] : Change(s) is detected in node_modules\lucide-react\dist\esm\icons\file-signature.mjs of the Web-Client.
[info] [2026-07-25T18:04:30.256Z] : Change(s) is detected in node_modules\lucide-react\dist\esm\icons\file-signature.mjs.map of the Web-Client.
[info] [2026-07-25T18:04:30.256Z] : Change(s) is detected in node_modules\lucide-react\dist\esm\icons\file-sliders.mjs.map of the Web-Client.
[info] [2026-07-25T18:04:30.256Z] : Change(s) is detected in node_modules\lucide-react\dist\esm\icons\file-spreadsheet.mjs.map of the Web-Client.
[info] [2026-07-25T18:04:30.256Z] : Change(s) is detected in node_modules\lucide-react\dist\esm\icons\file-stack.mjs.map of the Web-Client.
[info] [2026-07-25T18:04:30.256Z] : Change(s) is detected in node_modules\lucide-react\dist\esm\icons\file-symlink.mjs.map of the Web-Client.
[info] [2026-07-25T18:04:30.256Z] : Change(s) is detected in node_modules\lucide-react\dist\esm\icons\file-terminal.mjs.map of the Web-Client.
[info] [2026-07-25T18:04:30.256Z] : Change(s) is detected in node_modules\lucide-react\dist\esm\icons\file-text.mjs.map of the Web-Client.
[info] [2026-07-25T18:04:30.257Z] : Change(s) is detected in node_modules\lucide-react\dist\esm\icons\file-type-2.mjs of the Web-Client.
[info] [2026-07-25T18:04:30.257Z] : Change(s) is detected in node_modules\lucide-react\dist\esm\icons\file-type-2.mjs.map of the Web-Client.
[info] [2026-07-25T18:04:30.257Z] : Change(s) is detected in node_modules\lucide-react\dist\esm\icons\file-type.mjs.map of the Web-Client.
[info] [2026-07-25T18:04:30.257Z] : Change(s) is detected in node_modules\lucide-react\dist\esm\icons\file-type-corner.mjs.map of the Web-Client.
[info] [2026-07-25T18:04:30.257Z] : Change(s) is detected in node_modules\lucide-react\dist\esm\icons\file-up.mjs.map of the Web-Client.
[info] [2026-07-25T18:04:30.257Z] : Change(s) is detected in node_modules\lucide-react\dist\esm\icons\file-video-2.mjs of the Web-Client.
[info] [2026-07-25T18:04:30.257Z] : Change(s) is detected in node_modules\lucide-react\dist\esm\icons\file-user.mjs.map of the Web-Client.
[info] [2026-07-25T18:04:30.257Z] : Change(s) is detected in node_modules\lucide-react\dist\esm\icons\file-video-2.mjs.map of the Web-Client.
[info] [2026-07-25T18:04:30.257Z] : Change(s) is detected in node_modules\lucide-react\dist\esm\icons\file-video-camera.mjs.map of the Web-Client.
[info] [2026-07-25T18:04:30.257Z] : Change(s) is detected in node_modules\lucide-react\dist\esm\icons\file-video.mjs.map of the Web-Client.
[info] [2026-07-25T18:04:30.257Z] : Change(s) is detected in node_modules\lucide-react\dist\esm\icons\file-video.mjs of the Web-Client.
[info] [2026-07-25T18:04:30.257Z] : Change(s) is detected in node_modules\lucide-react\dist\esm\icons\file-volume-2.mjs of the Web-Client.
[info] [2026-07-25T18:04:30.257Z] : Change(s) is detected in node_modules\lucide-react\dist\esm\icons\file-volume-2.mjs.map of the Web-Client.
[info] [2026-07-25T18:04:30.257Z] : Change(s) is detected in node_modules\lucide-react\dist\esm\icons\file-warning.mjs of the Web-Client.
[info] [2026-07-25T18:04:30.257Z] : Change(s) is detected in node_modules\lucide-react\dist\esm\icons\file-warning.mjs.map of the Web-Client.
[info] [2026-07-25T18:04:30.257Z] : Change(s) is detected in node_modules\lucide-react\dist\esm\icons\file-volume.mjs.map of the Web-Client.
[info] [2026-07-25T18:04:30.257Z] : Change(s) is detected in node_modules\lucide-react\dist\esm\icons\file-x-2.mjs of the Web-Client.
[info] [2026-07-25T18:04:30.257Z] : Change(s) is detected in node_modules\lucide-react\dist\esm\icons\file-x-2.mjs.map of the Web-Client.
[info] [2026-07-25T18:04:30.259Z] : Change(s) is detected in node_modules\lucide-react\dist\esm\icons\file-x-corner.mjs.map of the Web-Client.
[info] [2026-07-25T18:04:30.259Z] : Change(s) is detected in node_modules\lucide-react\dist\esm\icons\file-x.mjs.map of the Web-Client.
[info] [2026-07-25T18:04:30.259Z] : Change(s) is detected in node_modules\lucide-react\dist\esm\icons\file.mjs.map of the Web-Client.
[info] [2026-07-25T18:04:30.259Z] : Change(s) is detected in node_modules\lucide-react\dist\esm\icons\film.mjs.map of the Web-Client.
[info] [2026-07-25T18:04:30.259Z] : Change(s) is detected in node_modules\lucide-react\dist\esm\icons\filter-x.mjs.map of the Web-Client.
[info] [2026-07-25T18:04:30.259Z] : Change(s) is detected in node_modules\lucide-react\dist\esm\icons\filter.mjs of the Web-Client.
[info] [2026-07-25T18:04:30.259Z] : Change(s) is detected in node_modules\lucide-react\dist\esm\icons\files.mjs.map of the Web-Client.
[info] [2026-07-25T18:04:30.259Z] : Change(s) is detected in node_modules\lucide-react\dist\esm\icons\filter-x.mjs of the Web-Client.
[info] [2026-07-25T18:04:30.259Z] : Change(s) is detected in node_modules\lucide-react\dist\esm\icons\filter.mjs.map of the Web-Client.
[info] [2026-07-25T18:04:30.259Z] : Change(s) is detected in node_modules\lucide-react\dist\esm\icons\fingerprint-pattern.mjs.map of the Web-Client.
[info] [2026-07-25T18:04:30.259Z] : Change(s) is detected in node_modules\lucide-react\dist\esm\icons\fire-extinguisher.mjs.map of the Web-Client.
[info] [2026-07-25T18:04:30.259Z] : Change(s) is detected in node_modules\lucide-react\dist\esm\icons\fish-off.mjs.map of the Web-Client.
[info] [2026-07-25T18:04:30.259Z] : Change(s) is detected in node_modules\lucide-react\dist\esm\icons\fish-symbol.mjs.map of the Web-Client.
[info] [2026-07-25T18:04:30.259Z] : Change(s) is detected in node_modules\lucide-react\dist\esm\icons\fish.mjs.map of the Web-Client.
[info] [2026-07-25T18:04:30.259Z] : Change(s) is detected in node_modules\lucide-react\dist\esm\icons\fishing-hook.mjs.map of the Web-Client.
[info] [2026-07-25T18:04:30.259Z] : Change(s) is detected in node_modules\lucide-react\dist\esm\icons\fishing-rod.mjs.map of the Web-Client.
[info] [2026-07-25T18:04:30.260Z] : Change(s) is detected in node_modules\lucide-react\dist\esm\icons\flag-off.mjs.map of the Web-Client.
[info] [2026-07-25T18:04:30.260Z] : Change(s) is detected in node_modules\lucide-react\dist\esm\icons\flag-triangle-left.mjs.map of the Web-Client.
[info] [2026-07-25T18:04:30.260Z] : Change(s) is detected in node_modules\lucide-react\dist\esm\icons\flag-triangle-right.mjs.map of the Web-Client.
[info] [2026-07-25T18:04:30.260Z] : Change(s) is detected in node_modules\lucide-react\dist\esm\icons\flag.mjs.map of the Web-Client.
[info] [2026-07-25T18:04:30.260Z] : Change(s) is detected in node_modules\lucide-react\dist\esm\icons\flame-kindling.mjs.map of the Web-Client.
[info] [2026-07-25T18:04:30.260Z] : Change(s) is detected in node_modules\lucide-react\dist\esm\icons\flame.mjs.map of the Web-Client.
[info] [2026-07-25T18:04:30.260Z] : Change(s) is detected in node_modules\lucide-react\dist\esm\icons\flashlight-off.mjs.map of the Web-Client.
[info] [2026-07-25T18:04:30.260Z] : Change(s) is detected in node_modules\lucide-react\dist\esm\icons\flashlight.mjs.map of the Web-Client.
[info] [2026-07-25T18:04:30.260Z] : Change(s) is detected in node_modules\lucide-react\dist\esm\icons\flask-conical-off.mjs.map of the Web-Client.
[info] [2026-07-25T18:04:30.260Z] : Change(s) is detected in node_modules\lucide-react\dist\esm\icons\flask-conical.mjs.map of the Web-Client.
[info] [2026-07-25T18:04:30.260Z] : Change(s) is detected in node_modules\lucide-react\dist\esm\icons\flask-round.mjs.map of the Web-Client.
[info] [2026-07-25T18:04:30.260Z] : Change(s) is detected in node_modules\lucide-react\dist\esm\icons\flip-horizontal-2.mjs.map of the Web-Client.
[info] [2026-07-25T18:04:30.260Z] : Change(s) is detected in node_modules\lucide-react\dist\esm\icons\flip-horizontal.mjs of the Web-Client.
[info] [2026-07-25T18:04:30.260Z] : Change(s) is detected in node_modules\lucide-react\dist\esm\icons\flip-horizontal.mjs.map of the Web-Client.
[info] [2026-07-25T18:04:30.260Z] : Change(s) is detected in node_modules\lucide-react\dist\esm\icons\flip-vertical-2.mjs.map of the Web-Client.
[info] [2026-07-25T18:04:30.260Z] : Change(s) is detected in node_modules\lucide-react\dist\esm\icons\flip-vertical.mjs of the Web-Client.
[info] [2026-07-25T18:04:30.260Z] : Change(s) is detected in node_modules\lucide-react\dist\esm\icons\flip-vertical.mjs.map of the Web-Client.
[info] [2026-07-25T18:04:30.260Z] : Change(s) is detected in node_modules\lucide-react\dist\esm\icons\flower-2.mjs.map of the Web-Client.
[info] [2026-07-25T18:04:30.260Z] : Change(s) is detected in node_modules\lucide-react\dist\esm\icons\flower.mjs.map of the Web-Client.
[info] [2026-07-25T18:04:30.260Z] : Change(s) is detected in node_modules\lucide-react\dist\esm\icons\focus.mjs.map of the Web-Client.
[info] [2026-07-25T18:04:30.260Z] : Change(s) is detected in node_modules\lucide-react\dist\esm\icons\fold-vertical.mjs.map of the Web-Client.
[info] [2026-07-25T18:04:30.260Z] : Change(s) is detected in node_modules\lucide-react\dist\esm\icons\folder-bookmark.mjs.map of the Web-Client.
[info] [2026-07-25T18:04:30.260Z] : Change(s) is detected in node_modules\lucide-react\dist\esm\icons\fold-horizontal.mjs.map of the Web-Client.
[info] [2026-07-25T18:04:30.260Z] : Change(s) is detected in node_modules\lucide-react\dist\esm\icons\folder-archive.mjs.map of the Web-Client.
[info] [2026-07-25T18:04:30.261Z] : Change(s) is detected in node_modules\lucide-react\dist\esm\icons\folder-check.mjs.map of the Web-Client.
[info] [2026-07-25T18:04:30.261Z] : Change(s) is detected in node_modules\lucide-react\dist\esm\icons\folder-clock.mjs.map of the Web-Client.
[info] [2026-07-25T18:04:30.261Z] : Change(s) is detected in node_modules\lucide-react\dist\esm\icons\folder-closed.mjs.map of the Web-Client.
[info] [2026-07-25T18:04:30.261Z] : Change(s) is detected in node_modules\lucide-react\dist\esm\icons\folder-code.mjs.map of the Web-Client.
[info] [2026-07-25T18:04:30.261Z] : Change(s) is detected in node_modules\lucide-react\dist\esm\icons\folder-cog-2.mjs.map of the Web-Client.
[info] [2026-07-25T18:04:30.261Z] : Change(s) is detected in node_modules\lucide-react\dist\esm\icons\folder-cog-2.mjs of the Web-Client.
[info] [2026-07-25T18:04:30.261Z] : Change(s) is detected in node_modules\lucide-react\dist\esm\icons\folder-cog.mjs.map of the Web-Client.
[info] [2026-07-25T18:04:30.261Z] : Change(s) is detected in node_modules\lucide-react\dist\esm\icons\folder-dot.mjs.map of the Web-Client.
[info] [2026-07-25T18:04:30.261Z] : Change(s) is detected in node_modules\lucide-react\dist\esm\icons\folder-edit.mjs of the Web-Client.
[info] [2026-07-25T18:04:30.261Z] : Change(s) is detected in node_modules\lucide-react\dist\esm\icons\folder-down.mjs.map of the Web-Client.
[info] [2026-07-25T18:04:30.261Z] : Change(s) is detected in node_modules\lucide-react\dist\esm\icons\folder-edit.mjs.map of the Web-Client.
[info] [2026-07-25T18:04:30.261Z] : Change(s) is detected in node_modules\lucide-react\dist\esm\icons\folder-git-2.mjs.map of the Web-Client.
[info] [2026-07-25T18:04:30.261Z] : Change(s) is detected in node_modules\lucide-react\dist\esm\icons\folder-git.mjs.map of the Web-Client.
[info] [2026-07-25T18:04:30.261Z] : Change(s) is detected in node_modules\lucide-react\dist\esm\icons\folder-heart.mjs.map of the Web-Client.
[info] [2026-07-25T18:04:30.261Z] : Change(s) is detected in node_modules\lucide-react\dist\esm\icons\folder-input.mjs.map of the Web-Client.
[info] [2026-07-25T18:04:30.261Z] : Change(s) is detected in node_modules\lucide-react\dist\esm\icons\folder-kanban.mjs.map of the Web-Client.
[info] [2026-07-25T18:04:30.262Z] : Change(s) is detected in node_modules\lucide-react\dist\esm\icons\folder-key.mjs.map of the Web-Client.
[info] [2026-07-25T18:04:30.262Z] : Change(s) is detected in node_modules\lucide-react\dist\esm\icons\folder-lock.mjs.map of the Web-Client.
[info] [2026-07-25T18:04:30.262Z] : Change(s) is detected in node_modules\lucide-react\dist\esm\icons\folder-minus.mjs.map of the Web-Client.
[info] [2026-07-25T18:04:30.262Z] : Change(s) is detected in node_modules\lucide-react\dist\esm\icons\folder-open-dot.mjs.map of the Web-Client.
[info] [2026-07-25T18:04:30.262Z] : Change(s) is detected in node_modules\lucide-react\dist\esm\icons\folder-open.mjs.map of the Web-Client.
[info] [2026-07-25T18:04:30.262Z] : Change(s) is detected in node_modules\lucide-react\dist\esm\icons\folder-output.mjs.map of the Web-Client.
[info] [2026-07-25T18:04:30.262Z] : Change(s) is detected in node_modules\lucide-react\dist\esm\icons\folder-pen.mjs.map of the Web-Client.
[info] [2026-07-25T18:04:30.262Z] : Change(s) is detected in node_modules\lucide-react\dist\esm\icons\folder-plus.mjs.map of the Web-Client.
[info] [2026-07-25T18:04:30.262Z] : Change(s) is detected in node_modules\lucide-react\dist\esm\icons\folder-root.mjs.map of the Web-Client.
[info] [2026-07-25T18:04:30.262Z] : Change(s) is detected in node_modules\lucide-react\dist\esm\icons\folder-search-2.mjs.map of the Web-Client.
[info] [2026-07-25T18:04:30.263Z] : Change(s) is detected in node_modules\lucide-react\dist\esm\icons\folder-search.mjs.map of the Web-Client.
[info] [2026-07-25T18:04:30.263Z] : Change(s) is detected in node_modules\lucide-react\dist\esm\icons\folder-symlink.mjs.map of the Web-Client.
[info] [2026-07-25T18:04:30.263Z] : Change(s) is detected in node_modules\lucide-react\dist\esm\icons\folder-sync.mjs.map of the Web-Client.
[info] [2026-07-25T18:04:30.263Z] : Change(s) is detected in node_modules\lucide-react\dist\esm\icons\folder-up.mjs.map of the Web-Client.
[info] [2026-07-25T18:04:30.263Z] : Change(s) is detected in node_modules\lucide-react\dist\esm\icons\folder-tree.mjs.map of the Web-Client.
[info] [2026-07-25T18:04:30.263Z] : Change(s) is detected in node_modules\lucide-react\dist\esm\icons\folder-x.mjs.map of the Web-Client.
[info] [2026-07-25T18:04:30.263Z] : Change(s) is detected in node_modules\lucide-react\dist\esm\icons\folder.mjs.map of the Web-Client.
[info] [2026-07-25T18:04:30.263Z] : Change(s) is detected in node_modules\lucide-react\dist\esm\icons\folders.mjs.map of the Web-Client.
[info] [2026-07-25T18:04:30.263Z] : Change(s) is detected in node_modules\lucide-react\dist\esm\icons\footprints.mjs.map of the Web-Client.
[info] [2026-07-25T18:04:30.263Z] : Change(s) is detected in node_modules\lucide-react\dist\esm\icons\fork-knife-crossed.mjs of the Web-Client.
[info] [2026-07-25T18:04:30.263Z] : Change(s) is detected in node_modules\lucide-react\dist\esm\icons\fork-knife.mjs of the Web-Client.
[info] [2026-07-25T18:04:30.263Z] : Change(s) is detected in node_modules\lucide-react\dist\esm\icons\fork-knife-crossed.mjs.map of the Web-Client.
[info] [2026-07-25T18:04:30.263Z] : Change(s) is detected in node_modules\lucide-react\dist\esm\icons\fork-knife.mjs.map of the Web-Client.
[info] [2026-07-25T18:04:30.263Z] : Change(s) is detected in node_modules\lucide-react\dist\esm\icons\form-input.mjs of the Web-Client.
[info] [2026-07-25T18:04:30.263Z] : Change(s) is detected in node_modules\lucide-react\dist\esm\icons\form-input.mjs.map of the Web-Client.
[info] [2026-07-25T18:04:30.263Z] : Change(s) is detected in node_modules\lucide-react\dist\esm\icons\forklift.mjs.map of the Web-Client.
[info] [2026-07-25T18:04:30.263Z] : Change(s) is detected in node_modules\lucide-react\dist\esm\icons\form.mjs.map of the Web-Client.
[info] [2026-07-25T18:04:30.263Z] : Change(s) is detected in node_modules\lucide-react\dist\esm\icons\forward.mjs.map of the Web-Client.
[info] [2026-07-25T18:04:30.263Z] : Change(s) is detected in node_modules\lucide-react\dist\esm\icons\frame.mjs.map of the Web-Client.
[info] [2026-07-25T18:04:30.263Z] : Change(s) is detected in node_modules\lucide-react\dist\esm\icons\frown.mjs.map of the Web-Client.
[info] [2026-07-25T18:04:30.263Z] : Change(s) is detected in node_modules\lucide-react\dist\esm\icons\fuel.mjs.map of the Web-Client.
[info] [2026-07-25T18:04:30.263Z] : Change(s) is detected in node_modules\lucide-react\dist\esm\icons\function-square.mjs of the Web-Client.
[info] [2026-07-25T18:04:30.263Z] : Change(s) is detected in node_modules\lucide-react\dist\esm\icons\function-square.mjs.map of the Web-Client.
[info] [2026-07-25T18:04:30.263Z] : Change(s) is detected in node_modules\lucide-react\dist\esm\icons\fullscreen.mjs.map of the Web-Client.
[info] [2026-07-25T18:04:30.263Z] : Change(s) is detected in node_modules\lucide-react\dist\esm\icons\funnel-plus.mjs.map of the Web-Client.
[info] [2026-07-25T18:04:30.264Z] : Change(s) is detected in node_modules\lucide-react\dist\esm\icons\funnel-x.mjs.map of the Web-Client.
[info] [2026-07-25T18:04:30.264Z] : Change(s) is detected in node_modules\lucide-react\dist\esm\icons\funnel.mjs.map of the Web-Client.
[info] [2026-07-25T18:04:30.264Z] : Change(s) is detected in node_modules\lucide-react\dist\esm\icons\gallery-horizontal-end.mjs.map of the Web-Client.
[info] [2026-07-25T18:04:30.265Z] : Change(s) is detected in node_modules\lucide-react\dist\esm\icons\gallery-horizontal.mjs.map of the Web-Client.
[info] [2026-07-25T18:04:30.265Z] : Change(s) is detected in node_modules\lucide-react\dist\esm\icons\gallery-thumbnails.mjs.map of the Web-Client.
[info] [2026-07-25T18:04:30.265Z] : Change(s) is detected in node_modules\lucide-react\dist\esm\icons\gallery-vertical-end.mjs.map of the Web-Client.
[info] [2026-07-25T18:04:30.265Z] : Change(s) is detected in node_modules\lucide-react\dist\esm\icons\gallery-vertical.mjs.map of the Web-Client.
[info] [2026-07-25T18:04:30.265Z] : Change(s) is detected in node_modules\lucide-react\dist\esm\icons\gamepad-2.mjs.map of the Web-Client.
[info] [2026-07-25T18:04:30.265Z] : Change(s) is detected in node_modules\lucide-react\dist\esm\icons\gamepad.mjs.map of the Web-Client.
[info] [2026-07-25T18:04:30.265Z] : Change(s) is detected in node_modules\lucide-react\dist\esm\icons\gantt-chart-square.mjs of the Web-Client.
[info] [2026-07-25T18:04:30.265Z] : Change(s) is detected in node_modules\lucide-react\dist\esm\icons\gamepad-directional.mjs.map of the Web-Client.
[info] [2026-07-25T18:04:30.265Z] : Change(s) is detected in node_modules\lucide-react\dist\esm\icons\gantt-chart-square.mjs.map of the Web-Client.
[info] [2026-07-25T18:04:30.265Z] : Change(s) is detected in node_modules\lucide-react\dist\esm\icons\gantt-chart.mjs.map of the Web-Client.
[info] [2026-07-25T18:04:30.265Z] : Change(s) is detected in node_modules\lucide-react\dist\esm\icons\gauge-circle.mjs of the Web-Client.
[info] [2026-07-25T18:04:30.265Z] : Change(s) is detected in node_modules\lucide-react\dist\esm\icons\gantt-chart.mjs of the Web-Client.
[info] [2026-07-25T18:04:30.265Z] : Change(s) is detected in node_modules\lucide-react\dist\esm\icons\gauge-circle.mjs.map of the Web-Client.
[info] [2026-07-25T18:04:30.265Z] : Change(s) is detected in node_modules\lucide-react\dist\esm\icons\gauge.mjs.map of the Web-Client.
[info] [2026-07-25T18:04:30.265Z] : Change(s) is detected in node_modules\lucide-react\dist\esm\icons\gavel.mjs.map of the Web-Client.
[info] [2026-07-25T18:04:30.265Z] : Change(s) is detected in node_modules\lucide-react\dist\esm\icons\gem.mjs.map of the Web-Client.
[info] [2026-07-25T18:04:30.265Z] : Change(s) is detected in node_modules\lucide-react\dist\esm\icons\georgian-lari.mjs.map of the Web-Client.
[info] [2026-07-25T18:04:30.265Z] : Change(s) is detected in node_modules\lucide-react\dist\esm\icons\ghost.mjs.map of the Web-Client.
[info] [2026-07-25T18:04:30.265Z] : Change(s) is detected in node_modules\lucide-react\dist\esm\icons\gift.mjs.map of the Web-Client.
[info] [2026-07-25T18:04:30.265Z] : Change(s) is detected in node_modules\lucide-react\dist\esm\icons\git-branch-minus.mjs.map of the Web-Client.
[info] [2026-07-25T18:04:30.265Z] : Change(s) is detected in node_modules\lucide-react\dist\esm\icons\git-branch-plus.mjs.map of the Web-Client.
[info] [2026-07-25T18:04:30.265Z] : Change(s) is detected in node_modules\lucide-react\dist\esm\icons\git-branch.mjs.map of the Web-Client.
[info] [2026-07-25T18:04:30.266Z] : Change(s) is detected in node_modules\lucide-react\dist\esm\icons\git-commit-horizontal.mjs.map of the Web-Client.
[info] [2026-07-25T18:04:30.266Z] : Change(s) is detected in node_modules\lucide-react\dist\esm\icons\git-commit-vertical.mjs.map of the Web-Client.
[info] [2026-07-25T18:04:30.266Z] : Change(s) is detected in node_modules\lucide-react\dist\esm\icons\git-commit.mjs of the Web-Client.
[info] [2026-07-25T18:04:30.266Z] : Change(s) is detected in node_modules\lucide-react\dist\esm\icons\git-commit.mjs.map of the Web-Client.
[info] [2026-07-25T18:04:30.266Z] : Change(s) is detected in node_modules\lucide-react\dist\esm\icons\git-compare-arrows.mjs.map of the Web-Client.
[info] [2026-07-25T18:04:30.266Z] : Change(s) is detected in node_modules\lucide-react\dist\esm\icons\git-compare.mjs.map of the Web-Client.
[info] [2026-07-25T18:04:30.266Z] : Change(s) is detected in node_modules\lucide-react\dist\esm\icons\git-fork.mjs.map of the Web-Client.
[info] [2026-07-25T18:04:30.266Z] : Change(s) is detected in node_modules\lucide-react\dist\esm\icons\git-graph.mjs.map of the Web-Client.
[info] [2026-07-25T18:04:30.266Z] : Change(s) is detected in node_modules\lucide-react\dist\esm\icons\git-merge-conflict.mjs.map of the Web-Client.
[info] [2026-07-25T18:04:30.266Z] : Change(s) is detected in node_modules\lucide-react\dist\esm\icons\git-merge.mjs.map of the Web-Client.
[info] [2026-07-25T18:04:30.266Z] : Change(s) is detected in node_modules\lucide-react\dist\esm\icons\git-pull-request-arrow.mjs.map of the Web-Client.
[info] [2026-07-25T18:04:30.266Z] : Change(s) is detected in node_modules\lucide-react\dist\esm\icons\git-pull-request-closed.mjs.map of the Web-Client.
[info] [2026-07-25T18:04:30.266Z] : Change(s) is detected in node_modules\lucide-react\dist\esm\icons\git-pull-request-create-arrow.mjs.map of the Web-Client.
[info] [2026-07-25T18:04:30.266Z] : Change(s) is detected in node_modules\lucide-react\dist\esm\icons\git-pull-request-create.mjs.map of the Web-Client.
[info] [2026-07-25T18:04:30.266Z] : Change(s) is detected in node_modules\lucide-react\dist\esm\icons\git-pull-request-draft.mjs.map of the Web-Client.
[info] [2026-07-25T18:04:30.266Z] : Change(s) is detected in node_modules\lucide-react\dist\esm\icons\git-pull-request.mjs.map of the Web-Client.
[info] [2026-07-25T18:04:30.266Z] : Change(s) is detected in node_modules\lucide-react\dist\esm\icons\glass-water.mjs.map of the Web-Client.
[info] [2026-07-25T18:04:30.266Z] : Change(s) is detected in node_modules\lucide-react\dist\esm\icons\glasses.mjs.map of the Web-Client.
[info] [2026-07-25T18:04:30.266Z] : Change(s) is detected in node_modules\lucide-react\dist\esm\icons\globe-2.mjs.map of the Web-Client.
[info] [2026-07-25T18:04:30.266Z] : Change(s) is detected in node_modules\lucide-react\dist\esm\icons\globe-2.mjs of the Web-Client.
[info] [2026-07-25T18:04:30.266Z] : Change(s) is detected in node_modules\lucide-react\dist\esm\icons\globe-check.mjs.map of the Web-Client.
[info] [2026-07-25T18:04:30.266Z] : Change(s) is detected in node_modules\lucide-react\dist\esm\icons\globe-lock.mjs.map of the Web-Client.
[info] [2026-07-25T18:04:30.266Z] : Change(s) is detected in node_modules\lucide-react\dist\esm\icons\globe-off.mjs.map of the Web-Client.
[info] [2026-07-25T18:04:30.266Z] : Change(s) is detected in node_modules\lucide-react\dist\esm\icons\globe-x.mjs.map of the Web-Client.
[info] [2026-07-25T18:04:30.267Z] : Change(s) is detected in node_modules\lucide-react\dist\esm\icons\globe.mjs.map of the Web-Client.
[info] [2026-07-25T18:04:30.267Z] : Change(s) is detected in node_modules\lucide-react\dist\esm\icons\goal.mjs.map of the Web-Client.
[info] [2026-07-25T18:04:30.267Z] : Change(s) is detected in node_modules\lucide-react\dist\esm\icons\gpu.mjs.map of the Web-Client.
[info] [2026-07-25T18:04:30.267Z] : Change(s) is detected in node_modules\lucide-react\dist\esm\icons\grab.mjs of the Web-Client.
[info] [2026-07-25T18:04:30.267Z] : Change(s) is detected in node_modules\lucide-react\dist\esm\icons\grab.mjs.map of the Web-Client.
[info] [2026-07-25T18:04:30.267Z] : Change(s) is detected in node_modules\lucide-react\dist\esm\icons\graduation-cap.mjs.map of the Web-Client.
[info] [2026-07-25T18:04:30.267Z] : Change(s) is detected in node_modules\lucide-react\dist\esm\icons\grape.mjs.map of the Web-Client.
[info] [2026-07-25T18:04:30.267Z] : Change(s) is detected in node_modules\lucide-react\dist\esm\icons\grid-2-x-2-check.mjs of the Web-Client.
[info] [2026-07-25T18:04:30.267Z] : Change(s) is detected in node_modules\lucide-react\dist\esm\icons\grid-2-x-2-plus.mjs.map of the Web-Client.
[info] [2026-07-25T18:04:30.267Z] : Change(s) is detected in node_modules\lucide-react\dist\esm\icons\grid-2-x-2-check.mjs.map of the Web-Client.
[info] [2026-07-25T18:04:30.267Z] : Change(s) is detected in node_modules\lucide-react\dist\esm\icons\grid-2-x-2-plus.mjs of the Web-Client.
[info] [2026-07-25T18:04:30.267Z] : Change(s) is detected in node_modules\lucide-react\dist\esm\icons\grid-2-x-2.mjs of the Web-Client.
[info] [2026-07-25T18:04:30.267Z] : Change(s) is detected in node_modules\lucide-react\dist\esm\icons\grid-2-x-2-x.mjs.map of the Web-Client.
[info] [2026-07-25T18:04:30.267Z] : Change(s) is detected in node_modules\lucide-react\dist\esm\icons\grid-2-x-2.mjs.map of the Web-Client.
[info] [2026-07-25T18:04:30.267Z] : Change(s) is detected in node_modules\lucide-react\dist\esm\icons\grid-2-x-2-x.mjs of the Web-Client.
[info] [2026-07-25T18:04:30.267Z] : Change(s) is detected in node_modules\lucide-react\dist\esm\icons\grid-2x2-check.mjs.map of the Web-Client.
[info] [2026-07-25T18:04:30.267Z] : Change(s) is detected in node_modules\lucide-react\dist\esm\icons\grid-2x2-plus.mjs.map of the Web-Client.
[info] [2026-07-25T18:04:30.267Z] : Change(s) is detected in node_modules\lucide-react\dist\esm\icons\grid-2x2-x.mjs.map of the Web-Client.
[info] [2026-07-25T18:04:30.268Z] : Change(s) is detected in node_modules\lucide-react\dist\esm\icons\grid-2x2.mjs.map of the Web-Client.
[info] [2026-07-25T18:04:30.268Z] : Change(s) is detected in node_modules\lucide-react\dist\esm\icons\grid-3-x-3.mjs of the Web-Client.
[info] [2026-07-25T18:04:30.268Z] : Change(s) is detected in node_modules\lucide-react\dist\esm\icons\grid-3-x-3.mjs.map of the Web-Client.
[info] [2026-07-25T18:04:30.268Z] : Change(s) is detected in node_modules\lucide-react\dist\esm\icons\grid-3x2.mjs.map of the Web-Client.
[info] [2026-07-25T18:04:30.268Z] : Change(s) is detected in node_modules\lucide-react\dist\esm\icons\grid-3x3.mjs.map of the Web-Client.
[info] [2026-07-25T18:04:30.268Z] : Change(s) is detected in node_modules\lucide-react\dist\esm\icons\grid.mjs of the Web-Client.
[info] [2026-07-25T18:04:30.268Z] : Change(s) is detected in node_modules\lucide-react\dist\esm\icons\grid.mjs.map of the Web-Client.
[info] [2026-07-25T18:04:30.268Z] : Change(s) is detected in node_modules\lucide-react\dist\esm\icons\grip-horizontal.mjs.map of the Web-Client.
[info] [2026-07-25T18:04:30.268Z] : Change(s) is detected in node_modules\lucide-react\dist\esm\icons\grip-vertical.mjs.map of the Web-Client.
[info] [2026-07-25T18:04:30.268Z] : Change(s) is detected in node_modules\lucide-react\dist\esm\icons\grip.mjs.map of the Web-Client.
[info] [2026-07-25T18:04:30.268Z] : Change(s) is detected in node_modules\lucide-react\dist\esm\icons\group.mjs.map of the Web-Client.
[info] [2026-07-25T18:04:30.269Z] : Change(s) is detected in node_modules\lucide-react\dist\esm\icons\guitar.mjs.map of the Web-Client.
[info] [2026-07-25T18:04:30.269Z] : Change(s) is detected in node_modules\lucide-react\dist\esm\icons\ham.mjs.map of the Web-Client.
[info] [2026-07-25T18:04:30.269Z] : Change(s) is detected in node_modules\lucide-react\dist\esm\icons\hamburger.mjs.map of the Web-Client.
[info] [2026-07-25T18:04:30.269Z] : Change(s) is detected in node_modules\lucide-react\dist\esm\icons\hammer.mjs.map of the Web-Client.
[info] [2026-07-25T18:04:30.269Z] : Change(s) is detected in node_modules\lucide-react\dist\esm\icons\hand-fist.mjs.map of the Web-Client.
[info] [2026-07-25T18:04:30.269Z] : Change(s) is detected in node_modules\lucide-react\dist\esm\icons\hand-coins.mjs.map of the Web-Client.
[info] [2026-07-25T18:04:30.269Z] : Change(s) is detected in node_modules\lucide-react\dist\esm\icons\hand-grab.mjs.map of the Web-Client.
[info] [2026-07-25T18:04:30.269Z] : Change(s) is detected in node_modules\lucide-react\dist\esm\icons\hand-heart.mjs.map of the Web-Client.
[info] [2026-07-25T18:04:30.269Z] : Change(s) is detected in node_modules\lucide-react\dist\esm\icons\hand-helping.mjs.map of the Web-Client.
[info] [2026-07-25T18:04:30.269Z] : Change(s) is detected in node_modules\lucide-react\dist\esm\icons\hand-platter.mjs.map of the Web-Client.
[info] [2026-07-25T18:04:30.269Z] : Change(s) is detected in node_modules\lucide-react\dist\esm\icons\hand-metal.mjs.map of the Web-Client.
[info] [2026-07-25T18:04:30.269Z] : Change(s) is detected in node_modules\lucide-react\dist\esm\icons\hand.mjs.map of the Web-Client.
[info] [2026-07-25T18:04:30.269Z] : Change(s) is detected in node_modules\lucide-react\dist\esm\icons\handbag.mjs.map of the Web-Client.
[info] [2026-07-25T18:04:30.269Z] : Change(s) is detected in node_modules\lucide-react\dist\esm\icons\handshake.mjs.map of the Web-Client.
[info] [2026-07-25T18:04:30.269Z] : Change(s) is detected in node_modules\lucide-react\dist\esm\icons\hard-drive-download.mjs.map of the Web-Client.
[info] [2026-07-25T18:04:30.269Z] : Change(s) is detected in node_modules\lucide-react\dist\esm\icons\hard-drive-upload.mjs.map of the Web-Client.
[info] [2026-07-25T18:04:30.269Z] : Change(s) is detected in node_modules\lucide-react\dist\esm\icons\hard-drive.mjs.map of the Web-Client.
[info] [2026-07-25T18:04:30.269Z] : Change(s) is detected in node_modules\lucide-react\dist\esm\icons\hard-hat.mjs.map of the Web-Client.
[info] [2026-07-25T18:04:30.269Z] : Change(s) is detected in node_modules\lucide-react\dist\esm\icons\hash.mjs.map of the Web-Client.
[info] [2026-07-25T18:04:30.269Z] : Change(s) is detected in node_modules\lucide-react\dist\esm\icons\hat-glasses.mjs.map of the Web-Client.
[info] [2026-07-25T18:04:30.269Z] : Change(s) is detected in node_modules\lucide-react\dist\esm\icons\haze.mjs.map of the Web-Client.
[info] [2026-07-25T18:04:30.269Z] : Change(s) is detected in node_modules\lucide-react\dist\esm\icons\hd.mjs.map of the Web-Client.
[info] [2026-07-25T18:04:30.269Z] : Change(s) is detected in node_modules\lucide-react\dist\esm\icons\heading-1.mjs.map of the Web-Client.
[info] [2026-07-25T18:04:30.269Z] : Change(s) is detected in node_modules\lucide-react\dist\esm\icons\hdmi-port.mjs.map of the Web-Client.
[info] [2026-07-25T18:04:30.270Z] : Change(s) is detected in dist\index.html of the Web-Client.
[info] [2026-07-25T18:04:30.270Z] : Deletion of file(s) is detected in dist\assets\index-Bg7CPq1r.js of the Web-Client.
[info] [2026-07-25T18:04:30.270Z] : Deletion of file(s) is detected in dist\assets\index-CGUKCqTE.css of the Web-Client.
[info] [2026-07-25T18:04:30.270Z] : Deletion of file(s) is detected in dist\favicon.svg of the Web-Client.
[info] [2026-07-25T18:04:30.270Z] : Deletion of file(s) is detected in dist\index.html of the Web-Client.
[info] [2026-07-25T18:04:30.270Z] : Addition of file(s) is detected in dist\logo.svg of the Web-Client.
[info] [2026-07-25T18:04:30.270Z] : Addition of file(s) is detected in dist\assets\index-CReRAE1Q.css of the Web-Client.
[info] [2026-07-25T18:04:30.270Z] : Addition of file(s) is detected in dist\assets\index-DtYHLmom.js of the Web-Client.
[info] [2026-07-25T18:04:30.270Z] : Addition of file(s) is detected in dist\index.html of the Web-Client.
[info] [2026-07-25T18:04:30.270Z] : [1785002670122]  "GET"  "/app/.catalyst%5Creload-script.js"
[info] [2026-07-25T18:04:30.433Z] : [1785002670433]  "GET"  "/src/main.tsx"
[debug] [2026-07-25T18:04:45.332Z] : 
[debug] [2026-07-25T18:04:45.333Z] : ----------------------------------------------------------------------
[debug] [2026-07-25T18:04:45.333Z] : Command:      C:\Program Files\nodejs\node.exe C:\Users\Akash\AppData\Roaming\npm\node_modules\zcatalyst-cli\lib\bin\catalyst.js serve --no-watch
[debug] [2026-07-25T18:04:45.333Z] : CLI Version:  1.27.0
[debug] [2026-07-25T18:04:45.333Z] : Platform:     win32
[debug] [2026-07-25T18:04:45.333Z] : Node Version: v24.15.0
[debug] [2026-07-25T18:04:45.333Z] : Time:         Sat Jul 25 2026 23:34:45 GMT+0530 (India Standard Time)
[debug] [2026-07-25T18:04:45.333Z] : ----------------------------------------------------------------------
[debug] [2026-07-25T18:04:45.333Z] : 
[debug] [2026-07-25T18:04:49.530Z] : > authorizing via signed-in user option
[debug] [2026-07-25T18:04:49.531Z] : > command requires scopes: ["ZohoCatalyst.projects.ALL","ZohoCatalyst.apigateway.apis.READ","ZohoCatalyst.apigateway.READ","ZohoCatalyst.segments.ALL","ZohoCatalyst.cache.READ","ZohoCatalyst.cache.CREATE","ZohoCatalyst.cache.DELETE","ZohoCatalyst.projects.ALL","ZohoCatalyst.cron.ALL","ZohoCatalyst.zcql.CREATE","ZohoCatalyst.projects.users.READ","ZohoCatalyst.projects.users.CREATE","ZohoCatalyst.projects.users.DELETE","ZohoCatalyst.projects.users.UPDATE","ZohoCatalyst.authentication.CREATE","ZohoCatalyst.email.CREATE","ZohoCatalyst.tables.ALL","ZohoCatalyst.tables.rows.ALL","ZohoCatalyst.tables.columns.ALL","ZohoCatalyst.tables.bulk.CREATE","ZohoCatalyst.tables.bulk.READ","ZohoCatalyst.folders.ALL","ZohoCatalyst.files.CREATE","ZohoCatalyst.files.READ","ZohoCatalyst.files.DELETE","ZohoCatalyst.functions.ALL","ZohoCatalyst.functions.EXECUTE","ZohoCatalyst.eventlistners.ALL","ZohoCatalyst.eventlisteners.produce","ZohoCatalyst.security.rules.Read","ZohoCatalyst.security.rules.Update","ZohoCatalyst.notifications.mobile","ZohoCatalyst.notifications.web","ZohoCatalyst.search.READ","ZohoCatalyst.mlkit.READ","QuickML.deployment.READ","ZohoCatalyst.pdfshot.execute","ZohoCatalyst.grid.READ","ZohoCatalyst.grid.terminate","ZohoCatalyst.circuits.execution.DELETE","ZohoCatalyst.circuits.execution.READ","ZohoCatalyst.circuits.execute","ZohoCatalyst.appsail.Read","ZohoCatalyst.jobpool.READ","ZohoCatalyst.job.ALL","ZohoCatalyst.nosql.READ","ZohoCatalyst.nosql.rows.ALL"]
[debug] [2026-07-25T18:04:49.611Z] : >>>> HTTP REQUEST : GET https://api.catalyst.zoho.in/baas/v1/project/53638000000013024 

[debug] [2026-07-25T18:04:49.772Z] : <<<< HTTP RESPONSE : 200
Response Headers: {"server":"ZGS","date":"Sat, 25 Jul 2026 18:04:49 GMT","content-type":"application/vnd.catalyst.v2+json","transfer-encoding":"chunked","connection":"keep-alive","x-content-type-options":"nosniff","cache-control":"private,no-cache,no-store,max-age=0,must-revalidate","pragma":"no-cache","expires":"Thu, 01 Jan 1970 00:00:00 GMT","x-frame-options":"DENY","strict-transport-security":"max-age=64072000; includeSubDomains; preload"}

[debug] [2026-07-25T18:04:49.775Z] : >>>> HTTP REQUEST : GET https://api.catalyst.zoho.in/baas/v1/project/53638000000013024/environment 

[debug] [2026-07-25T18:04:49.819Z] : <<<< HTTP RESPONSE : 200
Response Headers: {"server":"ZGS","date":"Sat, 25 Jul 2026 18:04:49 GMT","content-type":"application/vnd.catalyst.v2+json","transfer-encoding":"chunked","connection":"keep-alive","x-content-type-options":"nosniff","cache-control":"private,no-cache,no-store,max-age=0,must-revalidate","pragma":"no-cache","expires":"Thu, 01 Jan 1970 00:00:00 GMT","x-frame-options":"DENY","strict-transport-security":"max-age=64072000; includeSubDomains; preload"}

[debug] [2026-07-25T18:04:50.026Z] : Build folder already exists, starting cleanup
[debug] [2026-07-25T18:04:50.043Z] : >>>> HTTP REQUEST : GET https://api.catalyst.zoho.in/baas/get-details 
Query params: {"feature_name":"runtime"}

[debug] [2026-07-25T18:04:50.082Z] : <<<< HTTP RESPONSE : 200
Response Headers: {"server":"ZGS","date":"Sat, 25 Jul 2026 18:04:50 GMT","content-type":"application/vnd.catalyst.v2+json","transfer-encoding":"chunked","connection":"keep-alive","x-content-type-options":"nosniff","cache-control":"private,no-cache,no-store,max-age=0,must-revalidate","pragma":"no-cache","expires":"Thu, 01 Jan 1970 00:00:00 GMT","x-frame-options":"DENY","strict-transport-security":"max-age=64072000; includeSubDomains; preload"}

[debug] [2026-07-25T18:04:50.087Z] : >>>> HTTP REQUEST : GET https://api.catalyst.zoho.in/baas/v1/project/53638000000013024/function 
Query params: {"type":"basicio,event,cron,applogic,integration,browser_logic,job"}

[debug] [2026-07-25T18:04:50.130Z] : <<<< HTTP RESPONSE : 200
Response Headers: {"server":"ZGS","date":"Sat, 25 Jul 2026 18:04:50 GMT","content-type":"application/vnd.catalyst.v2+json","transfer-encoding":"chunked","connection":"keep-alive","x-content-type-options":"nosniff","cache-control":"private,no-cache,no-store,max-age=0,must-revalidate","pragma":"no-cache","expires":"Thu, 01 Jan 1970 00:00:00 GMT","x-frame-options":"DENY","strict-transport-security":"max-age=64072000; includeSubDomains; preload"}

[debug] [2026-07-25T18:04:50.134Z] : unknown eol undefined hence skipping check
[debug] [2026-07-25T18:04:50.134Z] : unknown eol undefined hence skipping check
[debug] [2026-07-25T18:04:50.134Z] : unknown eol undefined hence skipping check
[debug] [2026-07-25T18:04:50.134Z] : unknown eol undefined hence skipping check
[debug] [2026-07-25T18:04:50.134Z] : unknown eol undefined hence skipping check
[debug] [2026-07-25T18:04:50.135Z] : unknown eol undefined hence skipping check
[debug] [2026-07-25T18:04:50.141Z] : Node binary for stack node18 is at C:\Program Files\nodejs\node.exe
[debug] [2026-07-25T18:05:10.555Z] : http port : '4200' is not available. Hence port '4201' will be used instead.
[debug] [2026-07-25T18:05:10.555Z] : http port : '4200' is not available. Hence port '4202' will be used instead.
[debug] [2026-07-25T18:05:10.555Z] : http port : '4200' is not available. Hence port '4203' will be used instead.
[debug] [2026-07-25T18:05:10.555Z] : http port : '4200' is not available. Hence port '4204' will be used instead.
[warn] [2026-07-25T18:05:10.555Z] : ‼ skipping serve of function [intelligence-service] since unable to locate python3.9 with the given binary path
[debug] [2026-07-25T18:05:10.779Z] : No API Gateway configuration found. Skipping API Gateway rules
[info] [2026-07-25T18:05:10.781Z] : 
[info] [2026-07-25T18:05:10.782Z] :  >>>>>>>>>>>>>> Basic I/O <<<<<<<<<<<<< 
[info] [2026-07-25T18:05:10.782Z] : i intake-incident: http://localhost:3000/server/intake-incident/execute
[info] [2026-07-25T18:05:10.782Z] : i role-view      : http://localhost:3000/server/role-view/execute
[info] [2026-07-25T18:05:10.782Z] : i flags          : http://localhost:3000/server/flags/execute
[info] [2026-07-25T18:05:10.782Z] : i review-decision: http://localhost:3000/server/review-decision/execute
[info] [2026-07-25T18:05:10.782Z] : i dgp-summary    : http://localhost:3000/server/dgp-summary/execute
[info] [2026-07-25T18:05:10.783Z] : 
[info] [2026-07-25T18:05:10.783Z] : 
[info] [2026-07-25T18:05:10.783Z] :  >>>>>>>>>>>>> Web Client <<<<<<<<<<<<
[info] [2026-07-25T18:05:10.783Z] : i client[ksp-crime-intel-client]: http://localhost:3000/app/
[info] [2026-07-25T18:05:10.783Z] : 
[info] [2026-07-25T18:05:53.814Z] : [1785002753814]  "GET"  "/app/"
[info] [2026-07-25T18:05:53.847Z] : [1785002753847]  "GET"  "/src/main.tsx"
[info] [2026-07-25T18:07:09.944Z] : [1785002829943]  "GET"  "/app/"
[info] [2026-07-25T18:07:09.989Z] : [1785002829988]  "GET"  "/src/main.tsx"
[debug] [2026-07-25T18:09:36.079Z] : 
[debug] [2026-07-25T18:09:36.080Z] : ----------------------------------------------------------------------
[debug] [2026-07-25T18:09:36.080Z] : Command:      C:\Program Files\nodejs\node.exe C:\Users\Akash\AppData\Roaming\npm\node_modules\zcatalyst-cli\lib\bin\catalyst.js serve --no-watch
[debug] [2026-07-25T18:09:36.080Z] : CLI Version:  1.27.0
[debug] [2026-07-25T18:09:36.080Z] : Platform:     win32
[debug] [2026-07-25T18:09:36.080Z] : Node Version: v24.15.0
[debug] [2026-07-25T18:09:36.080Z] : Time:         Sat Jul 25 2026 23:39:36 GMT+0530 (India Standard Time)
[debug] [2026-07-25T18:09:36.080Z] : ----------------------------------------------------------------------
[debug] [2026-07-25T18:09:36.080Z] : 
[debug] [2026-07-25T18:09:38.185Z] : > authorizing via signed-in user option
[debug] [2026-07-25T18:09:38.186Z] : > command requires scopes: ["ZohoCatalyst.projects.ALL","ZohoCatalyst.apigateway.apis.READ","ZohoCatalyst.apigateway.READ","ZohoCatalyst.segments.ALL","ZohoCatalyst.cache.READ","ZohoCatalyst.cache.CREATE","ZohoCatalyst.cache.DELETE","ZohoCatalyst.projects.ALL","ZohoCatalyst.cron.ALL","ZohoCatalyst.zcql.CREATE","ZohoCatalyst.projects.users.READ","ZohoCatalyst.projects.users.CREATE","ZohoCatalyst.projects.users.DELETE","ZohoCatalyst.projects.users.UPDATE","ZohoCatalyst.authentication.CREATE","ZohoCatalyst.email.CREATE","ZohoCatalyst.tables.ALL","ZohoCatalyst.tables.rows.ALL","ZohoCatalyst.tables.columns.ALL","ZohoCatalyst.tables.bulk.CREATE","ZohoCatalyst.tables.bulk.READ","ZohoCatalyst.folders.ALL","ZohoCatalyst.files.CREATE","ZohoCatalyst.files.READ","ZohoCatalyst.files.DELETE","ZohoCatalyst.functions.ALL","ZohoCatalyst.functions.EXECUTE","ZohoCatalyst.eventlistners.ALL","ZohoCatalyst.eventlisteners.produce","ZohoCatalyst.security.rules.Read","ZohoCatalyst.security.rules.Update","ZohoCatalyst.notifications.mobile","ZohoCatalyst.notifications.web","ZohoCatalyst.search.READ","ZohoCatalyst.mlkit.READ","QuickML.deployment.READ","ZohoCatalyst.pdfshot.execute","ZohoCatalyst.grid.READ","ZohoCatalyst.grid.terminate","ZohoCatalyst.circuits.execution.DELETE","ZohoCatalyst.circuits.execution.READ","ZohoCatalyst.circuits.execute","ZohoCatalyst.appsail.Read","ZohoCatalyst.jobpool.READ","ZohoCatalyst.job.ALL","ZohoCatalyst.nosql.READ","ZohoCatalyst.nosql.rows.ALL"]
[debug] [2026-07-25T18:09:38.273Z] : >>>> HTTP REQUEST : GET https://api.catalyst.zoho.in/baas/v1/project/53638000000013024 

[debug] [2026-07-25T18:09:38.453Z] : <<<< HTTP RESPONSE : 200
Response Headers: {"server":"ZGS","date":"Sat, 25 Jul 2026 18:09:38 GMT","content-type":"application/vnd.catalyst.v2+json","transfer-encoding":"chunked","connection":"keep-alive","x-content-type-options":"nosniff","cache-control":"private,no-cache,no-store,max-age=0,must-revalidate","pragma":"no-cache","expires":"Thu, 01 Jan 1970 00:00:00 GMT","x-frame-options":"DENY","strict-transport-security":"max-age=64072000; includeSubDomains; preload"}

[debug] [2026-07-25T18:09:38.456Z] : >>>> HTTP REQUEST : GET https://api.catalyst.zoho.in/baas/v1/project/53638000000013024/environment 

[debug] [2026-07-25T18:09:38.497Z] : <<<< HTTP RESPONSE : 200
Response Headers: {"server":"ZGS","date":"Sat, 25 Jul 2026 18:09:38 GMT","content-type":"application/vnd.catalyst.v2+json","transfer-encoding":"chunked","connection":"keep-alive","x-content-type-options":"nosniff","cache-control":"private,no-cache,no-store,max-age=0,must-revalidate","pragma":"no-cache","expires":"Thu, 01 Jan 1970 00:00:00 GMT","x-frame-options":"DENY","strict-transport-security":"max-age=64072000; includeSubDomains; preload"}

[debug] [2026-07-25T18:09:38.635Z] : Build folder already exists, starting cleanup
[debug] [2026-07-25T18:09:38.651Z] : >>>> HTTP REQUEST : GET https://api.catalyst.zoho.in/baas/get-details 
Query params: {"feature_name":"runtime"}

[debug] [2026-07-25T18:09:38.693Z] : <<<< HTTP RESPONSE : 200
Response Headers: {"server":"ZGS","date":"Sat, 25 Jul 2026 18:09:38 GMT","content-type":"application/vnd.catalyst.v2+json","transfer-encoding":"chunked","connection":"keep-alive","x-content-type-options":"nosniff","cache-control":"private,no-cache,no-store,max-age=0,must-revalidate","pragma":"no-cache","expires":"Thu, 01 Jan 1970 00:00:00 GMT","x-frame-options":"DENY","strict-transport-security":"max-age=64072000; includeSubDomains; preload"}

[debug] [2026-07-25T18:09:38.699Z] : >>>> HTTP REQUEST : GET https://api.catalyst.zoho.in/baas/v1/project/53638000000013024/function 
Query params: {"type":"basicio,event,cron,applogic,integration,browser_logic,job"}

[debug] [2026-07-25T18:09:38.745Z] : <<<< HTTP RESPONSE : 200
Response Headers: {"server":"ZGS","date":"Sat, 25 Jul 2026 18:09:38 GMT","content-type":"application/vnd.catalyst.v2+json","transfer-encoding":"chunked","connection":"keep-alive","x-content-type-options":"nosniff","cache-control":"private,no-cache,no-store,max-age=0,must-revalidate","pragma":"no-cache","expires":"Thu, 01 Jan 1970 00:00:00 GMT","x-frame-options":"DENY","strict-transport-security":"max-age=64072000; includeSubDomains; preload"}

[debug] [2026-07-25T18:09:38.746Z] : unknown eol undefined hence skipping check
[debug] [2026-07-25T18:09:38.746Z] : unknown eol undefined hence skipping check
[debug] [2026-07-25T18:09:38.747Z] : unknown eol undefined hence skipping check
[debug] [2026-07-25T18:09:38.747Z] : unknown eol undefined hence skipping check
[debug] [2026-07-25T18:09:38.747Z] : unknown eol undefined hence skipping check
[debug] [2026-07-25T18:09:38.747Z] : unknown eol undefined hence skipping check
[debug] [2026-07-25T18:09:38.754Z] : Node binary for stack node18 is at C:\Program Files\nodejs\node.exe
[debug] [2026-07-25T18:09:55.639Z] : http port : '4200' is not available. Hence port '4201' will be used instead.
[debug] [2026-07-25T18:09:55.640Z] : http port : '4200' is not available. Hence port '4202' will be used instead.
[debug] [2026-07-25T18:09:55.640Z] : http port : '4200' is not available. Hence port '4203' will be used instead.
[debug] [2026-07-25T18:09:55.640Z] : http port : '4200' is not available. Hence port '4204' will be used instead.
[warn] [2026-07-25T18:09:55.640Z] : ‼ skipping serve of function [intelligence-service] since unable to locate python3.9 with the given binary path
[debug] [2026-07-25T18:09:55.864Z] : No API Gateway configuration found. Skipping API Gateway rules
[info] [2026-07-25T18:09:55.865Z] : 
[info] [2026-07-25T18:09:55.866Z] :  >>>>>>>>>>>>>> Basic I/O <<<<<<<<<<<<< 
[info] [2026-07-25T18:09:55.866Z] : i intake-incident: http://localhost:3000/server/intake-incident/execute
[info] [2026-07-25T18:09:55.866Z] : i role-view      : http://localhost:3000/server/role-view/execute
[info] [2026-07-25T18:09:55.866Z] : i flags          : http://localhost:3000/server/flags/execute
[info] [2026-07-25T18:09:55.866Z] : i review-decision: http://localhost:3000/server/review-decision/execute
[info] [2026-07-25T18:09:55.866Z] : i dgp-summary    : http://localhost:3000/server/dgp-summary/execute
[info] [2026-07-25T18:09:55.866Z] : 
[info] [2026-07-25T18:09:55.867Z] : 
[info] [2026-07-25T18:09:55.867Z] :  >>>>>>>>>>>>> Web Client <<<<<<<<<<<<
[info] [2026-07-25T18:09:55.867Z] : i client[ksp-crime-intel-client]: http://localhost:3000/app/
[info] [2026-07-25T18:09:55.867Z] : 
[info] [2026-07-25T18:10:24.760Z] : [1785003024760]  "GET"  "/app/"
[info] [2026-07-25T18:10:24.782Z] : [1785003024781]  "GET"  "/src/main.tsx"
[info] [2026-07-25T18:10:26.265Z] : [1785003026265]  "GET"  "/app/"
[info] [2026-07-25T18:10:26.570Z] : [1785003026570]  "GET"  "/src/main.tsx"
[info] [2026-07-25T18:10:33.080Z] : [1785003033080]  "GET"  "/app/"
[info] [2026-07-25T18:10:33.102Z] : [1785003033101]  "GET"  "/src/main.tsx"
[debug] [2026-07-25T18:12:13.885Z] : 
[debug] [2026-07-25T18:12:13.887Z] : ----------------------------------------------------------------------
[debug] [2026-07-25T18:12:13.887Z] : Command:      C:\Program Files\nodejs\node.exe C:\Users\Akash\AppData\Roaming\npm\node_modules\zcatalyst-cli\lib\bin\catalyst.js serve --no-watch
[debug] [2026-07-25T18:12:13.887Z] : CLI Version:  1.27.0
[debug] [2026-07-25T18:12:13.887Z] : Platform:     win32
[debug] [2026-07-25T18:12:13.887Z] : Node Version: v24.15.0
[debug] [2026-07-25T18:12:13.887Z] : Time:         Sat Jul 25 2026 23:42:13 GMT+0530 (India Standard Time)
[debug] [2026-07-25T18:12:13.887Z] : ----------------------------------------------------------------------
[debug] [2026-07-25T18:12:13.887Z] : 
[debug] [2026-07-25T18:12:18.282Z] : > authorizing via signed-in user option
[debug] [2026-07-25T18:12:18.285Z] : > command requires scopes: ["ZohoCatalyst.projects.ALL","ZohoCatalyst.apigateway.apis.READ","ZohoCatalyst.apigateway.READ","ZohoCatalyst.segments.ALL","ZohoCatalyst.cache.READ","ZohoCatalyst.cache.CREATE","ZohoCatalyst.cache.DELETE","ZohoCatalyst.projects.ALL","ZohoCatalyst.cron.ALL","ZohoCatalyst.zcql.CREATE","ZohoCatalyst.projects.users.READ","ZohoCatalyst.projects.users.CREATE","ZohoCatalyst.projects.users.DELETE","ZohoCatalyst.projects.users.UPDATE","ZohoCatalyst.authentication.CREATE","ZohoCatalyst.email.CREATE","ZohoCatalyst.tables.ALL","ZohoCatalyst.tables.rows.ALL","ZohoCatalyst.tables.columns.ALL","ZohoCatalyst.tables.bulk.CREATE","ZohoCatalyst.tables.bulk.READ","ZohoCatalyst.folders.ALL","ZohoCatalyst.files.CREATE","ZohoCatalyst.files.READ","ZohoCatalyst.files.DELETE","ZohoCatalyst.functions.ALL","ZohoCatalyst.functions.EXECUTE","ZohoCatalyst.eventlistners.ALL","ZohoCatalyst.eventlisteners.produce","ZohoCatalyst.security.rules.Read","ZohoCatalyst.security.rules.Update","ZohoCatalyst.notifications.mobile","ZohoCatalyst.notifications.web","ZohoCatalyst.search.READ","ZohoCatalyst.mlkit.READ","QuickML.deployment.READ","ZohoCatalyst.pdfshot.execute","ZohoCatalyst.grid.READ","ZohoCatalyst.grid.terminate","ZohoCatalyst.circuits.execution.DELETE","ZohoCatalyst.circuits.execution.READ","ZohoCatalyst.circuits.execute","ZohoCatalyst.appsail.Read","ZohoCatalyst.jobpool.READ","ZohoCatalyst.job.ALL","ZohoCatalyst.nosql.READ","ZohoCatalyst.nosql.rows.ALL"]
[debug] [2026-07-25T18:12:18.425Z] : >>>> HTTP REQUEST : GET https://api.catalyst.zoho.in/baas/v1/project/53638000000013024 

[debug] [2026-07-25T18:12:18.650Z] : <<<< HTTP RESPONSE : 200
Response Headers: {"server":"ZGS","date":"Sat, 25 Jul 2026 18:12:18 GMT","content-type":"application/vnd.catalyst.v2+json","transfer-encoding":"chunked","connection":"keep-alive","x-content-type-options":"nosniff","cache-control":"private,no-cache,no-store,max-age=0,must-revalidate","pragma":"no-cache","expires":"Thu, 01 Jan 1970 00:00:00 GMT","x-frame-options":"DENY","strict-transport-security":"max-age=64072000; includeSubDomains; preload"}

[debug] [2026-07-25T18:12:18.655Z] : >>>> HTTP REQUEST : GET https://api.catalyst.zoho.in/baas/v1/project/53638000000013024/environment 

[debug] [2026-07-25T18:12:18.717Z] : <<<< HTTP RESPONSE : 200
Response Headers: {"server":"ZGS","date":"Sat, 25 Jul 2026 18:12:18 GMT","content-type":"application/vnd.catalyst.v2+json","transfer-encoding":"chunked","connection":"keep-alive","x-content-type-options":"nosniff","cache-control":"private,no-cache,no-store,max-age=0,must-revalidate","pragma":"no-cache","expires":"Thu, 01 Jan 1970 00:00:00 GMT","x-frame-options":"DENY","strict-transport-security":"max-age=64072000; includeSubDomains; preload"}

[debug] [2026-07-25T18:12:19.223Z] : Build folder already exists, starting cleanup
[debug] [2026-07-25T18:12:19.302Z] : >>>> HTTP REQUEST : GET https://api.catalyst.zoho.in/baas/get-details 
Query params: {"feature_name":"runtime"}

[debug] [2026-07-25T18:12:19.433Z] : <<<< HTTP RESPONSE : 200
Response Headers: {"server":"ZGS","date":"Sat, 25 Jul 2026 18:12:19 GMT","content-type":"application/vnd.catalyst.v2+json","transfer-encoding":"chunked","connection":"keep-alive","x-content-type-options":"nosniff","cache-control":"private,no-cache,no-store,max-age=0,must-revalidate","pragma":"no-cache","expires":"Thu, 01 Jan 1970 00:00:00 GMT","x-frame-options":"DENY","strict-transport-security":"max-age=64072000; includeSubDomains; preload"}

[debug] [2026-07-25T18:12:19.442Z] : >>>> HTTP REQUEST : GET https://api.catalyst.zoho.in/baas/v1/project/53638000000013024/function 
Query params: {"type":"basicio,event,cron,applogic,integration,browser_logic,job"}

[debug] [2026-07-25T18:12:19.487Z] : <<<< HTTP RESPONSE : 200
Response Headers: {"server":"ZGS","date":"Sat, 25 Jul 2026 18:12:19 GMT","content-type":"application/vnd.catalyst.v2+json","transfer-encoding":"chunked","connection":"keep-alive","x-content-type-options":"nosniff","cache-control":"private,no-cache,no-store,max-age=0,must-revalidate","pragma":"no-cache","expires":"Thu, 01 Jan 1970 00:00:00 GMT","x-frame-options":"DENY","strict-transport-security":"max-age=64072000; includeSubDomains; preload"}

[debug] [2026-07-25T18:12:19.490Z] : unknown eol undefined hence skipping check
[debug] [2026-07-25T18:12:19.490Z] : unknown eol undefined hence skipping check
[debug] [2026-07-25T18:12:19.491Z] : unknown eol undefined hence skipping check
[debug] [2026-07-25T18:12:19.492Z] : unknown eol undefined hence skipping check
[debug] [2026-07-25T18:12:19.492Z] : unknown eol undefined hence skipping check
[debug] [2026-07-25T18:12:19.492Z] : unknown eol undefined hence skipping check
[debug] [2026-07-25T18:12:19.526Z] : Node binary for stack node18 is at C:\Program Files\nodejs\node.exe
[debug] [2026-07-25T18:12:40.994Z] : http port : '4200' is not available. Hence port '4201' will be used instead.
[debug] [2026-07-25T18:12:40.995Z] : http port : '4200' is not available. Hence port '4202' will be used instead.
[debug] [2026-07-25T18:12:40.995Z] : http port : '4200' is not available. Hence port '4203' will be used instead.
[debug] [2026-07-25T18:12:40.995Z] : http port : '4200' is not available. Hence port '4204' will be used instead.
[warn] [2026-07-25T18:12:40.997Z] : ‼ skipping serve of function [intelligence-service] since unable to locate python3.9 with the given binary path
[debug] [2026-07-25T18:12:41.290Z] : No API Gateway configuration found. Skipping API Gateway rules
[info] [2026-07-25T18:12:41.294Z] : 
[info] [2026-07-25T18:12:41.295Z] :  >>>>>>>>>>>>>> Basic I/O <<<<<<<<<<<<< 
[info] [2026-07-25T18:12:41.295Z] : i intake-incident: http://localhost:3000/server/intake-incident/execute
[info] [2026-07-25T18:12:41.296Z] : i role-view      : http://localhost:3000/server/role-view/execute
[info] [2026-07-25T18:12:41.296Z] : i flags          : http://localhost:3000/server/flags/execute
[info] [2026-07-25T18:12:41.296Z] : i review-decision: http://localhost:3000/server/review-decision/execute
[info] [2026-07-25T18:12:41.296Z] : i dgp-summary    : http://localhost:3000/server/dgp-summary/execute
[info] [2026-07-25T18:12:41.296Z] : 
[info] [2026-07-25T18:12:41.296Z] : 
[info] [2026-07-25T18:12:41.296Z] :  >>>>>>>>>>>>> Web Client <<<<<<<<<<<<
[info] [2026-07-25T18:12:41.296Z] : i client[ksp-crime-intel-client]: http://localhost:3000/app/
[info] [2026-07-25T18:12:41.296Z] : 
[info] [2026-07-25T18:13:20.900Z] : [1785003200900]  "GET"  "/app/"
[info] [2026-07-25T18:13:20.965Z] : [1785003200965]  "GET"  "/app/assets/index-CFyG8zhQ.js"
[info] [2026-07-25T18:13:21.164Z] : [1785003201164]  "GET"  "/app/assets/index-CReRAE1Q.css"
[info] [2026-07-25T18:13:21.555Z] : [1785003201555]  "GET"  "/logo.svg"
[info] [2026-07-25T18:13:22.308Z] : [1785003202308]  "GET"  "/app/logo.svg"
[info] [2026-07-25T18:13:27.975Z] : [1785003207975]  "GET"  "/logo.svg"
[info] [2026-07-25T18:13:39.267Z] : [1785003219267]  "GET"  "/dashboard"
[info] [2026-07-25T18:13:39.580Z] : [1785003219579]  "GET"  "/favicon.ico"
[info] [2026-07-25T18:13:40.543Z] : [1785003220543]  "GET"  "/dashboard"
[info] [2026-07-25T18:13:41.385Z] : [1785003221385]  "GET"  "/dashboard"
[info] [2026-07-25T18:13:53.309Z] : [1785003233309]  "GET"  "/"
[info] [2026-07-25T18:13:53.322Z] : [1785003233322]  "GET"  "/app/"
[info] [2026-07-25T18:13:53.612Z] : [1785003233612]  "GET"  "/app/assets/index-CReRAE1Q.css"
[info] [2026-07-25T18:13:53.659Z] : [1785003233659]  "GET"  "/app/assets/index-CFyG8zhQ.js"
[info] [2026-07-25T18:13:54.020Z] : [1785003234020]  "GET"  "/logo.svg"
[info] [2026-07-25T18:13:54.271Z] : [1785003234270]  "GET"  "/app/logo.svg"
[info] [2026-07-25T18:13:58.830Z] : [1785003238829]  "GET"  "/logo.svg"
[info] [2026-07-25T18:14:17.326Z] : [1785003257326]  "GET"  "/logo.svg"
[debug] [2026-07-25T18:16:18.060Z] : 
[debug] [2026-07-25T18:16:18.061Z] : ----------------------------------------------------------------------
[debug] [2026-07-25T18:16:18.061Z] : Command:      C:\Program Files\nodejs\node.exe C:\Users\Akash\AppData\Roaming\npm\node_modules\zcatalyst-cli\lib\bin\catalyst.js serve --no-watch
[debug] [2026-07-25T18:16:18.061Z] : CLI Version:  1.27.0
[debug] [2026-07-25T18:16:18.061Z] : Platform:     win32
[debug] [2026-07-25T18:16:18.061Z] : Node Version: v24.15.0
[debug] [2026-07-25T18:16:18.061Z] : Time:         Sat Jul 25 2026 23:46:18 GMT+0530 (India Standard Time)
[debug] [2026-07-25T18:16:18.061Z] : ----------------------------------------------------------------------
[debug] [2026-07-25T18:16:18.061Z] : 
[debug] [2026-07-25T18:16:20.342Z] : > authorizing via signed-in user option
[debug] [2026-07-25T18:16:20.342Z] : > command requires scopes: ["ZohoCatalyst.projects.ALL","ZohoCatalyst.apigateway.apis.READ","ZohoCatalyst.apigateway.READ","ZohoCatalyst.segments.ALL","ZohoCatalyst.cache.READ","ZohoCatalyst.cache.CREATE","ZohoCatalyst.cache.DELETE","ZohoCatalyst.projects.ALL","ZohoCatalyst.cron.ALL","ZohoCatalyst.zcql.CREATE","ZohoCatalyst.projects.users.READ","ZohoCatalyst.projects.users.CREATE","ZohoCatalyst.projects.users.DELETE","ZohoCatalyst.projects.users.UPDATE","ZohoCatalyst.authentication.CREATE","ZohoCatalyst.email.CREATE","ZohoCatalyst.tables.ALL","ZohoCatalyst.tables.rows.ALL","ZohoCatalyst.tables.columns.ALL","ZohoCatalyst.tables.bulk.CREATE","ZohoCatalyst.tables.bulk.READ","ZohoCatalyst.folders.ALL","ZohoCatalyst.files.CREATE","ZohoCatalyst.files.READ","ZohoCatalyst.files.DELETE","ZohoCatalyst.functions.ALL","ZohoCatalyst.functions.EXECUTE","ZohoCatalyst.eventlistners.ALL","ZohoCatalyst.eventlisteners.produce","ZohoCatalyst.security.rules.Read","ZohoCatalyst.security.rules.Update","ZohoCatalyst.notifications.mobile","ZohoCatalyst.notifications.web","ZohoCatalyst.search.READ","ZohoCatalyst.mlkit.READ","QuickML.deployment.READ","ZohoCatalyst.pdfshot.execute","ZohoCatalyst.grid.READ","ZohoCatalyst.grid.terminate","ZohoCatalyst.circuits.execution.DELETE","ZohoCatalyst.circuits.execution.READ","ZohoCatalyst.circuits.execute","ZohoCatalyst.appsail.Read","ZohoCatalyst.jobpool.READ","ZohoCatalyst.job.ALL","ZohoCatalyst.nosql.READ","ZohoCatalyst.nosql.rows.ALL"]
[debug] [2026-07-25T18:16:20.422Z] : >>>> HTTP REQUEST : GET https://api.catalyst.zoho.in/baas/v1/project/53638000000013024 

[debug] [2026-07-25T18:16:20.576Z] : <<<< HTTP RESPONSE : 200
Response Headers: {"server":"ZGS","date":"Sat, 25 Jul 2026 18:16:20 GMT","content-type":"application/vnd.catalyst.v2+json","transfer-encoding":"chunked","connection":"keep-alive","x-content-type-options":"nosniff","cache-control":"private,no-cache,no-store,max-age=0,must-revalidate","pragma":"no-cache","expires":"Thu, 01 Jan 1970 00:00:00 GMT","x-frame-options":"DENY","strict-transport-security":"max-age=64072000; includeSubDomains; preload"}

[debug] [2026-07-25T18:16:20.580Z] : >>>> HTTP REQUEST : GET https://api.catalyst.zoho.in/baas/v1/project/53638000000013024/environment 

[debug] [2026-07-25T18:16:20.619Z] : <<<< HTTP RESPONSE : 200
Response Headers: {"server":"ZGS","date":"Sat, 25 Jul 2026 18:16:20 GMT","content-type":"application/vnd.catalyst.v2+json","transfer-encoding":"chunked","connection":"keep-alive","x-content-type-options":"nosniff","cache-control":"private,no-cache,no-store,max-age=0,must-revalidate","pragma":"no-cache","expires":"Thu, 01 Jan 1970 00:00:00 GMT","x-frame-options":"DENY","strict-transport-security":"max-age=64072000; includeSubDomains; preload"}

[debug] [2026-07-25T18:16:20.750Z] : Build folder already exists, starting cleanup
[debug] [2026-07-25T18:16:20.765Z] : >>>> HTTP REQUEST : GET https://api.catalyst.zoho.in/baas/get-details 
Query params: {"feature_name":"runtime"}

[debug] [2026-07-25T18:16:20.804Z] : <<<< HTTP RESPONSE : 200
Response Headers: {"server":"ZGS","date":"Sat, 25 Jul 2026 18:16:20 GMT","content-type":"application/vnd.catalyst.v2+json","transfer-encoding":"chunked","connection":"keep-alive","x-content-type-options":"nosniff","cache-control":"private,no-cache,no-store,max-age=0,must-revalidate","pragma":"no-cache","expires":"Thu, 01 Jan 1970 00:00:00 GMT","x-frame-options":"DENY","strict-transport-security":"max-age=64072000; includeSubDomains; preload"}

[debug] [2026-07-25T18:16:20.809Z] : >>>> HTTP REQUEST : GET https://api.catalyst.zoho.in/baas/v1/project/53638000000013024/function 
Query params: {"type":"basicio,event,cron,applogic,integration,browser_logic,job"}

[debug] [2026-07-25T18:16:20.852Z] : <<<< HTTP RESPONSE : 200
Response Headers: {"server":"ZGS","date":"Sat, 25 Jul 2026 18:16:20 GMT","content-type":"application/vnd.catalyst.v2+json","transfer-encoding":"chunked","connection":"keep-alive","x-content-type-options":"nosniff","cache-control":"private,no-cache,no-store,max-age=0,must-revalidate","pragma":"no-cache","expires":"Thu, 01 Jan 1970 00:00:00 GMT","x-frame-options":"DENY","strict-transport-security":"max-age=64072000; includeSubDomains; preload"}

[debug] [2026-07-25T18:16:20.854Z] : unknown eol undefined hence skipping check
[debug] [2026-07-25T18:16:20.854Z] : unknown eol undefined hence skipping check
[debug] [2026-07-25T18:16:20.854Z] : unknown eol undefined hence skipping check
[debug] [2026-07-25T18:16:20.854Z] : unknown eol undefined hence skipping check
[debug] [2026-07-25T18:16:20.854Z] : unknown eol undefined hence skipping check
[debug] [2026-07-25T18:16:20.854Z] : unknown eol undefined hence skipping check
[debug] [2026-07-25T18:16:20.864Z] : Node binary for stack node18 is at C:\Program Files\nodejs\node.exe
[debug] [2026-07-25T18:16:37.724Z] : http port : '4200' is not available. Hence port '4201' will be used instead.
[debug] [2026-07-25T18:16:37.724Z] : http port : '4200' is not available. Hence port '4202' will be used instead.
[debug] [2026-07-25T18:16:37.724Z] : http port : '4200' is not available. Hence port '4203' will be used instead.
[debug] [2026-07-25T18:16:37.724Z] : http port : '4200' is not available. Hence port '4204' will be used instead.
[warn] [2026-07-25T18:16:37.725Z] : ‼ skipping serve of function [intelligence-service] since unable to locate python3.9 with the given binary path
[info] [2026-07-25T18:16:37.730Z] : 
[warn] [2026-07-25T18:16:37.730Z] : ‼ Skipping the serve of Client because of the error: client-package.json file was not found.
[info] [2026-07-25T18:16:37.730Z] : 
[debug] [2026-07-25T18:16:37.918Z] : No API Gateway configuration found. Skipping API Gateway rules
[info] [2026-07-25T18:16:37.921Z] : 
[info] [2026-07-25T18:16:37.921Z] :  >>>>>>>>>>>>>> Basic I/O <<<<<<<<<<<<< 
[info] [2026-07-25T18:16:37.922Z] : i intake-incident: http://localhost:3000/server/intake-incident/execute
[info] [2026-07-25T18:16:37.922Z] : i role-view      : http://localhost:3000/server/role-view/execute
[info] [2026-07-25T18:16:37.922Z] : i flags          : http://localhost:3000/server/flags/execute
[info] [2026-07-25T18:16:37.922Z] : i review-decision: http://localhost:3000/server/review-decision/execute
[info] [2026-07-25T18:16:37.922Z] : i dgp-summary    : http://localhost:3000/server/dgp-summary/execute
[info] [2026-07-25T18:16:37.922Z] : 
[debug] [2026-07-25T18:17:27.492Z] : 
[debug] [2026-07-25T18:17:27.493Z] : ----------------------------------------------------------------------
[debug] [2026-07-25T18:17:27.493Z] : Command:      C:\Program Files\nodejs\node.exe C:\Users\Akash\AppData\Roaming\npm\node_modules\zcatalyst-cli\lib\bin\catalyst.js serve --no-watch
[debug] [2026-07-25T18:17:27.493Z] : CLI Version:  1.27.0
[debug] [2026-07-25T18:17:27.493Z] : Platform:     win32
[debug] [2026-07-25T18:17:27.493Z] : Node Version: v24.15.0
[debug] [2026-07-25T18:17:27.493Z] : Time:         Sat Jul 25 2026 23:47:27 GMT+0530 (India Standard Time)
[debug] [2026-07-25T18:17:27.493Z] : ----------------------------------------------------------------------
[debug] [2026-07-25T18:17:27.493Z] : 
[debug] [2026-07-25T18:17:29.413Z] : > authorizing via signed-in user option
[debug] [2026-07-25T18:17:29.414Z] : > command requires scopes: ["ZohoCatalyst.projects.ALL","ZohoCatalyst.apigateway.apis.READ","ZohoCatalyst.apigateway.READ","ZohoCatalyst.segments.ALL","ZohoCatalyst.cache.READ","ZohoCatalyst.cache.CREATE","ZohoCatalyst.cache.DELETE","ZohoCatalyst.projects.ALL","ZohoCatalyst.cron.ALL","ZohoCatalyst.zcql.CREATE","ZohoCatalyst.projects.users.READ","ZohoCatalyst.projects.users.CREATE","ZohoCatalyst.projects.users.DELETE","ZohoCatalyst.projects.users.UPDATE","ZohoCatalyst.authentication.CREATE","ZohoCatalyst.email.CREATE","ZohoCatalyst.tables.ALL","ZohoCatalyst.tables.rows.ALL","ZohoCatalyst.tables.columns.ALL","ZohoCatalyst.tables.bulk.CREATE","ZohoCatalyst.tables.bulk.READ","ZohoCatalyst.folders.ALL","ZohoCatalyst.files.CREATE","ZohoCatalyst.files.READ","ZohoCatalyst.files.DELETE","ZohoCatalyst.functions.ALL","ZohoCatalyst.functions.EXECUTE","ZohoCatalyst.eventlistners.ALL","ZohoCatalyst.eventlisteners.produce","ZohoCatalyst.security.rules.Read","ZohoCatalyst.security.rules.Update","ZohoCatalyst.notifications.mobile","ZohoCatalyst.notifications.web","ZohoCatalyst.search.READ","ZohoCatalyst.mlkit.READ","QuickML.deployment.READ","ZohoCatalyst.pdfshot.execute","ZohoCatalyst.grid.READ","ZohoCatalyst.grid.terminate","ZohoCatalyst.circuits.execution.DELETE","ZohoCatalyst.circuits.execution.READ","ZohoCatalyst.circuits.execute","ZohoCatalyst.appsail.Read","ZohoCatalyst.jobpool.READ","ZohoCatalyst.job.ALL","ZohoCatalyst.nosql.READ","ZohoCatalyst.nosql.rows.ALL"]
[debug] [2026-07-25T18:17:29.492Z] : >>>> HTTP REQUEST : GET https://api.catalyst.zoho.in/baas/v1/project/53638000000013024 

[debug] [2026-07-25T18:17:29.625Z] : <<<< HTTP RESPONSE : 200
Response Headers: {"server":"ZGS","date":"Sat, 25 Jul 2026 18:17:29 GMT","content-type":"application/vnd.catalyst.v2+json","transfer-encoding":"chunked","connection":"keep-alive","x-content-type-options":"nosniff","cache-control":"private,no-cache,no-store,max-age=0,must-revalidate","pragma":"no-cache","expires":"Thu, 01 Jan 1970 00:00:00 GMT","x-frame-options":"DENY","strict-transport-security":"max-age=64072000; includeSubDomains; preload"}

[debug] [2026-07-25T18:17:29.629Z] : >>>> HTTP REQUEST : GET https://api.catalyst.zoho.in/baas/v1/project/53638000000013024/environment 

[debug] [2026-07-25T18:17:29.679Z] : <<<< HTTP RESPONSE : 200
Response Headers: {"server":"ZGS","date":"Sat, 25 Jul 2026 18:17:29 GMT","content-type":"application/vnd.catalyst.v2+json","transfer-encoding":"chunked","connection":"keep-alive","x-content-type-options":"nosniff","cache-control":"private,no-cache,no-store,max-age=0,must-revalidate","pragma":"no-cache","expires":"Thu, 01 Jan 1970 00:00:00 GMT","x-frame-options":"DENY","strict-transport-security":"max-age=64072000; includeSubDomains; preload"}

[debug] [2026-07-25T18:17:29.791Z] : Build folder already exists, starting cleanup
[debug] [2026-07-25T18:17:29.807Z] : >>>> HTTP REQUEST : GET https://api.catalyst.zoho.in/baas/get-details 
Query params: {"feature_name":"runtime"}

[debug] [2026-07-25T18:17:29.846Z] : <<<< HTTP RESPONSE : 200
Response Headers: {"server":"ZGS","date":"Sat, 25 Jul 2026 18:17:29 GMT","content-type":"application/vnd.catalyst.v2+json","transfer-encoding":"chunked","connection":"keep-alive","x-content-type-options":"nosniff","cache-control":"private,no-cache,no-store,max-age=0,must-revalidate","pragma":"no-cache","expires":"Thu, 01 Jan 1970 00:00:00 GMT","x-frame-options":"DENY","strict-transport-security":"max-age=64072000; includeSubDomains; preload"}

[debug] [2026-07-25T18:17:29.849Z] : >>>> HTTP REQUEST : GET https://api.catalyst.zoho.in/baas/v1/project/53638000000013024/function 
Query params: {"type":"basicio,event,cron,applogic,integration,browser_logic,job"}

[debug] [2026-07-25T18:17:29.898Z] : <<<< HTTP RESPONSE : 200
Response Headers: {"server":"ZGS","date":"Sat, 25 Jul 2026 18:17:30 GMT","content-type":"application/vnd.catalyst.v2+json","transfer-encoding":"chunked","connection":"keep-alive","x-content-type-options":"nosniff","cache-control":"private,no-cache,no-store,max-age=0,must-revalidate","pragma":"no-cache","expires":"Thu, 01 Jan 1970 00:00:00 GMT","x-frame-options":"DENY","strict-transport-security":"max-age=64072000; includeSubDomains; preload"}

[debug] [2026-07-25T18:17:29.900Z] : unknown eol undefined hence skipping check
[debug] [2026-07-25T18:17:29.900Z] : unknown eol undefined hence skipping check
[debug] [2026-07-25T18:17:29.900Z] : unknown eol undefined hence skipping check
[debug] [2026-07-25T18:17:29.900Z] : unknown eol undefined hence skipping check
[debug] [2026-07-25T18:17:29.900Z] : unknown eol undefined hence skipping check
[debug] [2026-07-25T18:17:29.901Z] : unknown eol undefined hence skipping check
[debug] [2026-07-25T18:17:29.908Z] : Node binary for stack node18 is at C:\Program Files\nodejs\node.exe
[debug] [2026-07-25T18:17:46.580Z] : http port : '4200' is not available. Hence port '4201' will be used instead.
[debug] [2026-07-25T18:17:46.581Z] : http port : '4200' is not available. Hence port '4202' will be used instead.
[debug] [2026-07-25T18:17:46.581Z] : http port : '4200' is not available. Hence port '4203' will be used instead.
[debug] [2026-07-25T18:17:46.581Z] : http port : '4200' is not available. Hence port '4204' will be used instead.
[warn] [2026-07-25T18:17:46.581Z] : ‼ skipping serve of function [intelligence-service] since unable to locate python3.9 with the given binary path
[debug] [2026-07-25T18:17:46.779Z] : No API Gateway configuration found. Skipping API Gateway rules
[info] [2026-07-25T18:17:46.781Z] : 
[info] [2026-07-25T18:17:46.781Z] :  >>>>>>>>>>>>>> Basic I/O <<<<<<<<<<<<< 
[info] [2026-07-25T18:17:46.782Z] : i intake-incident: http://localhost:3000/server/intake-incident/execute
[info] [2026-07-25T18:17:46.782Z] : i role-view      : http://localhost:3000/server/role-view/execute
[info] [2026-07-25T18:17:46.782Z] : i flags          : http://localhost:3000/server/flags/execute
[info] [2026-07-25T18:17:46.782Z] : i review-decision: http://localhost:3000/server/review-decision/execute
[info] [2026-07-25T18:17:46.782Z] : i dgp-summary    : http://localhost:3000/server/dgp-summary/execute
[info] [2026-07-25T18:17:46.782Z] : 
[info] [2026-07-25T18:17:46.782Z] : 
[info] [2026-07-25T18:17:46.783Z] :  >>>>>>>>>>>>> Web Client <<<<<<<<<<<<
[info] [2026-07-25T18:17:46.783Z] : i client[ksp-crime-intel-client]: http://localhost:3000/app/
[info] [2026-07-25T18:17:46.783Z] : 
[info] [2026-07-25T18:18:19.168Z] : [1785003499168]  "GET"  "/login"
[info] [2026-07-25T18:18:20.354Z] : [1785003500354]  "GET"  "/login"
[info] [2026-07-25T18:18:23.943Z] : [1785003503943]  "GET"  "/"
[info] [2026-07-25T18:18:23.959Z] : [1785003503958]  "GET"  "/app/"
[info] [2026-07-25T18:18:24.245Z] : [1785003504245]  "GET"  "/app/assets/index-CReRAE1Q.css"
[info] [2026-07-25T18:18:24.307Z] : [1785003504307]  "GET"  "/app/assets/index-CYnCtTaV.js"
[info] [2026-07-25T18:18:24.702Z] : [1785003504701]  "GET"  "/app/logo.svg"
[info] [2026-07-25T18:18:24.962Z] : [1785003504962]  "GET"  "/app/logo.svg"
[info] [2026-07-25T18:18:28.204Z] : [1785003508204]  "GET"  "/app/logo.svg"
